# GL1L2  propL1h= 0.00000 propL1J= 1.00000  lambdaPhi= 0.000400000  lambdaPhij= 0.00200000  ungauged  ModAdamMax  learningRate= 0.00600000  betaV= 0.999000  betaM= 0.900000  eps= 1.00000e-06  batchSize=7007  miniBatchSize= 103  stepsPerEpoch= 68.0000
# learningRate.coolingMethod= (1+at)^b  stepsPerEpoch= 1.000000  warmupEpochs= 100.000000  maxLR= 0.00600000  maxLREpochs= 1736.00  constPerEpoch= 0.100000  power= -0.500000
# initial_h: to reproduce observed amino acid frequencies at each site.
# sigma_initial_J for Gaussian: 0.001
# MCMC Kernel: GibbsWithMHStep
# nIndependentMC = 7007  miniBatchSize = 103  for MCMC 
# initial configuration: observed sequence data
# nSamples for each MC run = 1
# nUnits=48  nInitialIterationsPerUnit=0  everyNIterationsPerUnit=10
# initialT = 1.00000  finalT = 1.00000  annealingRate = 0.990000; annealingRate may be adjusted.
# maxExtendedIterations = 1
# minLearningStepsForBestKL = 1744  minLearningSteps = 1836  maxNoLearnings = 91
#
# Frequencies, fia and fijab, are calculated from the effective number of sequences, effectiveNConfigs= 6341.77 .
#
# step	nNonEquil  nExtendedIterations of MC	<KLpi>	<KLpij> over ensemble and 97 minibatch ensembles with pseudocounts= 10.0000
#0	0 0	0.0748038 0.715107	0.00000 0.0641222
0	0 1	0.0748038 0.715107	0.0748038 0.715107
1	0 1	0.0757919 0.710013	0.0411758 0.511942
2	0 1	0.0730186 0.700814	0.0281682 0.409961
3	0 1	0.0712837 0.705821	0.0211504 0.349498
4	0 1	0.0753567 0.707206	0.0170005 0.307076
5	0 1	0.0783679 0.710796	0.0148238 0.279363
6	0 1	0.0766307 0.717241	0.0132073 0.257357
7	0 1	0.0745377 0.704068	0.0116954 0.239178
8	0 1	0.0762095 0.715463	0.0103450 0.224092
9	0 1	0.0715774 0.704690	0.00928222 0.211249
10	0 1	0.0792980 0.718797	0.00833761 0.200752
11	0 1	0.0734328 0.703801	0.00771931 0.191124
12	0 1	0.0674324 0.694300	0.00717560 0.183747
13	0 1	0.0711621 0.705144	0.00675402 0.177614
14	0 1	0.0746491 0.707467	0.00618442 0.171089
15	0 1	0.0745554 0.708619	0.00582999 0.165690
16	0 1	0.0809918 0.722771	0.00546536 0.160635
17	0 1	0.0739033 0.706486	0.00502194 0.155797
18	0 1	0.0764284 0.717995	0.00481018 0.152015
19	0 1	0.0714470 0.707434	0.00448084 0.148266
20	0 1	0.0719889 0.692161	0.00436921 0.145122
21	0 1	0.0702835 0.699850	0.00417937 0.142345
22	0 1	0.0704638 0.704291	0.00391535 0.139225
23	0 1	0.0732863 0.703522	0.00372836 0.136673
24	0 1	0.0714509 0.698774	0.00358987 0.134282
25	0 1	0.0753586 0.704755	0.00339799 0.131929
26	0 1	0.0749676 0.708395	0.00329469 0.129641
27	0 1	0.0742600 0.707045	0.00314249 0.127634
28	0 1	0.0694977 0.696230	0.00308150 0.126031
29	0 1	0.0755140 0.709976	0.00300364 0.124337
30	0 1	0.0756667 0.702322	0.00291027 0.122514
31	0 1	0.0733901 0.700409	0.00282721 0.120945
32	0 1	0.0802128 0.717446	0.00272817 0.119363
33	0 1	0.0811425 0.726422	0.00265946 0.117920
34	0 1	0.0688527 0.694388	0.00259523 0.116716
35	0 1	0.0680634 0.696192	0.00255987 0.115423
36	0 1	0.0728994 0.696749	0.00251422 0.114329
37	0 1	0.0681746 0.687322	0.00243759 0.113093
38	0 1	0.0783922 0.718008	0.00239569 0.112029
39	0 1	0.0726239 0.699028	0.00232366 0.111067
40	0 1	0.0740041 0.705784	0.00226785 0.110120
41	0 1	0.0753960 0.708686	0.00220903 0.109105
42	0 1	0.0733998 0.703476	0.00216775 0.108235
43	0 1	0.0715669 0.700130	0.00210210 0.107343
44	0 1	0.0758554 0.711137	0.00201784 0.106427
45	0 1	0.0754359 0.701754	0.00193093 0.105539
46	0 1	0.0766546 0.715705	0.00192701 0.104789
47	0 1	0.0816264 0.721526	0.00189724 0.104029
48	0 1	0.0732112 0.704533	0.00186164 0.103320
49	0 1	0.0670131 0.692545	0.00181914 0.102484
50	0 1	0.0750255 0.710566	0.00177255 0.101787
51	0 1	0.0718129 0.705294	0.00173726 0.101244
52	0 1	0.0692042 0.693644	0.00168979 0.100546
53	0 1	0.0690352 0.692467	0.00164416 0.0998813
54	0 1	0.0721417 0.700740	0.00162693 0.0992609
55	0 1	0.0747134 0.706885	0.00157660 0.0986400
56	0 1	0.0749266 0.705750	0.00154895 0.0980671
57	0 1	0.0781437 0.716751	0.00153646 0.0975772
58	0 1	0.0775451 0.714868	0.00149628 0.0971512
59	0 1	0.0707940 0.704255	0.00147966 0.0966343
60	0 1	0.0720024 0.699685	0.00144152 0.0960810
61	0 1	0.0710817 0.700322	0.00142290 0.0955680
62	0 1	0.0779390 0.714307	0.00140427 0.0951236
63	0 1	0.0807030 0.727989	0.00137757 0.0945946
64	0 1	0.0786026 0.718107	0.00137526 0.0942159
65	0 1	0.0742181 0.705267	0.00135656 0.0938036
66	0 1	0.0716872 0.700727	0.00132608 0.0933433
67	0 1	0.0777225 0.707829	0.00130556 0.0929066
68	0 1	0.0720784 0.711616	0.00128717 0.0925424
69	0 1	0.0737422 0.702813	0.00128225 0.0921931
70	0 1	0.0698132 0.695726	0.00127188 0.0918754
71	0 1	0.0739505 0.702076	0.00126162 0.0914420
72	0 1	0.0746456 0.699584	0.00125817 0.0911909
73	0 1	0.0730082 0.704653	0.00123554 0.0907914
74	0 1	0.0758139 0.713141	0.00122113 0.0904079
75	0 1	0.0727554 0.700199	0.00121064 0.0901063
76	0 1	0.0772559 0.710449	0.00120020 0.0897786
77	0 1	0.0714614 0.695707	0.00118556 0.0894667
78	0 1	0.0762374 0.705877	0.00116360 0.0891869
79	0 1	0.0778894 0.714356	0.00115455 0.0888506
80	0 1	0.0804173 0.714466	0.00113688 0.0885415
81	0 1	0.0725963 0.699945	0.00111181 0.0881842
82	0 1	0.0776211 0.710802	0.00110538 0.0878561
83	0 1	0.0746877 0.699862	0.00108916 0.0875251
84	0 1	0.0740893 0.704089	0.00107077 0.0872346
85	0 1	0.0784998 0.710378	0.00107309 0.0870125
86	0 1	0.0733395 0.703956	0.00105660 0.0867389
87	0 1	0.0760068 0.712100	0.00105213 0.0864649
88	0 1	0.0769549 0.708785	0.00103669 0.0862172
89	0 1	0.0697302 0.692666	0.00101715 0.0859769
90	0 1	0.0727086 0.697973	0.00100771 0.0857360
91	0 1	0.0774462 0.706446	0.000984665 0.0854318
92	0 1	0.0721341 0.694782	0.000972840 0.0852106
93	0 1	0.0710129 0.689226	0.000960063 0.0849997
94	0 1	0.0774204 0.711855	0.000947480 0.0847395
95	0 1	0.0758598 0.705550	0.000940199 0.0844985
96	0 1	0.0751694 0.710003	0.000944901 0.0843341
97	0 1	0.0693002 0.692109	0.000932772 0.0842838
98	0 1	0.0735650 0.707548	0.000917599 0.0842374
99	0 1	0.0766725 0.712738	0.000908174 0.0841759
100	0 1	0.0692305 0.693786	0.000930124 0.0842294
101	0 1	0.0767049 0.713738	0.000929509 0.0841662
102	0 1	0.0725371 0.702396	0.000927221 0.0840949
103	0 1	0.0769629 0.710546	0.000919899 0.0840570
104	0 1	0.0744938 0.700616	0.000937859 0.0840856
105	0 1	0.0781070 0.717924	0.000942507 0.0840456
106	0 1	0.0680549 0.683921	0.000953339 0.0841021
107	0 1	0.0739644 0.708559	0.000943056 0.0840273
108	0 1	0.0752844 0.705479	0.000927280 0.0840564
109	0 1	0.0703021 0.689130	0.000919269 0.0839761
110	0 1	0.0755633 0.707344	0.000910427 0.0839236
111	0 1	0.0771883 0.702305	0.000917366 0.0839492
112	0 1	0.0736973 0.697150	0.000909719 0.0838856
113	0 1	0.0773786 0.706255	0.000906411 0.0838125
114	0 1	0.0786445 0.711466	0.000894461 0.0837244
115	0 1	0.0733435 0.702652	0.000894966 0.0837157
116	0 1	0.0698858 0.694074	0.000886335 0.0835768
117	0 1	0.0731615 0.702710	0.000884768 0.0834964
118	0 1	0.0749819 0.706872	0.000881099 0.0834641
119	0 1	0.0746783 0.700921	0.000880333 0.0834423
120	0 1	0.0706354 0.694313	0.000865632 0.0833620
121	0 1	0.0721718 0.697923	0.000877359 0.0833707
122	0 1	0.0708215 0.690866	0.000857996 0.0833015
123	0 1	0.0739235 0.698123	0.000841255 0.0833305
124	0 1	0.0788914 0.711860	0.000832801 0.0832164
125	0 1	0.0764963 0.706620	0.000799805 0.0830817
126	0 1	0.0760735 0.705058	0.000794726 0.0830280
127	0 1	0.0723870 0.693863	0.000795472 0.0829781
128	0 1	0.0737301 0.699692	0.000805709 0.0829894
129	0 1	0.0746436 0.707658	0.000820644 0.0829815
130	0 1	0.0765217 0.706589	0.000819475 0.0829549
131	0 1	0.0785552 0.709939	0.000810779 0.0828364
132	0 1	0.0758025 0.701559	0.000818954 0.0827718
133	0 1	0.0720594 0.699948	0.000810179 0.0826293
134	0 1	0.0770898 0.708210	0.000798390 0.0825888
135	0 1	0.0690695 0.687020	0.000798559 0.0825337
136	0 1	0.0834258 0.722265	0.000798198 0.0824282
137	0 1	0.0719399 0.691709	0.000801297 0.0823488
138	0 1	0.0699664 0.688308	0.000802511 0.0823269
139	0 1	0.0754705 0.700898	0.000805777 0.0822877
140	0 1	0.0734463 0.708558	0.000811788 0.0822875
141	0 1	0.0737682 0.704637	0.000824260 0.0821940
142	0 1	0.0764444 0.712609	0.000844484 0.0821755
143	0 1	0.0733167 0.696720	0.000849781 0.0821734
144	0 1	0.0829223 0.716984	0.000862515 0.0821687
145	0 1	0.0747654 0.701089	0.000857723 0.0821177
146	0 1	0.0731341 0.693031	0.000862955 0.0821150
147	0 1	0.0751321 0.700666	0.000875524 0.0820783
148	0 1	0.0716303 0.692663	0.000874059 0.0819218
149	0 1	0.0722890 0.695877	0.000872756 0.0818615
150	0 1	0.0753671 0.705817	0.000875367 0.0818334
151	0 1	0.0711673 0.692008	0.000885105 0.0818245
152	0 1	0.0712470 0.688536	0.000888358 0.0817682
153	0 1	0.0770924 0.701140	0.000882873 0.0817519
154	0 1	0.0729724 0.692307	0.000883568 0.0817054
155	0 1	0.0705940 0.685465	0.000889159 0.0816132
156	0 1	0.0729086 0.695771	0.000879471 0.0814800
157	0 1	0.0794494 0.718512	0.000886557 0.0813867
158	0 1	0.0772686 0.699964	0.000898107 0.0813275
159	0 1	0.0712396 0.697566	0.000902582 0.0812662
160	0 1	0.0715144 0.689389	0.000903369 0.0812231
161	0 1	0.0827428 0.714176	0.000906388 0.0812594
162	0 1	0.0718596 0.693165	0.000919522 0.0812566
163	0 1	0.0720656 0.694556	0.000913481 0.0811577
164	0 1	0.0776921 0.698406	0.000921600 0.0811135
165	0 1	0.0755617 0.708912	0.000919206 0.0809506
166	0 1	0.0674524 0.677329	0.000942913 0.0809671
167	0 1	0.0728268 0.689527	0.000956992 0.0809184
168	0 1	0.0749339 0.694309	0.000971769 0.0809364
169	0 1	0.0782771 0.708174	0.000967473 0.0808157
170	0 1	0.0715102 0.680429	0.000955650 0.0806877
171	0 1	0.0782507 0.702737	0.000971137 0.0806878
172	0 1	0.0781557 0.705589	0.000955247 0.0805734
173	0 1	0.0769795 0.712659	0.000953948 0.0805194
174	0 1	0.0699084 0.680243	0.000966929 0.0804279
175	0 1	0.0757717 0.694856	0.000978367 0.0803656
176	0 1	0.0802874 0.714218	0.000989070 0.0803642
177	0 1	0.0707125 0.687322	0.000987101 0.0802980
178	0 1	0.0701770 0.682605	0.00100074 0.0802865
179	0 1	0.0696788 0.679065	0.00100087 0.0802222
180	0 1	0.0743156 0.691358	0.00100269 0.0801991
181	0 1	0.0769835 0.698251	0.00101174 0.0802085
182	0 1	0.0735796 0.690133	0.00102662 0.0801368
183	0 1	0.0764042 0.702378	0.00103147 0.0800962
184	0 1	0.0766040 0.699516	0.00105810 0.0801298
185	0 1	0.0717557 0.689651	0.00106882 0.0801177
186	0 1	0.0767617 0.697262	0.00108240 0.0800500
187	0 1	0.0719306 0.683190	0.00111299 0.0800479
188	0 1	0.0718558 0.688983	0.00114264 0.0800492
189	0 1	0.0804397 0.702432	0.00115360 0.0800253
190	0 1	0.0719234 0.681396	0.00117023 0.0799275
191	0 1	0.0774452 0.699887	0.00116295 0.0798437
192	0 1	0.0803856 0.703106	0.00117900 0.0797696
193	0 1	0.0722774 0.686256	0.00118858 0.0796455
194	0 1	0.0739039 0.698642	0.00119420 0.0795324
195	0 1	0.0706183 0.686883	0.00118214 0.0794386
196	0 1	0.0784747 0.699203	0.00118675 0.0793457
197	0 1	0.0719174 0.684253	0.00119415 0.0793345
198	0 1	0.0770701 0.700273	0.00121515 0.0793243
199	0 1	0.0806497 0.706864	0.00124321 0.0792564
200	0 1	0.0741996 0.688618	0.00123255 0.0791865
201	0 1	0.0732678 0.686967	0.00126109 0.0791902
202	0 1	0.0751406 0.689659	0.00129426 0.0791680
203	0 1	0.0770524 0.686559	0.00131017 0.0790936
204	0 1	0.0778968 0.700874	0.00134540 0.0791005
205	0 1	0.0719098 0.684134	0.00136508 0.0790230
206	0 1	0.0761947 0.699757	0.00139828 0.0790011
207	0 1	0.0708027 0.686282	0.00141516 0.0790161
208	0 1	0.0746093 0.691131	0.00143788 0.0789250
209	0 1	0.0724132 0.688569	0.00145346 0.0789072
210	0 1	0.0786054 0.697526	0.00147040 0.0788573
211	0 1	0.0739775 0.695685	0.00146725 0.0788107
212	0 1	0.0840849 0.714298	0.00148666 0.0787808
213	0 1	0.0777112 0.695984	0.00149765 0.0787195
214	0 1	0.0749941 0.692255	0.00156482 0.0788612
215	0 1	0.0753454 0.688834	0.00157061 0.0787959
216	0 1	0.0764719 0.685526	0.00160843 0.0787565
217	0 1	0.0675001 0.669911	0.00161052 0.0786095
218	0 1	0.0722296 0.682969	0.00163090 0.0785412
219	0 1	0.0758384 0.698660	0.00166369 0.0785581
220	0 1	0.0749277 0.695304	0.00167767 0.0785041
221	0 1	0.0707417 0.680961	0.00170402 0.0784901
222	0 1	0.0768755 0.697614	0.00170786 0.0784302
223	0 1	0.0720944 0.684195	0.00174587 0.0783985
224	0 1	0.0771343 0.702683	0.00176370 0.0783881
225	0 1	0.0780092 0.696094	0.00181043 0.0783968
226	0 1	0.0728358 0.688729	0.00184318 0.0784283
227	0 1	0.0701164 0.679307	0.00184497 0.0783701
228	0 1	0.0760235 0.687857	0.00188057 0.0783561
229	0 1	0.0771112 0.696658	0.00190392 0.0783637
230	0 1	0.0719211 0.683942	0.00191265 0.0782885
231	0 1	0.0809372 0.712761	0.00196309 0.0782753
232	0 1	0.0754649 0.687830	0.00198745 0.0782185
233	0 1	0.0802140 0.696573	0.00203252 0.0781761
234	0 1	0.0776837 0.691930	0.00207441 0.0782181
235	0 1	0.0733074 0.684571	0.00210408 0.0782631
236	0 1	0.0790925 0.694877	0.00214678 0.0782973
237	0 1	0.0798844 0.697825	0.00218425 0.0782619
238	0 1	0.0739353 0.686079	0.00221358 0.0783062
239	0 1	0.0726338 0.684670	0.00224149 0.0783259
240	0 1	0.0682843 0.675466	0.00226056 0.0782723
241	0 1	0.0762129 0.699734	0.00225550 0.0781662
242	0 1	0.0707790 0.673055	0.00229415 0.0782000
243	0 1	0.0767680 0.692867	0.00232977 0.0781581
244	0 1	0.0837255 0.712801	0.00236896 0.0781639
245	0 1	0.0776410 0.704622	0.00240421 0.0781692
246	0 1	0.0809273 0.697032	0.00246068 0.0781524
247	0 1	0.0768619 0.685226	0.00246776 0.0780832
248	0 1	0.0717578 0.686599	0.00247118 0.0779562
249	0 1	0.0759402 0.689388	0.00246881 0.0778996
250	0 1	0.0791776 0.691833	0.00251031 0.0779176
251	0 1	0.0773921 0.698016	0.00250933 0.0777686
252	0 1	0.0774736 0.695583	0.00252801 0.0777801
253	0 1	0.0808505 0.708620	0.00253268 0.0777019
254	0 1	0.0772722 0.694165	0.00250581 0.0776243
255	0 1	0.0803794 0.704311	0.00255798 0.0777028
256	0 1	0.0760822 0.692424	0.00261152 0.0777023
257	0 1	0.0746072 0.685921	0.00267052 0.0778189
258	0 1	0.0833812 0.704105	0.00267566 0.0777812
259	0 1	0.0816148 0.700899	0.00270600 0.0778364
260	0 1	0.0784128 0.700768	0.00273929 0.0778134
261	0 1	0.0666805 0.668615	0.00269272 0.0775991
262	0 1	0.0731564 0.684458	0.00269247 0.0775556
263	0 1	0.0752099 0.684134	0.00269329 0.0774766
264	0 1	0.0747298 0.693828	0.00270842 0.0774763
265	0 1	0.0756427 0.689143	0.00274976 0.0774574
266	0 1	0.0745521 0.695298	0.00272810 0.0772947
267	0 1	0.0802247 0.704563	0.00276218 0.0772812
268	0 1	0.0709723 0.681344	0.00275033 0.0772800
269	0 1	0.0766199 0.699880	0.00276833 0.0772882
270	0 1	0.0776474 0.689073	0.00278186 0.0771985
271	0 1	0.0741690 0.680770	0.00280242 0.0771953
272	0 1	0.0850857 0.712262	0.00283510 0.0771876
273	0 1	0.0741788 0.693568	0.00286993 0.0772252
274	0 1	0.0803916 0.698806	0.00290595 0.0771810
275	0 1	0.0715750 0.670972	0.00290120 0.0770535
276	0 1	0.0750397 0.690165	0.00288577 0.0769648
277	0 1	0.0777411 0.690619	0.00288733 0.0769421
278	0 1	0.0697729 0.678548	0.00290292 0.0768928
279	0 1	0.0721209 0.681153	0.00293423 0.0768947
280	0 1	0.0815176 0.705136	0.00294840 0.0768685
281	0 1	0.0725211 0.686895	0.00295711 0.0768085
282	0 1	0.0778632 0.700977	0.00297125 0.0767767
283	0 1	0.0753096 0.692024	0.00299949 0.0767444
284	0 1	0.0719684 0.679585	0.00301145 0.0766310
285	0 1	0.0762458 0.685720	0.00304238 0.0766867
286	0 1	0.0766497 0.689867	0.00303081 0.0765812
287	0 1	0.0770016 0.694382	0.00303591 0.0765162
288	0 1	0.0780175 0.693358	0.00304630 0.0764430
289	0 1	0.0781643 0.692651	0.00307808 0.0764902
290	0 1	0.0710038 0.678820	0.00309869 0.0764912
291	0 1	0.0742625 0.690561	0.00311850 0.0765696
292	0 1	0.0746743 0.688151	0.00314999 0.0765473
293	0 1	0.0765152 0.695036	0.00315438 0.0765433
294	0 1	0.0724069 0.685567	0.00314907 0.0764731
295	0 1	0.0729255 0.675973	0.00315703 0.0764774
296	0 1	0.0749573 0.691436	0.00313698 0.0763914
297	0 1	0.0775998 0.692220	0.00313176 0.0762815
298	0 1	0.0769377 0.688802	0.00314164 0.0762199
299	0 1	0.0769609 0.689747	0.00317483 0.0762665
300	0 1	0.0709644 0.675132	0.00316648 0.0762636
301	0 1	0.0708596 0.682670	0.00316188 0.0761426
302	0 1	0.0793053 0.699838	0.00320190 0.0761695
303	0 1	0.0818799 0.707275	0.00324286 0.0761827
304	0 1	0.0804186 0.702516	0.00327387 0.0761312
305	0 1	0.0734506 0.679749	0.00327412 0.0761427
306	0 1	0.0796787 0.688675	0.00328177 0.0761118
307	0 1	0.0763913 0.689796	0.00327073 0.0760723
308	0 1	0.0693987 0.670621	0.00329154 0.0760486
309	0 1	0.0733354 0.679665	0.00325694 0.0759298
310	0 1	0.0792134 0.695116	0.00326029 0.0758588
311	0 1	0.0760971 0.686000	0.00328374 0.0758374
312	0 1	0.0698732 0.669651	0.00330730 0.0758598
313	0 1	0.0747210 0.688476	0.00332846 0.0758611
314	0 1	0.0760492 0.682401	0.00336837 0.0759230
315	0 1	0.0835135 0.705002	0.00342315 0.0758721
316	0 1	0.0737292 0.678732	0.00340878 0.0758060
317	0 1	0.0757403 0.681038	0.00343639 0.0758003
318	0 1	0.0709558 0.671205	0.00345125 0.0757872
319	0 1	0.0808867 0.698395	0.00350002 0.0758596
320	0 1	0.0818978 0.698500	0.00351737 0.0757746
321	0 1	0.0782998 0.694975	0.00355379 0.0757969
322	0 1	0.0684894 0.677145	0.00353378 0.0757041
323	0 1	0.0894937 0.722224	0.00353088 0.0756357
324	0 1	0.0772442 0.683496	0.00354372 0.0755286
325	0 1	0.0717726 0.676263	0.00358077 0.0755650
326	0 1	0.0703633 0.675594	0.00356637 0.0755134
327	0 1	0.0758257 0.689037	0.00356152 0.0754310
328	0 1	0.0740388 0.686091	0.00355849 0.0753956
329	0 1	0.0797493 0.699738	0.00358083 0.0753937
330	0 1	0.0708995 0.673179	0.00355271 0.0752542
331	0 1	0.0747602 0.686669	0.00355611 0.0752439
332	0 1	0.0841147 0.705673	0.00353677 0.0750866
333	0 1	0.0759051 0.681142	0.00350528 0.0749928
334	0 1	0.0774365 0.684173	0.00351125 0.0750089
335	0 1	0.0744500 0.680407	0.00351099 0.0749869
336	0 1	0.0734749 0.677858	0.00352995 0.0749195
337	0 1	0.0738793 0.683218	0.00354589 0.0749733
338	0 1	0.0723937 0.679197	0.00354849 0.0749789
339	0 1	0.0677100 0.662247	0.00354579 0.0749360
340	0 1	0.0806771 0.702077	0.00352785 0.0748689
341	0 1	0.0757397 0.686630	0.00347423 0.0746302
342	0 1	0.0734568 0.673797	0.00348670 0.0746251
343	0 1	0.0756991 0.686150	0.00345688 0.0745256
344	0 1	0.0770468 0.686269	0.00349360 0.0745067
345	0 1	0.0715426 0.677631	0.00353295 0.0745530
346	0 1	0.0741039 0.681261	0.00353438 0.0744605
347	0 1	0.0806834 0.692548	0.00353730 0.0744088
348	0 1	0.0810862 0.697456	0.00358852 0.0744916
349	0 1	0.0721726 0.677110	0.00360791 0.0745255
350	0 1	0.0802109 0.702680	0.00361762 0.0744683
351	0 1	0.0816873 0.692237	0.00367514 0.0745012
352	0 1	0.0756319 0.685648	0.00366269 0.0744120
353	0 1	0.0782378 0.689758	0.00365188 0.0742808
354	0 1	0.0711536 0.677144	0.00362378 0.0741488
355	0 1	0.0839829 0.708744	0.00366454 0.0741920
356	0 1	0.0660381 0.660961	0.00364450 0.0740796
357	0 1	0.0694061 0.668686	0.00365660 0.0741291
358	0 1	0.0788002 0.696735	0.00371310 0.0741719
359	0 1	0.0777511 0.684789	0.00375574 0.0742009
360	0 1	0.0809219 0.701645	0.00380457 0.0742017
361	0 1	0.0760072 0.687984	0.00380353 0.0741606
362	0 1	0.0794954 0.692911	0.00378431 0.0740555
363	0 1	0.0745432 0.683094	0.00383247 0.0740876
364	0 1	0.0835163 0.701909	0.00384269 0.0740526
365	0 1	0.0725303 0.673369	0.00385094 0.0739595
366	0 1	0.0741417 0.686465	0.00383067 0.0738254
367	0 1	0.0769820 0.687433	0.00380889 0.0737428
368	0 1	0.0706215 0.677752	0.00381004 0.0736026
369	0 1	0.0712852 0.677702	0.00374771 0.0734855
370	0 1	0.0748883 0.683764	0.00372839 0.0733510
371	0 1	0.0746323 0.672592	0.00367063 0.0732233
372	0 1	0.0694330 0.669246	0.00362854 0.0730339
373	0 1	0.0715620 0.671430	0.00362639 0.0730065
374	0 1	0.0791150 0.689792	0.00363688 0.0730450
375	0 1	0.0682250 0.665221	0.00361539 0.0729773
376	0 1	0.0718953 0.674700	0.00359091 0.0729203
377	0 1	0.0722620 0.674669	0.00358260 0.0729188
378	0 1	0.0703412 0.671290	0.00356841 0.0729068
379	0 1	0.0748668 0.672432	0.00355882 0.0728119
380	0 1	0.0728937 0.679813	0.00353006 0.0726980
381	0 1	0.0704404 0.662978	0.00352422 0.0727678
382	0 1	0.0779112 0.684313	0.00351814 0.0726548
383	0 1	0.0745373 0.680061	0.00347162 0.0726013
384	0 1	0.0789585 0.692332	0.00345770 0.0725289
385	0 1	0.0790240 0.689041	0.00345962 0.0724327
386	0 1	0.0736949 0.679597	0.00342435 0.0723215
387	0 1	0.0738145 0.678085	0.00344181 0.0723396
388	0 1	0.0725614 0.680621	0.00346187 0.0723564
389	0 1	0.0748923 0.677157	0.00348734 0.0723713
390	0 1	0.0772975 0.681229	0.00351777 0.0723414
391	0 1	0.0716375 0.671266	0.00355421 0.0723822
392	0 1	0.0744274 0.679737	0.00358171 0.0723824
393	0 1	0.0741638 0.677663	0.00358239 0.0722832
394	0 1	0.0742937 0.678043	0.00361833 0.0722461
395	0 1	0.0717767 0.671906	0.00360053 0.0721491
396	0 1	0.0724302 0.672424	0.00356030 0.0720165
397	0 1	0.0751873 0.681848	0.00360541 0.0721227
398	0 1	0.0725674 0.680800	0.00363578 0.0721443
399	0 1	0.0744167 0.686949	0.00359046 0.0719877
400	0 1	0.0750770 0.681961	0.00357009 0.0719396
401	0 1	0.0712985 0.670158	0.00356504 0.0719152
402	0 1	0.0773635 0.684556	0.00358396 0.0718073
403	0 1	0.0707148 0.669801	0.00356286 0.0717469
404	0 1	0.0775577 0.690484	0.00354602 0.0716655
405	0 1	0.0760547 0.687277	0.00356615 0.0717195
406	0 1	0.0732066 0.673785	0.00356123 0.0717219
407	0 1	0.0653433 0.656602	0.00355548 0.0716931
408	0 1	0.0806645 0.699053	0.00353336 0.0715883
409	0 1	0.0704325 0.670094	0.00357242 0.0715926
410	0 1	0.0737405 0.678604	0.00357572 0.0715120
411	0 1	0.0781823 0.688754	0.00358563 0.0714828
412	0 1	0.0722527 0.668610	0.00356458 0.0714064
413	0 1	0.0719248 0.674811	0.00355091 0.0713434
414	0 1	0.0754493 0.691108	0.00351055 0.0712366
415	0 1	0.0743700 0.674821	0.00350942 0.0712157
416	0 1	0.0706276 0.667565	0.00350051 0.0712043
417	0 1	0.0760552 0.681014	0.00350744 0.0711274
418	0 1	0.0692419 0.668882	0.00347048 0.0710312
419	0 1	0.0706010 0.666616	0.00347323 0.0710256
420	0 1	0.0696828 0.667092	0.00344195 0.0709233
421	0 1	0.0765286 0.688745	0.00347227 0.0710043
422	0 1	0.0746074 0.673000	0.00346425 0.0709438
423	0 1	0.0719921 0.671604	0.00346056 0.0709388
424	0 1	0.0674589 0.653017	0.00346535 0.0708961
425	0 1	0.0751061 0.681999	0.00344714 0.0707889
426	0 1	0.0698934 0.662897	0.00342672 0.0707089
427	0 1	0.0744668 0.678904	0.00342277 0.0707014
428	0 1	0.0717767 0.667465	0.00345734 0.0706900
429	0 1	0.0714908 0.674275	0.00347998 0.0707612
430	0 1	0.0747621 0.680378	0.00349367 0.0707765
431	0 1	0.0729611 0.671637	0.00351950 0.0707009
432	0 1	0.0692514 0.662939	0.00352635 0.0706785
433	0 1	0.0720004 0.675144	0.00349439 0.0705908
434	0 1	0.0724996 0.666818	0.00350597 0.0705565
435	0 1	0.0711304 0.673060	0.00352497 0.0705029
436	0 1	0.0724225 0.667330	0.00353456 0.0704686
437	0 1	0.0766839 0.691275	0.00349888 0.0703461
438	0 1	0.0693822 0.668497	0.00352328 0.0704246
439	0 1	0.0746547 0.679729	0.00351240 0.0703561
440	0 1	0.0779855 0.687612	0.00355113 0.0704374
441	0 1	0.0787837 0.682790	0.00355398 0.0704068
442	0 1	0.0727792 0.670697	0.00354423 0.0703015
443	0 1	0.0795958 0.682160	0.00356816 0.0702982
444	0 1	0.0755955 0.685042	0.00353202 0.0702569
445	0 1	0.0736973 0.676687	0.00353101 0.0703003
446	0 1	0.0738900 0.667569	0.00353122 0.0701842
447	0 1	0.0700166 0.660786	0.00349724 0.0701038
448	0 1	0.0746747 0.677593	0.00348978 0.0699932
449	0 1	0.0753170 0.676767	0.00349236 0.0699114
450	0 1	0.0711033 0.671330	0.00346656 0.0698918
451	0 1	0.0686619 0.661372	0.00344758 0.0697582
452	0 1	0.0737887 0.672917	0.00342446 0.0696378
453	0 1	0.0770497 0.688092	0.00342864 0.0695781
454	0 1	0.0774161 0.682882	0.00341831 0.0694950
455	0 1	0.0706845 0.670676	0.00336988 0.0693935
456	0 1	0.0713937 0.673998	0.00333785 0.0692263
457	0 1	0.0746073 0.682497	0.00330720 0.0692087
458	0 1	0.0722636 0.668905	0.00330541 0.0691510
459	0 1	0.0712703 0.666885	0.00330869 0.0691088
460	0 1	0.0731476 0.672528	0.00328857 0.0690595
461	0 1	0.0800561 0.689837	0.00325426 0.0690015
462	0 1	0.0756340 0.676734	0.00326259 0.0689435
463	0 1	0.0812126 0.691808	0.00329275 0.0689921
464	0 1	0.0763426 0.671317	0.00334401 0.0690546
465	0 1	0.0708618 0.662454	0.00332566 0.0689675
466	0 1	0.0844341 0.700684	0.00338982 0.0690456
467	0 1	0.0793318 0.683385	0.00339516 0.0690306
468	0 1	0.0761853 0.676954	0.00339242 0.0689919
469	0 1	0.0685795 0.669806	0.00338975 0.0689767
470	0 1	0.0807152 0.697456	0.00339241 0.0689385
471	0 1	0.0745328 0.680089	0.00336837 0.0688220
472	0 1	0.0802133 0.691319	0.00339320 0.0688799
473	0 1	0.0727616 0.669522	0.00339170 0.0688204
474	0 1	0.0775488 0.674243	0.00341390 0.0687555
475	0 1	0.0751653 0.671513	0.00340954 0.0686430
476	0 1	0.0733064 0.671365	0.00341338 0.0685845
477	0 1	0.0785648 0.686747	0.00343061 0.0685690
478	0 1	0.0712782 0.667826	0.00341037 0.0685104
479	0 1	0.0771656 0.673149	0.00345766 0.0685773
480	0 1	0.0737511 0.673773	0.00349702 0.0686857
481	0 1	0.0739053 0.677356	0.00351536 0.0686887
482	0 1	0.0707121 0.662917	0.00351274 0.0686328
483	0 1	0.0748513 0.681277	0.00348398 0.0685344
484	0 1	0.0706576 0.668520	0.00348628 0.0684894
485	0 1	0.0758933 0.676939	0.00344101 0.0683195
486	0 1	0.0735767 0.676144	0.00340162 0.0682108
487	0 1	0.0805952 0.689790	0.00342064 0.0682459
488	0 1	0.0822493 0.687492	0.00345373 0.0682557
489	0 1	0.0717302 0.662742	0.00344207 0.0682006
490	0 1	0.0687937 0.664672	0.00339290 0.0680313
491	0 1	0.0732741 0.665619	0.00341401 0.0681295
492	0 1	0.0743086 0.676905	0.00341408 0.0681525
493	0 1	0.0776819 0.675374	0.00346405 0.0682111
494	0 1	0.0710541 0.665407	0.00344826 0.0680631
495	0 1	0.0706231 0.663428	0.00343707 0.0680212
496	0 1	0.0794677 0.692126	0.00346479 0.0680736
497	0 1	0.0700147 0.665846	0.00345106 0.0679724
498	0 1	0.0747304 0.675553	0.00348061 0.0680334
499	0 1	0.0702094 0.667411	0.00346139 0.0679789
500	0 1	0.0735931 0.670579	0.00348132 0.0679903
501	0 1	0.0723338 0.662480	0.00350262 0.0679669
502	0 1	0.0705916 0.664803	0.00345548 0.0678523
503	0 1	0.0745614 0.667844	0.00349700 0.0679275
504	0 1	0.0789800 0.683650	0.00353042 0.0679729
505	0 1	0.0765036 0.682514	0.00352589 0.0678779
506	0 1	0.0763734 0.684329	0.00350804 0.0678304
507	0 1	0.0737043 0.669670	0.00351597 0.0678609
508	0 1	0.0710155 0.662377	0.00348715 0.0677250
509	0 1	0.0764092 0.676840	0.00343681 0.0675783
510	0 1	0.0728489 0.668153	0.00346962 0.0675658
511	0 1	0.0695571 0.660516	0.00347930 0.0675180
512	0 1	0.0695117 0.657719	0.00345482 0.0674133
513	0 1	0.0758924 0.685227	0.00341678 0.0673064
514	0 1	0.0689144 0.665818	0.00337845 0.0672195
515	0 1	0.0685697 0.657804	0.00338126 0.0671596
516	0 1	0.0725752 0.676652	0.00333714 0.0670428
517	0 1	0.0720680 0.674333	0.00332567 0.0669572
518	0 1	0.0745555 0.678663	0.00333109 0.0669496
519	0 1	0.0720884 0.670717	0.00330022 0.0668250
520	0 1	0.0724407 0.669324	0.00330717 0.0668081
521	0 1	0.0706821 0.666191	0.00332359 0.0668568
522	0 1	0.0753387 0.682491	0.00332340 0.0668498
523	0 1	0.0787299 0.687314	0.00329813 0.0666942
524	0 1	0.0740454 0.679256	0.00328557 0.0665927
525	0 1	0.0812644 0.682458	0.00325906 0.0665337
526	0 1	0.0699374 0.665144	0.00320724 0.0663665
527	0 1	0.0801814 0.692086	0.00319085 0.0662140
528	0 1	0.0736024 0.669441	0.00317366 0.0661528
529	0 1	0.0674097 0.654703	0.00317888 0.0661409
530	0 1	0.0763612 0.677386	0.00322572 0.0662022
531	0 1	0.0716177 0.670208	0.00322542 0.0661825
532	0 1	0.0781239 0.677471	0.00324611 0.0661396
533	0 1	0.0784054 0.677675	0.00325855 0.0661357
534	0 1	0.0690757 0.660666	0.00322471 0.0660407
535	0 1	0.0730614 0.664469	0.00322883 0.0659960
536	0 1	0.0651876 0.652693	0.00320033 0.0659711
537	0 1	0.0751707 0.676349	0.00318370 0.0659351
538	0 1	0.0710139 0.663756	0.00313991 0.0658368
539	0 1	0.0797208 0.688227	0.00315396 0.0658326
540	0 1	0.0746858 0.670608	0.00311426 0.0657032
541	0 1	0.0769785 0.675266	0.00312925 0.0656579
542	0 1	0.0793822 0.690787	0.00312168 0.0656211
543	0 1	0.0743153 0.667219	0.00314977 0.0656842
544	0 1	0.0813480 0.683924	0.00314230 0.0656386
545	0 1	0.0756171 0.676743	0.00314495 0.0655937
546	0 1	0.0704442 0.662247	0.00312455 0.0655179
547	0 1	0.0763288 0.677846	0.00313864 0.0654505
548	0 1	0.0719188 0.664910	0.00316253 0.0654723
549	0 1	0.0744208 0.667352	0.00313379 0.0653728
550	0 1	0.0744668 0.674588	0.00314951 0.0653886
551	0 1	0.0711594 0.661993	0.00313742 0.0653746
552	0 1	0.0762783 0.682017	0.00315385 0.0653751
553	0 1	0.0723495 0.658661	0.00311698 0.0652956
554	0 1	0.0750973 0.678537	0.00315609 0.0653462
555	0 1	0.0725115 0.672401	0.00314224 0.0652782
556	0 1	0.0796679 0.684922	0.00311297 0.0651945
557	0 1	0.0664960 0.654837	0.00312851 0.0651654
558	0 1	0.0733062 0.672227	0.00316119 0.0652050
559	0 1	0.0710781 0.665384	0.00316027 0.0651499
560	0 1	0.0721880 0.666286	0.00313051 0.0650950
561	0 1	0.0697519 0.660421	0.00307625 0.0650268
562	0 1	0.0783534 0.681436	0.00307679 0.0649950
563	0 1	0.0726404 0.666807	0.00307852 0.0649779
564	0 1	0.0727503 0.675483	0.00308017 0.0650072
565	0 1	0.0749884 0.674157	0.00308099 0.0649329
566	0 1	0.0742138 0.673428	0.00310503 0.0649488
567	0 1	0.0841721 0.691088	0.00311792 0.0649697
568	0 1	0.0687520 0.659935	0.00307743 0.0648497
569	0 1	0.0700839 0.664823	0.00306390 0.0647324
570	0 1	0.0765257 0.680493	0.00303928 0.0646858
571	0 1	0.0740277 0.672330	0.00299613 0.0645955
572	0 1	0.0732435 0.664440	0.00302701 0.0646846
573	0 1	0.0774197 0.677240	0.00303044 0.0646260
574	0 1	0.0780961 0.687115	0.00300473 0.0645064
575	0 1	0.0720847 0.670599	0.00301142 0.0644930
576	0 1	0.0731436 0.665527	0.00300196 0.0644506
577	0 1	0.0742614 0.677825	0.00295648 0.0643159
578	0 1	0.0763839 0.680995	0.00294857 0.0642989
579	0 1	0.0698386 0.662654	0.00291757 0.0641662
580	0 1	0.0744953 0.677183	0.00290415 0.0640673
581	0 1	0.0749512 0.678167	0.00290483 0.0640022
582	0 1	0.0826950 0.682554	0.00296664 0.0640938
583	0 1	0.0649345 0.653223	0.00297144 0.0640653
584	0 1	0.0738513 0.666710	0.00292894 0.0638674
585	0 1	0.0715093 0.658851	0.00293139 0.0639225
586	0 1	0.0760051 0.667583	0.00290418 0.0638200
587	0 1	0.0678989 0.648791	0.00290528 0.0637898
588	0 1	0.0697945 0.661226	0.00289983 0.0638119
589	0 1	0.0772036 0.675215	0.00289624 0.0637711
590	0 1	0.0716724 0.661629	0.00285713 0.0635685
591	0 1	0.0776814 0.670621	0.00288876 0.0636003
592	0 1	0.0723359 0.663243	0.00288586 0.0635458
593	0 1	0.0741501 0.672544	0.00287917 0.0635741
594	0 1	0.0737641 0.668403	0.00290048 0.0636220
595	0 1	0.0765114 0.675213	0.00291061 0.0635455
596	0 1	0.0726744 0.669622	0.00293518 0.0635335
597	0 1	0.0701085 0.657674	0.00294416 0.0635001
598	0 1	0.0687584 0.660106	0.00294891 0.0634701
599	0 1	0.0802121 0.691657	0.00301661 0.0635464
600	0 1	0.0698407 0.662013	0.00297436 0.0634254
601	0 1	0.0708223 0.658607	0.00296275 0.0633739
602	0 1	0.0729864 0.672111	0.00295195 0.0632313
603	0 1	0.0764896 0.671302	0.00299357 0.0632908
604	0 1	0.0711818 0.664048	0.00302853 0.0632864
605	0 1	0.0715855 0.663860	0.00303745 0.0633421
606	0 1	0.0721729 0.662396	0.00306787 0.0633730
607	0 1	0.0732261 0.672502	0.00302028 0.0632685
608	0 1	0.0751773 0.667125	0.00300763 0.0632090
609	0 1	0.0700218 0.656486	0.00297818 0.0631279
610	0 1	0.0786481 0.683926	0.00303041 0.0632105
611	0 1	0.0673900 0.651012	0.00304279 0.0631456
612	0 1	0.0775977 0.674507	0.00307032 0.0631893
613	0 1	0.0760999 0.670226	0.00309535 0.0631641
614	0 1	0.0736980 0.662671	0.00310609 0.0631476
615	0 1	0.0723676 0.663291	0.00310251 0.0631154
616	0 1	0.0849479 0.698427	0.00310963 0.0630750
617	0 1	0.0749968 0.677597	0.00310536 0.0630175
618	0 1	0.0733043 0.668382	0.00308225 0.0629248
619	0 1	0.0732296 0.660537	0.00308301 0.0628845
620	0 1	0.0732425 0.664287	0.00310132 0.0628966
621	0 1	0.0756336 0.672010	0.00311645 0.0629499
622	0 1	0.0838069 0.693336	0.00314033 0.0629216
623	0 1	0.0715314 0.669171	0.00318803 0.0629769
624	0 1	0.0747354 0.669344	0.00319262 0.0629069
625	0 1	0.0787505 0.679362	0.00320432 0.0628848
626	0 1	0.0711710 0.662728	0.00320781 0.0628133
627	0 1	0.0806535 0.689735	0.00318429 0.0627155
628	0 1	0.0683782 0.660436	0.00317891 0.0626232
629	0 1	0.0800243 0.676832	0.00318496 0.0626476
630	0 1	0.0760352 0.674437	0.00315032 0.0626010
631	0 1	0.0686645 0.660247	0.00318898 0.0626929
632	0 1	0.0712359 0.662036	0.00316419 0.0626192
633	0 1	0.0723481 0.664128	0.00317871 0.0626475
634	0 1	0.0689110 0.654842	0.00316913 0.0626258
635	0 1	0.0752334 0.673551	0.00315599 0.0626010
636	0 1	0.0705975 0.657626	0.00313942 0.0625739
637	0 1	0.0822404 0.688155	0.00317142 0.0626386
638	0 1	0.0739809 0.674233	0.00319785 0.0627010
639	0 1	0.0752212 0.672544	0.00316662 0.0625918
640	0 1	0.0720642 0.668059	0.00319776 0.0626702
641	0 1	0.0732990 0.668463	0.00317527 0.0625586
642	0 1	0.0776540 0.684293	0.00313632 0.0625091
643	0 1	0.0723543 0.667886	0.00313423 0.0624756
644	0 1	0.0653161 0.649583	0.00311096 0.0624947
645	0 1	0.0671633 0.651872	0.00310153 0.0624878
646	0 1	0.0738704 0.673090	0.00311894 0.0625850
647	0 1	0.0727309 0.664695	0.00306764 0.0624536
648	0 1	0.0773007 0.678800	0.00305642 0.0623527
649	0 1	0.0765970 0.672073	0.00304139 0.0622931
650	0 1	0.0692057 0.660156	0.00306311 0.0623501
651	0 1	0.0772771 0.683024	0.00307870 0.0623861
652	0 1	0.0720812 0.668024	0.00305898 0.0623408
653	0 1	0.0666410 0.643834	0.00309685 0.0624474
654	0 1	0.0678973 0.657490	0.00306512 0.0623777
655	0 1	0.0704721 0.662644	0.00301972 0.0623655
656	0 1	0.0720853 0.663614	0.00301868 0.0623762
657	0 1	0.0703937 0.657384	0.00298509 0.0622629
658	0 1	0.0754999 0.672013	0.00299440 0.0621954
659	0 1	0.0779585 0.672869	0.00302857 0.0621888
660	0 1	0.0690811 0.657603	0.00299671 0.0621067
661	0 1	0.0818569 0.695112	0.00299154 0.0620895
662	0 1	0.0783723 0.687299	0.00298104 0.0620439
663	0 1	0.0726044 0.661625	0.00294874 0.0619265
664	0 1	0.0746050 0.660139	0.00292573 0.0618502
665	0 1	0.0666001 0.654261	0.00292649 0.0618815
666	0 1	0.0740703 0.664893	0.00291967 0.0618328
667	0 1	0.0716841 0.667097	0.00291238 0.0617885
668	0 1	0.0709473 0.655982	0.00292096 0.0617575
669	0 1	0.0702358 0.661032	0.00291063 0.0616967
670	0 1	0.0734657 0.669201	0.00289201 0.0616595
671	0 1	0.0807919 0.680406	0.00291733 0.0617074
672	0 1	0.0783398 0.682264	0.00294718 0.0617235
673	0 1	0.0689830 0.654054	0.00291484 0.0616597
674	0 1	0.0756223 0.662986	0.00295973 0.0616935
675	0 1	0.0847965 0.689836	0.00296165 0.0616020
676	0 1	0.0752975 0.675783	0.00298215 0.0616405
677	0 1	0.0721343 0.665115	0.00303774 0.0616913
678	0 1	0.0704242 0.663442	0.00305274 0.0617667
679	0 1	0.0689731 0.652712	0.00306601 0.0618055
680	0 1	0.0846356 0.697631	0.00307124 0.0618021
681	0 1	0.0687441 0.651644	0.00306362 0.0617405
682	0 1	0.0656341 0.648228	0.00305019 0.0616618
683	0 1	0.0748471 0.668413	0.00307355 0.0616680
684	0 1	0.0755117 0.672542	0.00306823 0.0616310
685	0 1	0.0701764 0.660988	0.00305750 0.0615998
686	0 1	0.0756148 0.671380	0.00308974 0.0616052
687	0 1	0.0746740 0.664622	0.00310513 0.0616522
688	0 1	0.0724504 0.664935	0.00306355 0.0615821
689	0 1	0.0747540 0.664664	0.00303788 0.0614966
690	0 1	0.0687976 0.656275	0.00304481 0.0615224
691	0 1	0.0701368 0.662882	0.00301741 0.0614412
692	0 1	0.0756521 0.665202	0.00296324 0.0612570
693	0 1	0.0686741 0.648410	0.00295435 0.0612324
694	0 1	0.0735246 0.670811	0.00291529 0.0610792
695	0 1	0.0820476 0.693097	0.00294051 0.0611059
696	0 1	0.0750623 0.667961	0.00290815 0.0610800
697	0 1	0.0739674 0.671126	0.00292661 0.0610568
698	0 1	0.0657959 0.644625	0.00292851 0.0610840
699	0 1	0.0683964 0.654206	0.00292403 0.0610752
700	0 1	0.0761792 0.672303	0.00289518 0.0609445
701	0 1	0.0701426 0.656513	0.00282715 0.0608057
702	0 1	0.0671386 0.645519	0.00282051 0.0607508
703	0 1	0.0740907 0.666933	0.00276823 0.0605597
704	0 1	0.0739613 0.666596	0.00279430 0.0605561
705	0 1	0.0728226 0.661545	0.00282358 0.0605650
706	0 1	0.0752814 0.671580	0.00283699 0.0605285
707	0 1	0.0753143 0.672499	0.00283477 0.0605472
708	0 1	0.0720819 0.664572	0.00284496 0.0605306
709	0 1	0.0802053 0.678585	0.00280267 0.0604168
710	0 1	0.0722999 0.661648	0.00281419 0.0603659
711	0 1	0.0724217 0.662226	0.00282278 0.0604250
712	0 1	0.0674317 0.657929	0.00282603 0.0603996
713	0 1	0.0701669 0.656478	0.00280925 0.0603553
714	0 1	0.0755180 0.671731	0.00280483 0.0603252
715	0 1	0.0738766 0.664024	0.00284214 0.0603348
716	0 1	0.0725464 0.663482	0.00283221 0.0603003
717	0 1	0.0739660 0.662067	0.00281911 0.0602752
718	0 1	0.0713337 0.665373	0.00285247 0.0603281
719	0 1	0.0798838 0.691355	0.00281039 0.0602783
720	0 1	0.0689280 0.662628	0.00276060 0.0601870
721	0 1	0.0724782 0.660163	0.00279253 0.0602157
722	0 1	0.0754063 0.667879	0.00277014 0.0601578
723	0 1	0.0716264 0.659276	0.00277996 0.0601566
724	0 1	0.0729265 0.669744	0.00276099 0.0601267
725	0 1	0.0793599 0.684164	0.00274486 0.0600849
726	0 1	0.0770841 0.676606	0.00274108 0.0601026
727	0 1	0.0715946 0.661692	0.00273431 0.0600763
728	0 1	0.0664370 0.647753	0.00271386 0.0600642
729	0 1	0.0838009 0.684493	0.00273055 0.0599883
730	0 1	0.0744237 0.676010	0.00271545 0.0599788
731	0 1	0.0791427 0.680784	0.00271777 0.0598963
732	0 1	0.0775584 0.677732	0.00272692 0.0598952
733	0 1	0.0781048 0.673338	0.00272107 0.0598464
734	0 1	0.0676627 0.650024	0.00269076 0.0598098
735	0 1	0.0759768 0.673468	0.00270606 0.0597964
736	0 1	0.0670104 0.646884	0.00270051 0.0597602
737	0 1	0.0719708 0.661107	0.00267393 0.0596750
738	0 1	0.0751166 0.668074	0.00269324 0.0596965
739	0 1	0.0722324 0.659069	0.00269831 0.0596783
740	0 1	0.0705131 0.661403	0.00267805 0.0596067
741	0 1	0.0698225 0.663953	0.00267087 0.0595346
742	0 1	0.0778907 0.676390	0.00269410 0.0595102
743	0 1	0.0783172 0.679636	0.00269106 0.0594443
744	0 1	0.0679234 0.650021	0.00269732 0.0594466
745	0 1	0.0722557 0.666005	0.00271480 0.0595217
746	0 1	0.0712474 0.663477	0.00273738 0.0594878
747	0 1	0.0702057 0.650332	0.00272220 0.0593506
748	0 1	0.0759590 0.666693	0.00270223 0.0592368
749	0 1	0.0749499 0.666250	0.00273023 0.0592721
750	0 1	0.0681513 0.644663	0.00271503 0.0592403
751	0 1	0.0722087 0.661899	0.00274617 0.0592973
752	0 1	0.0753145 0.669432	0.00277663 0.0592933
753	0 1	0.0727734 0.662253	0.00275173 0.0591226
754	0 1	0.0759490 0.667778	0.00276235 0.0591914
755	0 1	0.0748592 0.670085	0.00277801 0.0591841
756	0 1	0.0787358 0.671824	0.00278705 0.0591924
757	0 1	0.0684308 0.651547	0.00278685 0.0591973
758	0 1	0.0686489 0.653666	0.00277361 0.0591159
759	0 1	0.0702049 0.659629	0.00275636 0.0590347
760	0 1	0.0713872 0.657962	0.00272969 0.0589215
761	0 1	0.0784260 0.679051	0.00271519 0.0588506
762	0 1	0.0733449 0.661943	0.00277034 0.0589393
763	0 1	0.0740958 0.668516	0.00278027 0.0589041
764	0 1	0.0714328 0.666935	0.00278618 0.0588785
765	0 1	0.0745039 0.674545	0.00279015 0.0588863
766	0 1	0.0707201 0.657879	0.00277223 0.0588309
767	0 1	0.0753710 0.659221	0.00276566 0.0588294
768	0 1	0.0739183 0.664557	0.00276872 0.0588278
769	0 1	0.0799198 0.678334	0.00273580 0.0587718
770	0 1	0.0688008 0.657236	0.00271658 0.0587464
771	0 1	0.0840213 0.686780	0.00270848 0.0587613
772	0 1	0.0661965 0.650929	0.00268394 0.0587189
773	0 1	0.0653618 0.653847	0.00265972 0.0586202
774	0 1	0.0750004 0.661645	0.00265409 0.0585259
775	0 1	0.0706476 0.661820	0.00265660 0.0585172
776	0 1	0.0760336 0.672608	0.00261784 0.0584086
777	0 1	0.0745842 0.668486	0.00262297 0.0584137
778	0 1	0.0724749 0.664314	0.00260316 0.0583198
779	0 1	0.0695647 0.653114	0.00259072 0.0582864
780	0 1	0.0746572 0.667931	0.00254988 0.0581503
781	0 1	0.0737841 0.667068	0.00255156 0.0581225
782	0 1	0.0791423 0.674362	0.00259126 0.0581743
783	0 1	0.0681875 0.649518	0.00259843 0.0582177
784	0 1	0.0697004 0.653814	0.00258083 0.0581944
785	0 1	0.0743843 0.665988	0.00260391 0.0582237
786	0 1	0.0692665 0.652436	0.00260458 0.0582471
787	0 1	0.0653052 0.646891	0.00258800 0.0582093
788	0 1	0.0778928 0.672307	0.00260192 0.0581565
789	0 1	0.0707003 0.654022	0.00262625 0.0581661
790	0 1	0.0688607 0.662480	0.00259758 0.0581112
791	0 1	0.0824078 0.685352	0.00264087 0.0581875
792	0 1	0.0762063 0.670079	0.00263987 0.0582049
793	0 1	0.0757189 0.667327	0.00262226 0.0581508
794	0 1	0.0725147 0.667795	0.00257352 0.0580671
795	0 1	0.0687033 0.653287	0.00255757 0.0580321
796	0 1	0.0841451 0.681509	0.00255291 0.0579672
797	0 1	0.0759328 0.673591	0.00254437 0.0580099
798	0 1	0.0751728 0.667263	0.00253355 0.0579037
799	0 1	0.0712261 0.656579	0.00253751 0.0578964
800	0 1	0.0690749 0.654475	0.00255277 0.0579388
801	0 1	0.0796788 0.675801	0.00255017 0.0579233
802	0 1	0.0748546 0.667305	0.00253965 0.0578533
803	0 1	0.0714899 0.662344	0.00253867 0.0578759
804	0 1	0.0736452 0.668947	0.00254300 0.0578491
805	0 1	0.0707348 0.654009	0.00254647 0.0578484
806	0 1	0.0679534 0.653184	0.00253109 0.0577802
807	0 1	0.0747386 0.662898	0.00249308 0.0577085
808	0 1	0.0771635 0.671872	0.00247393 0.0576454
809	0 1	0.0728118 0.666287	0.00246374 0.0575702
810	0 1	0.0823524 0.681152	0.00251826 0.0576515
811	0 1	0.0718108 0.662070	0.00250883 0.0575960
812	0 1	0.0688803 0.649016	0.00250854 0.0576771
813	0 1	0.0701823 0.660094	0.00250724 0.0576291
814	0 1	0.0777284 0.675031	0.00252482 0.0576560
815	0 1	0.0734384 0.664208	0.00248030 0.0575248
816	0 1	0.0693732 0.660785	0.00249537 0.0574486
817	0 1	0.0762590 0.672289	0.00250525 0.0574497
818	0 1	0.0737041 0.669024	0.00247479 0.0573552
819	0 1	0.0797245 0.676218	0.00250502 0.0575040
820	0 1	0.0690726 0.656852	0.00246994 0.0573159
821	0 1	0.0681867 0.648016	0.00244445 0.0572101
822	0 1	0.0705703 0.656208	0.00245847 0.0571903
823	0 1	0.0797614 0.672443	0.00245138 0.0571564
824	0 1	0.0752445 0.672217	0.00247190 0.0571696
825	0 1	0.0717625 0.664768	0.00247133 0.0570937
826	0 1	0.0725429 0.662546	0.00243992 0.0570050
827	0 1	0.0733488 0.657890	0.00244635 0.0569506
828	0 1	0.0779292 0.670441	0.00247197 0.0570205
829	0 1	0.0723816 0.665470	0.00246227 0.0569903
830	0 1	0.0693315 0.650100	0.00249290 0.0570071
831	0 1	0.0743167 0.666390	0.00252111 0.0570264
832	0 1	0.0730428 0.662004	0.00251345 0.0569885
833	0 1	0.0744905 0.670324	0.00252142 0.0569271
834	0 1	0.0778635 0.683400	0.00248614 0.0568784
835	0 1	0.0722676 0.658554	0.00247938 0.0568655
836	0 1	0.0709019 0.659850	0.00250127 0.0568358
837	0 1	0.0748508 0.665329	0.00252060 0.0568539
838	0 1	0.0704257 0.652778	0.00252796 0.0569014
839	0 1	0.0721049 0.659894	0.00249839 0.0568448
840	0 1	0.0697004 0.662418	0.00247722 0.0568372
841	0 1	0.0724461 0.664971	0.00247863 0.0568032
842	0 1	0.0735452 0.661274	0.00247480 0.0567864
843	0 1	0.0782397 0.675646	0.00245762 0.0567773
844	0 1	0.0778174 0.667450	0.00244585 0.0567886
845	0 1	0.0677225 0.652807	0.00243492 0.0567950
846	0 1	0.0746758 0.658387	0.00243007 0.0568255
847	0 1	0.0743442 0.661263	0.00243540 0.0567842
848	0 1	0.0859486 0.690511	0.00242276 0.0566995
849	0 1	0.0780499 0.671151	0.00243039 0.0567242
850	0 1	0.0737543 0.662811	0.00242360 0.0566655
851	0 1	0.0802489 0.683232	0.00243700 0.0566314
852	0 1	0.0708371 0.657673	0.00241954 0.0566478
853	0 1	0.0680845 0.649337	0.00238575 0.0565183
854	0 1	0.0735774 0.667185	0.00239263 0.0564773
855	0 1	0.0702579 0.656135	0.00238000 0.0564702
856	0 1	0.0768032 0.665521	0.00238741 0.0564564
857	0 1	0.0670611 0.646362	0.00240914 0.0564503
858	0 1	0.0697350 0.661488	0.00238622 0.0564358
859	0 1	0.0693790 0.650173	0.00237091 0.0563965
860	0 1	0.0733292 0.659163	0.00237429 0.0563935
861	0 1	0.0775802 0.669426	0.00237538 0.0562650
862	0 1	0.0681891 0.648470	0.00235933 0.0561974
863	0 1	0.0722342 0.659537	0.00235646 0.0562083
864	0 1	0.0752992 0.674113	0.00237049 0.0562392
865	0 1	0.0688001 0.651887	0.00233319 0.0562036
866	0 1	0.0736677 0.661565	0.00235693 0.0562382
867	0 1	0.0732146 0.665160	0.00237914 0.0562414
868	0 1	0.0831999 0.688112	0.00240594 0.0562836
869	0 1	0.0730390 0.669523	0.00240576 0.0562962
870	0 1	0.0754885 0.667990	0.00243701 0.0563739
871	0 1	0.0736693 0.658348	0.00243998 0.0564108
872	0 1	0.0660713 0.654582	0.00241674 0.0563826
873	0 1	0.0702873 0.650333	0.00240857 0.0563519
874	0 1	0.0709960 0.649230	0.00242869 0.0563843
875	0 1	0.0750979 0.662254	0.00245592 0.0564519
876	0 1	0.0696049 0.652202	0.00243564 0.0563674
877	0 1	0.0769852 0.672150	0.00242635 0.0563200
878	0 1	0.0759770 0.663387	0.00243422 0.0562593
879	0 1	0.0739927 0.664673	0.00242848 0.0562599
880	0 1	0.0727067 0.664104	0.00240937 0.0561930
881	0 1	0.0712926 0.659402	0.00237000 0.0560585
882	0 1	0.0685218 0.652370	0.00234728 0.0559686
883	0 1	0.0648342 0.634497	0.00234671 0.0559721
884	0 1	0.0704097 0.656316	0.00237411 0.0560524
885	0 1	0.0771178 0.678402	0.00237204 0.0560475
886	0 1	0.0740352 0.660806	0.00238761 0.0560438
887	0 1	0.0758106 0.663820	0.00240503 0.0560051
888	0 1	0.0756342 0.663363	0.00238974 0.0558800
889	0 1	0.0721144 0.659693	0.00237678 0.0558315
890	0 1	0.0746706 0.670652	0.00237393 0.0557822
891	0 1	0.0753582 0.670124	0.00238111 0.0557687
892	0 1	0.0716527 0.653942	0.00236878 0.0556570
893	0 1	0.0723481 0.661185	0.00236061 0.0556479
894	0 1	0.0739072 0.665290	0.00235903 0.0555596
895	0 1	0.0739861 0.653168	0.00236732 0.0556358
896	0 1	0.0767374 0.668738	0.00235208 0.0555963
897	0 1	0.0730983 0.658158	0.00235995 0.0555688
898	0 1	0.0677587 0.645950	0.00235550 0.0555966
899	0 1	0.0726089 0.660855	0.00231040 0.0555050
900	0 1	0.0748131 0.668345	0.00230114 0.0554405
901	0 1	0.0711351 0.654824	0.00231401 0.0555250
902	0 1	0.0734793 0.665925	0.00230434 0.0555020
903	0 1	0.0775645 0.670740	0.00230088 0.0555010
904	0 1	0.0735359 0.666431	0.00232753 0.0555125
905	0 1	0.0695205 0.653211	0.00234482 0.0555276
906	0 1	0.0771385 0.667053	0.00234384 0.0555111
907	0 1	0.0687208 0.655665	0.00233011 0.0554746
908	0 1	0.0740498 0.669898	0.00231019 0.0554190
909	0 1	0.0671396 0.645425	0.00228571 0.0552999
910	0 1	0.0735150 0.658161	0.00229264 0.0552511
911	0 1	0.0667361 0.647689	0.00229340 0.0552264
912	0 1	0.0708763 0.656215	0.00229878 0.0552395
913	0 1	0.0843894 0.686997	0.00233282 0.0553696
914	0 1	0.0745131 0.667250	0.00234425 0.0553988
915	0 1	0.0682608 0.648609	0.00237555 0.0554748
916	0 1	0.0716253 0.656193	0.00232892 0.0553376
917	0 1	0.0672879 0.650524	0.00233542 0.0553864
918	0 1	0.0712163 0.659473	0.00229610 0.0552586
919	0 1	0.0732221 0.663434	0.00230318 0.0552695
920	0 1	0.0715613 0.662923	0.00228337 0.0551913
921	0 1	0.0800364 0.683766	0.00225319 0.0550849
922	0 1	0.0747583 0.663604	0.00226441 0.0551253
923	0 1	0.0860111 0.692785	0.00231869 0.0552384
924	0 1	0.0790795 0.668566	0.00230121 0.0551873
925	0 1	0.0799853 0.677649	0.00229748 0.0551713
926	0 1	0.0741966 0.665850	0.00229206 0.0550983
927	0 1	0.0638824 0.636317	0.00224750 0.0550269
928	0 1	0.0687962 0.651801	0.00221625 0.0549494
929	0 1	0.0624003 0.635176	0.00221670 0.0549351
930	0 1	0.0808897 0.672644	0.00221516 0.0549554
931	0 1	0.0715500 0.657918	0.00224835 0.0550394
932	0 1	0.0740188 0.668452	0.00224182 0.0549994
933	0 1	0.0733040 0.658677	0.00222522 0.0549328
934	0 1	0.0715229 0.662226	0.00220294 0.0548376
935	0 1	0.0706844 0.659325	0.00219601 0.0547734
936	0 1	0.0733982 0.664652	0.00220399 0.0547903
937	0 1	0.0673579 0.645602	0.00219509 0.0547045
938	0 1	0.0704364 0.651159	0.00219905 0.0546686
939	0 1	0.0702584 0.649006	0.00223259 0.0547033
940	0 1	0.0683156 0.646492	0.00224144 0.0547211
941	0 1	0.0692793 0.654779	0.00220337 0.0546229
942	0 1	0.0770553 0.670196	0.00221510 0.0545864
943	0 1	0.0713257 0.660101	0.00219489 0.0545203
944	0 1	0.0718801 0.655783	0.00217609 0.0544516
945	0 1	0.0727264 0.655724	0.00219703 0.0545411
946	0 1	0.0710527 0.655961	0.00218980 0.0545001
947	0 1	0.0707528 0.652015	0.00220328 0.0544620
948	0 1	0.0737351 0.658027	0.00221244 0.0544832
949	0 1	0.0706725 0.648014	0.00226007 0.0545788
950	0 1	0.0673689 0.641567	0.00229077 0.0546511
951	0 1	0.0678431 0.639668	0.00225834 0.0545930
952	0 1	0.0750452 0.662295	0.00227876 0.0545771
953	0 1	0.0735570 0.660988	0.00227345 0.0545542
954	0 1	0.0733600 0.660177	0.00228396 0.0545327
955	0 1	0.0776000 0.671337	0.00229520 0.0544626
956	0 1	0.0674027 0.648783	0.00229887 0.0544604
957	0 1	0.0719053 0.650731	0.00231253 0.0544423
958	0 1	0.0724350 0.666511	0.00234537 0.0545202
959	0 1	0.0682786 0.648418	0.00234389 0.0545116
960	0 1	0.0765449 0.660630	0.00235986 0.0545107
961	0 1	0.0676419 0.649101	0.00235248 0.0545115
962	0 1	0.0731926 0.661081	0.00239870 0.0545906
963	0 1	0.0738266 0.667773	0.00242042 0.0546097
964	0 1	0.0734819 0.655852	0.00246356 0.0547265
965	0 1	0.0713223 0.660088	0.00241013 0.0546146
966	0 1	0.0722167 0.655903	0.00239902 0.0545510
967	0 1	0.0731522 0.660918	0.00241985 0.0545984
968	0 1	0.0716575 0.652169	0.00242309 0.0545988
969	0 1	0.0723739 0.660575	0.00242857 0.0545422
970	0 1	0.0706901 0.659587	0.00240554 0.0544396
971	0 1	0.0711519 0.652730	0.00238887 0.0544259
972	0 1	0.0744129 0.663311	0.00233792 0.0543109
973	0 1	0.0713784 0.657868	0.00237226 0.0543652
974	0 1	0.0721912 0.657925	0.00238350 0.0544116
975	0 1	0.0724423 0.657435	0.00232938 0.0543356
976	0 1	0.0719823 0.656700	0.00231190 0.0542504
977	0 1	0.0708956 0.661882	0.00233840 0.0543548
978	0 1	0.0759683 0.663439	0.00235974 0.0544214
979	0 1	0.0691800 0.652404	0.00237208 0.0544190
980	0 1	0.0738224 0.655904	0.00238867 0.0544308
981	0 1	0.0724558 0.659026	0.00235228 0.0542970
982	0 1	0.0827286 0.688830	0.00235851 0.0542676
983	0 1	0.0744035 0.668932	0.00233403 0.0541982
984	0 1	0.0716059 0.656397	0.00235509 0.0542166
985	0 1	0.0805945 0.679344	0.00235126 0.0542303
986	0 1	0.0745810 0.660883	0.00235859 0.0542284
987	0 1	0.0750953 0.659651	0.00238637 0.0542853
988	0 1	0.0716875 0.658217	0.00242799 0.0543408
989	0 1	0.0730165 0.652823	0.00243754 0.0543587
990	0 1	0.0723315 0.658235	0.00240396 0.0542896
991	0 1	0.0691281 0.645639	0.00240990 0.0542613
992	0 1	0.0758878 0.668773	0.00239900 0.0542355
993	0 1	0.0821306 0.678987	0.00240955 0.0542602
994	0 1	0.0761336 0.670372	0.00240502 0.0542657
995	0 1	0.0725507 0.661550	0.00236778 0.0541235
996	0 1	0.0702444 0.660889	0.00240274 0.0542157
997	0 1	0.0757069 0.666126	0.00241345 0.0541744
998	0 1	0.0698848 0.648413	0.00238349 0.0540344
999	0 1	0.0736189 0.657013	0.00238112 0.0540328
1000	0 1	0.0714745 0.656452	0.00234919 0.0539669
1001	0 1	0.0661743 0.635255	0.00236054 0.0540095
1002	0 1	0.0717115 0.663697	0.00234332 0.0539315
1003	0 1	0.0767515 0.667294	0.00235474 0.0539423
1004	0 1	0.0779267 0.677674	0.00234316 0.0539118
1005	0 1	0.0696728 0.655537	0.00235177 0.0539245
1006	0 1	0.0706467 0.655463	0.00235991 0.0539288
1007	0 1	0.0683674 0.645078	0.00234883 0.0538988
1008	0 1	0.0735482 0.666158	0.00232335 0.0538196
1009	0 1	0.0754937 0.671076	0.00231945 0.0537602
1010	0 1	0.0714946 0.649781	0.00227463 0.0536434
1011	0 1	0.0710533 0.654460	0.00228433 0.0536601
1012	0 1	0.0715685 0.651353	0.00226394 0.0535850
1013	0 1	0.0800576 0.664368	0.00230220 0.0536591
1014	0 1	0.0733849 0.666943	0.00228018 0.0535927
1015	0 1	0.0743031 0.658488	0.00231488 0.0536499
1016	0 1	0.0778886 0.674060	0.00229202 0.0535764
1017	0 1	0.0709127 0.655771	0.00231407 0.0535951
1018	0 1	0.0750610 0.661096	0.00233878 0.0536818
1019	0 1	0.0718896 0.644405	0.00235352 0.0536603
1020	0 1	0.0679040 0.649522	0.00230139 0.0536221
1021	0 1	0.0732768 0.655197	0.00227204 0.0535964
1022	0 1	0.0680462 0.641585	0.00227739 0.0535662
1023	0 1	0.0811681 0.679314	0.00231968 0.0536430
1024	0 1	0.0757466 0.660068	0.00233019 0.0535812
1025	0 1	0.0718777 0.661378	0.00232662 0.0535619
1026	0 1	0.0679559 0.649913	0.00230170 0.0534615
1027	0 1	0.0725481 0.654536	0.00231658 0.0535273
1028	0 1	0.0696628 0.652718	0.00231174 0.0534995
1029	0 1	0.0719427 0.657384	0.00231077 0.0535158
1030	0 1	0.0732914 0.668003	0.00228564 0.0534684
1031	0 1	0.0732035 0.658095	0.00229114 0.0534811
1032	0 1	0.0687599 0.649838	0.00230214 0.0534768
1033	0 1	0.0695159 0.651948	0.00232644 0.0535154
1034	0 1	0.0762277 0.664450	0.00234587 0.0535838
1035	0 1	0.0698461 0.660302	0.00233181 0.0534518
1036	0 1	0.0711058 0.650823	0.00228557 0.0533126
1037	0 1	0.0717450 0.653550	0.00230738 0.0532972
1038	0 1	0.0696297 0.653483	0.00231686 0.0533144
1039	0 1	0.0745667 0.662624	0.00230155 0.0533101
1040	0 1	0.0718142 0.654627	0.00234433 0.0533554
1041	0 1	0.0731620 0.659460	0.00233143 0.0532977
1042	0 1	0.0729754 0.654436	0.00233969 0.0532460
1043	0 1	0.0724381 0.660157	0.00235046 0.0533045
1044	0 1	0.0688341 0.650141	0.00232421 0.0532723
1045	0 1	0.0674714 0.644690	0.00231817 0.0532419
1046	0 1	0.0757276 0.676060	0.00228446 0.0530864
1047	0 1	0.0712233 0.649819	0.00230089 0.0530916
1048	0 1	0.0711153 0.652072	0.00233720 0.0530936
1049	0 1	0.0722508 0.650096	0.00233488 0.0530807
1050	0 1	0.0739388 0.663190	0.00230420 0.0529982
1051	0 1	0.0739347 0.668429	0.00228523 0.0529035
1052	0 1	0.0761929 0.670335	0.00227948 0.0528348
1053	0 1	0.0751709 0.661086	0.00227647 0.0527781
1054	0 1	0.0685727 0.645802	0.00225515 0.0527569
1055	0 1	0.0744092 0.661623	0.00224221 0.0527288
1056	0 1	0.0751424 0.657844	0.00226215 0.0527741
1057	0 1	0.0753933 0.667537	0.00221824 0.0527079
1058	0 1	0.0719336 0.672950	0.00220222 0.0526084
1059	0 1	0.0790924 0.677231	0.00216811 0.0524375
1060	0 1	0.0782748 0.671152	0.00214747 0.0523662
1061	0 1	0.0722373 0.655749	0.00212639 0.0522848
1062	0 1	0.0762838 0.670783	0.00214811 0.0522953
1063	0 1	0.0826854 0.682722	0.00216405 0.0522467
1064	0 1	0.0696250 0.652686	0.00215787 0.0522000
1065	0 1	0.0738159 0.658261	0.00213372 0.0521433
1066	0 1	0.0822778 0.680733	0.00213038 0.0521220
1067	0 1	0.0689420 0.648051	0.00213940 0.0521168
1068	0 1	0.0706728 0.654735	0.00212126 0.0520286
1069	0 1	0.0762211 0.666675	0.00213803 0.0520123
1070	0 1	0.0749612 0.662952	0.00215837 0.0519434
1071	0 1	0.0740183 0.661839	0.00216092 0.0519048
1072	0 1	0.0838077 0.683748	0.00216451 0.0518232
1073	0 1	0.0712801 0.649387	0.00217493 0.0518272
1074	0 1	0.0703873 0.652315	0.00217095 0.0517480
1075	0 1	0.0770271 0.670208	0.00213582 0.0516430
1076	0 1	0.0756645 0.661710	0.00215724 0.0516619
1077	0 1	0.0755733 0.658852	0.00213245 0.0515593
1078	0 1	0.0691649 0.657178	0.00215295 0.0515491
1079	0 1	0.0671647 0.641433	0.00212733 0.0515297
1080	0 1	0.0752502 0.668143	0.00213974 0.0515962
1081	0 1	0.0693385 0.643716	0.00215364 0.0516867
1082	0 1	0.0713118 0.659840	0.00214429 0.0516581
1083	0 1	0.0729068 0.664199	0.00215725 0.0516883
1084	0 1	0.0723693 0.661765	0.00213515 0.0516369
1085	0 1	0.0759380 0.661845	0.00212605 0.0515678
1086	0 1	0.0736260 0.659197	0.00210198 0.0515010
1087	0 1	0.0730203 0.658894	0.00211706 0.0515438
1088	0 1	0.0742288 0.662410	0.00213452 0.0516228
1089	0 1	0.0729621 0.659140	0.00212325 0.0515599
1090	0 1	0.0692611 0.649417	0.00211390 0.0514911
1091	0 1	0.0753140 0.663285	0.00209515 0.0514576
1092	0 1	0.0693284 0.647496	0.00208497 0.0514017
1093	0 1	0.0663706 0.644036	0.00210001 0.0514195
1094	0 1	0.0713754 0.652618	0.00211634 0.0514852
1095	0 1	0.0771524 0.665808	0.00213830 0.0515879
1096	0 1	0.0787443 0.680882	0.00216294 0.0515655
1097	0 1	0.0681873 0.651605	0.00216542 0.0515929
1098	0 1	0.0732708 0.660115	0.00214231 0.0515263
1099	0 1	0.0723461 0.659799	0.00213873 0.0514129
1100	0 1	0.0697404 0.653335	0.00212075 0.0513983
1101	0 1	0.0671556 0.644865	0.00212052 0.0513912
1102	0 1	0.0759664 0.667597	0.00214486 0.0514615
1103	0 1	0.0717807 0.653359	0.00214537 0.0514545
1104	0 1	0.0724928 0.662530	0.00213875 0.0514647
1105	0 1	0.0735954 0.657794	0.00217086 0.0515148
1106	0 1	0.0697201 0.654036	0.00216378 0.0516066
1107	0 1	0.0668000 0.652594	0.00215814 0.0516566
1108	0 1	0.0690382 0.643328	0.00215341 0.0516567
1109	0 1	0.0665156 0.638640	0.00216271 0.0516795
1110	0 1	0.0703387 0.649770	0.00210933 0.0515928
1111	0 1	0.0784370 0.672755	0.00211473 0.0515938
1112	0 1	0.0681197 0.649358	0.00209762 0.0515187
1113	0 1	0.0695153 0.644843	0.00213107 0.0515888
1114	0 1	0.0720482 0.666456	0.00212334 0.0515860
1115	0 1	0.0663393 0.644890	0.00211196 0.0515030
1116	0 1	0.0762668 0.667701	0.00208631 0.0513696
1117	0 1	0.0777250 0.662319	0.00211575 0.0513970
1118	0 1	0.0727219 0.655397	0.00214418 0.0514326
1119	0 1	0.0702443 0.647098	0.00210992 0.0513523
1120	0 1	0.0726618 0.658071	0.00208296 0.0513303
1121	0 1	0.0710924 0.656468	0.00206946 0.0512861
1122	0 1	0.0757870 0.669397	0.00205243 0.0512498
1123	0 1	0.0674546 0.644581	0.00207327 0.0512653
1124	0 1	0.0657211 0.640483	0.00204878 0.0511684
1125	0 1	0.0769145 0.659508	0.00203771 0.0510924
1126	0 1	0.0682242 0.652547	0.00204630 0.0511216
1127	0 1	0.0749506 0.660698	0.00206423 0.0511379
1128	0 1	0.0793273 0.666758	0.00204642 0.0510131
1129	0 1	0.0747810 0.665030	0.00203631 0.0509458
1130	0 1	0.0726294 0.657635	0.00200320 0.0508910
1131	0 1	0.0771694 0.675132	0.00203675 0.0509312
1132	0 1	0.0702299 0.651762	0.00206437 0.0509857
1133	0 1	0.0717949 0.656720	0.00207504 0.0509867
1134	0 1	0.0767676 0.673326	0.00206308 0.0508963
1135	0 1	0.0716800 0.651254	0.00205719 0.0508434
1136	0 1	0.0713945 0.662150	0.00202898 0.0507994
1137	0 1	0.0767484 0.667734	0.00201000 0.0507292
1138	0 1	0.0762999 0.662045	0.00202830 0.0507117
1139	0 1	0.0736498 0.666253	0.00199794 0.0506119
1140	0 1	0.0795398 0.670631	0.00199927 0.0505277
1141	0 1	0.0743086 0.661460	0.00202103 0.0505409
1142	0 1	0.0777076 0.665747	0.00200991 0.0504733
1143	0 1	0.0711939 0.658212	0.00202010 0.0504873
1144	0 1	0.0747866 0.662701	0.00202541 0.0504933
1145	0 1	0.0743240 0.660837	0.00201074 0.0505162
1146	0 1	0.0660343 0.647886	0.00198878 0.0505229
1147	0 1	0.0707048 0.645745	0.00200176 0.0505195
1148	0 1	0.0774554 0.665379	0.00199211 0.0504892
1149	0 1	0.0730531 0.657755	0.00201094 0.0505201
1150	0 1	0.0735428 0.658442	0.00201630 0.0505282
1151	0 1	0.0691050 0.649943	0.00202034 0.0505473
1152	0 1	0.0755716 0.664884	0.00203085 0.0505415
1153	0 1	0.0741854 0.661773	0.00201237 0.0504698
1154	0 1	0.0717497 0.657649	0.00201899 0.0504559
1155	0 1	0.0701128 0.650451	0.00204401 0.0504883
1156	0 1	0.0757053 0.661440	0.00205377 0.0505113
1157	0 1	0.0656309 0.633553	0.00204863 0.0504722
1158	0 1	0.0748349 0.655465	0.00207431 0.0505432
1159	0 1	0.0781393 0.671027	0.00205791 0.0504745
1160	0 1	0.0696308 0.646924	0.00205322 0.0505008
1161	0 1	0.0722497 0.656640	0.00204273 0.0504642
1162	0 1	0.0721181 0.650849	0.00203598 0.0504161
1163	0 1	0.0663113 0.638712	0.00203087 0.0504391
1164	0 1	0.0709773 0.653310	0.00203335 0.0504609
1165	0 1	0.0714915 0.655898	0.00206966 0.0505351
1166	0 1	0.0712550 0.652979	0.00203186 0.0504188
1167	0 1	0.0694004 0.645608	0.00200353 0.0503479
1168	0 1	0.0708989 0.649796	0.00200652 0.0503802
1169	0 1	0.0714318 0.651625	0.00198821 0.0502791
1170	0 1	0.0682538 0.643845	0.00197154 0.0501345
1171	0 1	0.0739727 0.659446	0.00199209 0.0502087
1172	0 1	0.0777906 0.668478	0.00198157 0.0501731
1173	0 1	0.0704032 0.653994	0.00196069 0.0501537
1174	0 1	0.0684432 0.648306	0.00198619 0.0501645
1175	0 1	0.0730039 0.648374	0.00199953 0.0501789
1176	0 1	0.0758109 0.667721	0.00202576 0.0502341
1177	0 1	0.0741773 0.659299	0.00203029 0.0502202
1178	0 1	0.0709842 0.653057	0.00200247 0.0501352
1179	0 1	0.0728016 0.657849	0.00199318 0.0501279
1180	0 1	0.0749234 0.659456	0.00199408 0.0501048
1181	0 1	0.0738465 0.664336	0.00198775 0.0500669
1182	0 1	0.0738677 0.660929	0.00195543 0.0499785
1183	0 1	0.0723720 0.651436	0.00200287 0.0500858
1184	0 1	0.0720373 0.656727	0.00199275 0.0500811
1185	0 1	0.0695351 0.654296	0.00197684 0.0500672
1186	0 1	0.0843073 0.684881	0.00198482 0.0500505
1187	0 1	0.0764016 0.657787	0.00197186 0.0499992
1188	0 1	0.0735998 0.663942	0.00198508 0.0500032
1189	0 1	0.0794580 0.676068	0.00200674 0.0500802
1190	0 1	0.0766523 0.663193	0.00198537 0.0499958
1191	0 1	0.0694048 0.655935	0.00196265 0.0499017
1192	0 1	0.0725227 0.657239	0.00196891 0.0498923
1193	0 1	0.0666287 0.643782	0.00195397 0.0499673
1194	0 1	0.0840279 0.685129	0.00196436 0.0499301
1195	0 1	0.0730299 0.651903	0.00200419 0.0499773
1196	0 1	0.0714907 0.648215	0.00201389 0.0499807
1197	0 1	0.0692141 0.647372	0.00199959 0.0498989
1198	0 1	0.0680762 0.643997	0.00199711 0.0498797
1199	0 1	0.0688381 0.643101	0.00195473 0.0497924
1200	0 1	0.0854262 0.683717	0.00197196 0.0497676
1201	0 1	0.0682217 0.644091	0.00197632 0.0497295
1202	0 1	0.0725772 0.666057	0.00194799 0.0496551
1203	0 1	0.0764750 0.662388	0.00192837 0.0495938
1204	0 1	0.0748653 0.664834	0.00192613 0.0495313
1205	0 1	0.0732171 0.660914	0.00193824 0.0495089
1206	0 1	0.0750278 0.659701	0.00194057 0.0495013
1207	0 1	0.0677181 0.653759	0.00194510 0.0494523
1208	0 1	0.0720767 0.658023	0.00195772 0.0494903
1209	0 1	0.0704584 0.649179	0.00195651 0.0493968
1210	0 1	0.0683845 0.654788	0.00192759 0.0493263
1211	0 1	0.0745881 0.657653	0.00196637 0.0493718
1212	0 1	0.0725707 0.655678	0.00196687 0.0493673
1213	0 1	0.0764631 0.669577	0.00194457 0.0493611
1214	0 1	0.0675602 0.643996	0.00193054 0.0493286
1215	0 1	0.0776077 0.671228	0.00191444 0.0492885
1216	0 1	0.0763338 0.663562	0.00193536 0.0492983
1217	0 1	0.0694662 0.662588	0.00190358 0.0491893
1218	0 1	0.0724748 0.653345	0.00191613 0.0492151
1219	0 1	0.0697544 0.650890	0.00192200 0.0492728
1220	0 1	0.0730709 0.659407	0.00192222 0.0492812
1221	0 1	0.0699584 0.645649	0.00190814 0.0492602
1222	0 1	0.0744457 0.653370	0.00193109 0.0493211
1223	0 1	0.0743915 0.655508	0.00193122 0.0492929
1224	0 1	0.0763351 0.663341	0.00190807 0.0491887
1225	0 1	0.0770707 0.664423	0.00187483 0.0491054
1226	0 1	0.0707842 0.651656	0.00186182 0.0490463
1227	0 1	0.0767357 0.663825	0.00187427 0.0490150
1228	0 1	0.0803235 0.677209	0.00187493 0.0489827
1229	0 1	0.0699754 0.655502	0.00186699 0.0489322
1230	0 1	0.0744604 0.660173	0.00187208 0.0489493
1231	0 1	0.0735834 0.666155	0.00186265 0.0488754
1232	0 1	0.0742658 0.661512	0.00186894 0.0489238
1233	0 1	0.0700642 0.644762	0.00190727 0.0489795
1234	0 1	0.0698971 0.651587	0.00188992 0.0488824
1235	0 1	0.0734157 0.660684	0.00189709 0.0489548
1236	0 1	0.0744156 0.658940	0.00190353 0.0490192
1237	0 1	0.0706882 0.651666	0.00188123 0.0490225
1238	0 1	0.0768623 0.663049	0.00189167 0.0490076
1239	0 1	0.0741193 0.662335	0.00186735 0.0489816
1240	0 1	0.0696715 0.648969	0.00186307 0.0489757
1241	0 1	0.0772632 0.669114	0.00182888 0.0489076
1242	0 1	0.0745213 0.662618	0.00181418 0.0488780
1243	0 1	0.0736465 0.655512	0.00182119 0.0488522
1244	0 1	0.0658952 0.636605	0.00181977 0.0488008
1245	0 1	0.0776349 0.662724	0.00182271 0.0487824
1246	0 1	0.0778172 0.670060	0.00180145 0.0487278
1247	0 1	0.0770476 0.666028	0.00180948 0.0487527
1248	0 1	0.0779863 0.668615	0.00180715 0.0486565
1249	0 1	0.0743431 0.657980	0.00180328 0.0486758
1250	0 1	0.0742591 0.655187	0.00181313 0.0486505
1251	0 1	0.0769941 0.670848	0.00183286 0.0486374
1252	0 1	0.0704787 0.649864	0.00181986 0.0485600
1253	0 1	0.0739236 0.663058	0.00182457 0.0485279
1254	0 1	0.0743810 0.660414	0.00184143 0.0485611
1255	0 1	0.0765156 0.667458	0.00183155 0.0485121
1256	0 1	0.0702016 0.652583	0.00183386 0.0484794
1257	0 1	0.0719861 0.659713	0.00181522 0.0484565
1258	0 1	0.0749987 0.666199	0.00182801 0.0485563
1259	0 1	0.0752520 0.665310	0.00181339 0.0484913
1260	0 1	0.0758089 0.673673	0.00180450 0.0484538
1261	0 1	0.0718441 0.658027	0.00182037 0.0484539
1262	0 1	0.0713039 0.661610	0.00179561 0.0483598
1263	0 1	0.0760914 0.660168	0.00182977 0.0483707
1264	0 1	0.0747076 0.655862	0.00184968 0.0484421
1265	0 1	0.0708360 0.652288	0.00186459 0.0484673
1266	0 1	0.0763588 0.668475	0.00185536 0.0483886
1267	0 1	0.0807358 0.671754	0.00184613 0.0483988
1268	0 1	0.0780484 0.669554	0.00182981 0.0482977
1269	0 1	0.0734384 0.655391	0.00184573 0.0483080
1270	0 1	0.0782637 0.668764	0.00184085 0.0482505
1271	0 1	0.0725848 0.660057	0.00183947 0.0482815
1272	0 1	0.0746156 0.658653	0.00182778 0.0482102
1273	0 1	0.0752966 0.652598	0.00183838 0.0481969
1274	0 1	0.0730832 0.665509	0.00180036 0.0480927
1275	0 1	0.0623407 0.630893	0.00180845 0.0481175
1276	0 1	0.0834483 0.686982	0.00183577 0.0481516
1277	0 1	0.0696798 0.650944	0.00183481 0.0482019
1278	0 1	0.0746714 0.663215	0.00186872 0.0482197
1279	0 1	0.0707732 0.646745	0.00185218 0.0481396
1280	0 1	0.0750840 0.662580	0.00182409 0.0480561
1281	0 1	0.0753635 0.663173	0.00180594 0.0480057
1282	0 1	0.0666287 0.635498	0.00180539 0.0479749
1283	0 1	0.0725598 0.661710	0.00178593 0.0479246
1284	0 1	0.0814311 0.671989	0.00182351 0.0480000
1285	0 1	0.0723556 0.653048	0.00184359 0.0480326
1286	0 1	0.0706849 0.649227	0.00184930 0.0480288
1287	0 1	0.0819953 0.676278	0.00184376 0.0480011
1288	0 1	0.0721796 0.654210	0.00183067 0.0479688
1289	0 1	0.0738890 0.657565	0.00183128 0.0479823
1290	0 1	0.0671046 0.637820	0.00184523 0.0479962
1291	0 1	0.0720554 0.650899	0.00181068 0.0479557
1292	0 1	0.0739870 0.659548	0.00179045 0.0479035
1293	0 1	0.0694394 0.649864	0.00179438 0.0479068
1294	0 1	0.0731381 0.654404	0.00177886 0.0478189
1295	0 1	0.0683634 0.649077	0.00175268 0.0477134
1296	0 1	0.0741505 0.659641	0.00174970 0.0476634
1297	0 1	0.0690508 0.655881	0.00174607 0.0476584
1298	0 1	0.0766234 0.665637	0.00176662 0.0477676
1299	0 1	0.0758927 0.655906	0.00175677 0.0477212
1300	0 1	0.0744291 0.661073	0.00174732 0.0476459
1301	0 1	0.0701090 0.647582	0.00175743 0.0476299
1302	0 1	0.0733642 0.655748	0.00175200 0.0475981
1303	0 1	0.0731401 0.658595	0.00173067 0.0475882
1304	0 1	0.0799874 0.674602	0.00174460 0.0476281
1305	0 1	0.0726618 0.650584	0.00178305 0.0475806
1306	0 1	0.0800118 0.665718	0.00177275 0.0475585
1307	0 1	0.0740798 0.662506	0.00179717 0.0476209
1308	0 1	0.0716411 0.652950	0.00177207 0.0475543
1309	0 1	0.0717785 0.654369	0.00177207 0.0475419
1310	0 1	0.0677997 0.647000	0.00176692 0.0474972
1311	0 1	0.0719701 0.646602	0.00176482 0.0474793
1312	0 1	0.0706636 0.651960	0.00176624 0.0474387
1313	0 1	0.0702168 0.650651	0.00179052 0.0474530
1314	0 1	0.0701122 0.647315	0.00183290 0.0475338
1315	0 1	0.0677662 0.641524	0.00185059 0.0475803
1316	0 1	0.0659639 0.630978	0.00185458 0.0475641
1317	0 1	0.0712452 0.652041	0.00186792 0.0475426
1318	0 1	0.0685340 0.656731	0.00186759 0.0475506
1319	0 1	0.0765101 0.671397	0.00185994 0.0475139
1320	0 1	0.0731726 0.658567	0.00184684 0.0474867
1321	0 1	0.0742309 0.651081	0.00186155 0.0475114
1322	0 1	0.0710436 0.652656	0.00187601 0.0475787
1323	0 1	0.0746221 0.658541	0.00187947 0.0476413
1324	0 1	0.0734651 0.662182	0.00187590 0.0477008
1325	0 1	0.0700786 0.644450	0.00188553 0.0477164
1326	0 1	0.0712954 0.654441	0.00189327 0.0477751
1327	0 1	0.0707836 0.662171	0.00188110 0.0478029
1328	0 1	0.0735324 0.660455	0.00187701 0.0478054
1329	0 1	0.0775302 0.667103	0.00188182 0.0477537
1330	0 1	0.0841244 0.677760	0.00186165 0.0477126
1331	0 1	0.0726418 0.655008	0.00187723 0.0477256
1332	0 1	0.0708617 0.651446	0.00187151 0.0476805
1333	0 1	0.0718948 0.647595	0.00186800 0.0476260
1334	0 1	0.0739547 0.653379	0.00186750 0.0475688
1335	0 1	0.0789833 0.675794	0.00185655 0.0475355
1336	0 1	0.0769687 0.664777	0.00186966 0.0475668
1337	0 1	0.0782709 0.666249	0.00188792 0.0476074
1338	0 1	0.0726160 0.661493	0.00189434 0.0475963
1339	0 1	0.0793803 0.669240	0.00191614 0.0475952
1340	0 1	0.0730090 0.655817	0.00192302 0.0475826
1341	0 1	0.0768438 0.668555	0.00192545 0.0475370
1342	0 1	0.0721057 0.650459	0.00192944 0.0475487
1343	0 1	0.0731097 0.653465	0.00193521 0.0475411
1344	0 1	0.0719568 0.652154	0.00192114 0.0475164
1345	0 1	0.0728163 0.652863	0.00193818 0.0476233
1346	0 1	0.0706415 0.647671	0.00191546 0.0475121
1347	0 1	0.0717519 0.646837	0.00191258 0.0475054
1348	0 1	0.0716757 0.649738	0.00189679 0.0475468
1349	0 1	0.0715284 0.654139	0.00188980 0.0475438
1350	0 1	0.0716446 0.647078	0.00189829 0.0475745
1351	0 1	0.0674811 0.641625	0.00188713 0.0475202
1352	0 1	0.0764495 0.668203	0.00187992 0.0474314
1353	0 1	0.0744706 0.656576	0.00190950 0.0474765
1354	0 1	0.0686935 0.645332	0.00192658 0.0475094
1355	0 1	0.0771216 0.669424	0.00192914 0.0474977
1356	0 1	0.0698650 0.653288	0.00191749 0.0474886
1357	0 1	0.0764884 0.670683	0.00189589 0.0474512
1358	0 1	0.0713866 0.651729	0.00187794 0.0474725
1359	0 1	0.0703711 0.647025	0.00191052 0.0475112
1360	0 1	0.0738921 0.657490	0.00188940 0.0474784
1361	0 1	0.0684019 0.641502	0.00190303 0.0475149
1362	0 1	0.0681328 0.653133	0.00191789 0.0475531
1363	0 1	0.0747370 0.657837	0.00191470 0.0475797
1364	0 1	0.0724858 0.655571	0.00190131 0.0475313
1365	0 1	0.0752099 0.662163	0.00189227 0.0475098
1366	0 1	0.0693465 0.647167	0.00188783 0.0474831
1367	0 1	0.0743427 0.660933	0.00188109 0.0474939
1368	0 1	0.0693427 0.645701	0.00187929 0.0474553
1369	0 1	0.0771188 0.667657	0.00188869 0.0474792
1370	0 1	0.0683622 0.642739	0.00187475 0.0474193
1371	0 1	0.0735727 0.659212	0.00189475 0.0474770
1372	0 1	0.0789407 0.669998	0.00190978 0.0474654
1373	0 1	0.0707672 0.654689	0.00190069 0.0474720
1374	0 1	0.0741067 0.662207	0.00192842 0.0474572
1375	0 1	0.0689573 0.645200	0.00190150 0.0473570
1376	0 1	0.0730401 0.646533	0.00194947 0.0475962
1377	0 1	0.0720946 0.651789	0.00197183 0.0476515
1378	0 1	0.0762672 0.665385	0.00197550 0.0476539
1379	0 1	0.0751184 0.658759	0.00200812 0.0477349
1380	0 1	0.0753904 0.664857	0.00199311 0.0477158
1381	0 1	0.0758224 0.665646	0.00196344 0.0476530
1382	0 1	0.0747927 0.660059	0.00194796 0.0475812
1383	0 1	0.0687452 0.653805	0.00192695 0.0474811
1384	0 1	0.0673483 0.637192	0.00189706 0.0473797
1385	0 1	0.0755223 0.663495	0.00191349 0.0474294
1386	0 1	0.0753720 0.666214	0.00188921 0.0472926
1387	0 1	0.0766742 0.669482	0.00185542 0.0471668
1388	0 1	0.0748216 0.655514	0.00186808 0.0471555
1389	0 1	0.0742257 0.661087	0.00189126 0.0472290
1390	0 1	0.0752028 0.665339	0.00186711 0.0471870
1391	0 1	0.0748194 0.661301	0.00189987 0.0472452
1392	0 1	0.0725562 0.653301	0.00189508 0.0472553
1393	0 1	0.0711389 0.652128	0.00186672 0.0471917
1394	0 1	0.0709937 0.655761	0.00185771 0.0471464
1395	0 1	0.0795128 0.678647	0.00184041 0.0470534
1396	0 1	0.0786385 0.668849	0.00183880 0.0470169
1397	0 1	0.0784166 0.665697	0.00185432 0.0470817
1398	0 1	0.0682003 0.640282	0.00183741 0.0470385
1399	0 1	0.0716396 0.654078	0.00182885 0.0469924
1400	0 1	0.0727991 0.654740	0.00187530 0.0471757
1401	0 1	0.0691032 0.652591	0.00185734 0.0471255
1402	0 1	0.0724990 0.653460	0.00183007 0.0470737
1403	0 1	0.0743888 0.653269	0.00183943 0.0470484
1404	0 1	0.0757529 0.669318	0.00179441 0.0469248
1405	0 1	0.0778862 0.668210	0.00177115 0.0468948
1406	0 1	0.0795134 0.671027	0.00176140 0.0468880
1407	0 1	0.0721794 0.657849	0.00176193 0.0469457
1408	0 1	0.0750729 0.657061	0.00174710 0.0468494
1409	0 1	0.0720756 0.661085	0.00174610 0.0468681
1410	0 1	0.0733922 0.644825	0.00172442 0.0467618
1411	0 1	0.0757803 0.656687	0.00173592 0.0468723
1412	0 1	0.0770068 0.661275	0.00171748 0.0468021
1413	0 1	0.0785702 0.673500	0.00172391 0.0467973
1414	0 1	0.0731714 0.655293	0.00171979 0.0467966
1415	0 1	0.0703103 0.647698	0.00171309 0.0467581
1416	0 1	0.0721283 0.654481	0.00171403 0.0467361
1417	0 1	0.0743962 0.668471	0.00171157 0.0466609
1418	0 1	0.0686208 0.643324	0.00170291 0.0466845
1419	0 1	0.0670300 0.638147	0.00168723 0.0466492
1420	0 1	0.0698082 0.654534	0.00169504 0.0466697
1421	0 1	0.0742699 0.660779	0.00167191 0.0465813
1422	0 1	0.0701858 0.649283	0.00167683 0.0465837
1423	0 1	0.0785429 0.664959	0.00167398 0.0466013
1424	0 1	0.0701872 0.647603	0.00168888 0.0466076
1425	0 1	0.0740734 0.667525	0.00167693 0.0465420
1426	0 1	0.0742795 0.655067	0.00170698 0.0465856
1427	0 1	0.0752921 0.656258	0.00171124 0.0466725
1428	0 1	0.0767867 0.664218	0.00171220 0.0466996
1429	0 1	0.0734110 0.656268	0.00173514 0.0467003
1430	0 1	0.0820626 0.667865	0.00171841 0.0466111
1431	0 1	0.0770172 0.670264	0.00172172 0.0465628
1432	0 1	0.0818513 0.680614	0.00172125 0.0465794
1433	0 1	0.0735429 0.667828	0.00169554 0.0464221
1434	0 1	0.0684954 0.639915	0.00168206 0.0463815
1435	0 1	0.0750251 0.660929	0.00169733 0.0463953
1436	0 1	0.0722471 0.658435	0.00170457 0.0464553
1437	0 1	0.0793404 0.673363	0.00168515 0.0463541
1438	0 1	0.0782150 0.662734	0.00167197 0.0463040
1439	0 1	0.0662586 0.641877	0.00166211 0.0462538
1440	0 1	0.0743053 0.655357	0.00165293 0.0462482
1441	0 1	0.0722414 0.655268	0.00166196 0.0462760
1442	0 1	0.0758318 0.660359	0.00167279 0.0462220
1443	0 1	0.0697249 0.641987	0.00167318 0.0462477
1444	0 1	0.0689387 0.642105	0.00166220 0.0462189
1445	0 1	0.0749069 0.663593	0.00167511 0.0462118
1446	0 1	0.0706153 0.657218	0.00166457 0.0462463
1447	0 1	0.0698722 0.651543	0.00164625 0.0462010
1448	0 1	0.0794016 0.669633	0.00166249 0.0461945
1449	0 1	0.0706714 0.648689	0.00166588 0.0461843
1450	0 1	0.0714006 0.648939	0.00164745 0.0461568
1451	0 1	0.0668558 0.647288	0.00163521 0.0461174
1452	0 1	0.0795732 0.672019	0.00162112 0.0460990
1453	0 1	0.0673762 0.648320	0.00163409 0.0461472
1454	0 1	0.0758460 0.657223	0.00165553 0.0461802
1455	0 1	0.0723269 0.649962	0.00165066 0.0461388
1456	0 1	0.0764136 0.655144	0.00165553 0.0461375
1457	0 1	0.0659491 0.632400	0.00163590 0.0461106
1458	0 1	0.0778191 0.663959	0.00163005 0.0460835
1459	0 1	0.0692393 0.645944	0.00162061 0.0460720
1460	0 1	0.0668071 0.640155	0.00163916 0.0460940
1461	0 1	0.0809039 0.675116	0.00162201 0.0460614
1462	0 1	0.0753021 0.665526	0.00160684 0.0459506
1463	0 1	0.0754980 0.666937	0.00161610 0.0459677
1464	0 1	0.0694936 0.647396	0.00161102 0.0459210
1465	0 1	0.0707619 0.652782	0.00162530 0.0459545
1466	0 1	0.0709152 0.645941	0.00160169 0.0458343
1467	0 1	0.0658845 0.636935	0.00160494 0.0458045
1468	0 1	0.0830633 0.679331	0.00160099 0.0457942
1469	0 1	0.0804877 0.673032	0.00159491 0.0457332
1470	0 1	0.0862027 0.683472	0.00159877 0.0457314
1471	0 1	0.0775554 0.665251	0.00157961 0.0456850
1472	0 1	0.0726399 0.659494	0.00158122 0.0457139
1473	0 1	0.0679582 0.644398	0.00156496 0.0456574
1474	0 1	0.0718131 0.652597	0.00155885 0.0456444
1475	0 1	0.0729532 0.656551	0.00157552 0.0456656
1476	0 1	0.0617664 0.628017	0.00155995 0.0456613
1477	0 1	0.0788432 0.678512	0.00159202 0.0457229
1478	0 1	0.0779621 0.664617	0.00159123 0.0457520
1479	0 1	0.0707607 0.648169	0.00159158 0.0457543
1480	0 1	0.0748231 0.662396	0.00160693 0.0458283
1481	0 1	0.0748086 0.659390	0.00162179 0.0458789
1482	0 1	0.0726477 0.657213	0.00162889 0.0458958
1483	0 1	0.0740318 0.661701	0.00161510 0.0458299
1484	0 1	0.0688841 0.649795	0.00161851 0.0458587
1485	0 1	0.0696018 0.646821	0.00159862 0.0458290
1486	0 1	0.0687795 0.642742	0.00162732 0.0458351
1487	0 1	0.0714551 0.655745	0.00161944 0.0458269
1488	0 1	0.0738475 0.657869	0.00160516 0.0457709
1489	0 1	0.0804983 0.673768	0.00160890 0.0457363
1490	0 1	0.0750231 0.661629	0.00158961 0.0456991
1491	0 1	0.0717144 0.653256	0.00158020 0.0456850
1492	0 1	0.0751092 0.665556	0.00157475 0.0456514
1493	0 1	0.0776089 0.664093	0.00156955 0.0456887
1494	0 1	0.0741837 0.657134	0.00155910 0.0456387
1495	0 1	0.0648932 0.625917	0.00157350 0.0456276
1496	0 1	0.0774249 0.665951	0.00156637 0.0455958
1497	0 1	0.0691998 0.652390	0.00153930 0.0454669
1498	0 1	0.0733538 0.653601	0.00153774 0.0454683
1499	0 1	0.0740174 0.657381	0.00152794 0.0454233
1500	0 1	0.0717605 0.645203	0.00152481 0.0454346
1501	0 1	0.0785701 0.664421	0.00151048 0.0453845
1502	0 1	0.0718356 0.649826	0.00151319 0.0453868
1503	0 1	0.0640211 0.635169	0.00151117 0.0453961
1504	0 1	0.0740522 0.664529	0.00150730 0.0453237
1505	0 1	0.0699549 0.646783	0.00151623 0.0452683
1506	0 1	0.0675203 0.636727	0.00151777 0.0452516
1507	0 1	0.0799235 0.671334	0.00151490 0.0451902
1508	0 1	0.0734833 0.658791	0.00150587 0.0451587
1509	0 1	0.0749714 0.657784	0.00151029 0.0451658
1510	0 1	0.0680845 0.641485	0.00150362 0.0451496
1511	0 1	0.0801560 0.670134	0.00150747 0.0451211
1512	0 1	0.0695929 0.644113	0.00152881 0.0452286
1513	0 1	0.0783444 0.662710	0.00151636 0.0452100
1514	0 1	0.0758385 0.664000	0.00152975 0.0452235
1515	0 1	0.0731050 0.663328	0.00151081 0.0451477
1516	0 1	0.0709232 0.649711	0.00152306 0.0451645
1517	0 1	0.0686705 0.647310	0.00149929 0.0450910
1518	0 1	0.0781776 0.669773	0.00152825 0.0451628
1519	0 1	0.0714290 0.656190	0.00151377 0.0451477
1520	0 1	0.0746710 0.652658	0.00152354 0.0451400
1521	0 1	0.0709954 0.652693	0.00152481 0.0451771
1522	0 1	0.0660656 0.632047	0.00151054 0.0451649
1523	0 1	0.0747628 0.653427	0.00151115 0.0451570
1524	0 1	0.0712748 0.648560	0.00152705 0.0452088
1525	0 1	0.0790624 0.670729	0.00152655 0.0451935
1526	0 1	0.0778267 0.665170	0.00152230 0.0451932
1527	0 1	0.0711371 0.655468	0.00155343 0.0452646
1528	0 1	0.0794169 0.661858	0.00157320 0.0453020
1529	0 1	0.0717939 0.654044	0.00156273 0.0453087
1530	0 1	0.0738008 0.653962	0.00156848 0.0452986
1531	0 1	0.0792336 0.672384	0.00156122 0.0452351
1532	0 1	0.0750138 0.660652	0.00156458 0.0452594
1533	0 1	0.0753137 0.660730	0.00156147 0.0452196
1534	0 1	0.0699056 0.648098	0.00157409 0.0452921
1535	0 1	0.0743154 0.652314	0.00157774 0.0453086
1536	0 1	0.0779818 0.666782	0.00156908 0.0452070
1537	0 1	0.0739852 0.659203	0.00157410 0.0452361
1538	0 1	0.0754032 0.655922	0.00158158 0.0452487
1539	0 1	0.0692311 0.645816	0.00157977 0.0452727
1540	0 1	0.0742600 0.661848	0.00156844 0.0452142
1541	0 1	0.0751046 0.657465	0.00157230 0.0452194
1542	0 1	0.0702175 0.649578	0.00157977 0.0452308
1543	0 1	0.0751575 0.653191	0.00158557 0.0451750
1544	0 1	0.0774349 0.665847	0.00157285 0.0451258
1545	0 1	0.0783471 0.669034	0.00154542 0.0450459
1546	0 1	0.0736269 0.656902	0.00152932 0.0450330
1547	0 1	0.0749412 0.657173	0.00154556 0.0450818
1548	0 1	0.0685094 0.641115	0.00154568 0.0450551
1549	0 1	0.0712297 0.666677	0.00154060 0.0450590
1550	0 1	0.0746001 0.655118	0.00154582 0.0450346
1551	0 1	0.0728671 0.654421	0.00154082 0.0450364
1552	0 1	0.0711692 0.651752	0.00153020 0.0450351
1553	0 1	0.0716277 0.653331	0.00150799 0.0449714
1554	0 1	0.0728368 0.662597	0.00148797 0.0449058
1555	0 1	0.0759593 0.666098	0.00145939 0.0448472
1556	0 1	0.0761740 0.663991	0.00145144 0.0448405
1557	0 1	0.0776110 0.658780	0.00145602 0.0448107
1558	0 1	0.0758099 0.659755	0.00147002 0.0448460
1559	0 1	0.0709040 0.645061	0.00150033 0.0449214
1560	0 1	0.0704032 0.646259	0.00148444 0.0448582
1561	0 1	0.0705453 0.655200	0.00147902 0.0448176
1562	0 1	0.0802572 0.668832	0.00149067 0.0448069
1563	0 1	0.0692012 0.641520	0.00150247 0.0448487
1564	0 1	0.0753464 0.661503	0.00151474 0.0448204
1565	0 1	0.0741808 0.662483	0.00149407 0.0447597
1566	0 1	0.0774909 0.666841	0.00146386 0.0446464
1567	0 1	0.0753891 0.660622	0.00147201 0.0446582
1568	0 1	0.0750405 0.667397	0.00149136 0.0447100
1569	0 1	0.0741741 0.657399	0.00148359 0.0446609
1570	0 1	0.0709695 0.649195	0.00150086 0.0446653
1571	0 1	0.0774251 0.662373	0.00151812 0.0446998
1572	0 1	0.0701761 0.648203	0.00151608 0.0447011
1573	0 1	0.0721357 0.652454	0.00151410 0.0446884
1574	0 1	0.0723603 0.655913	0.00151395 0.0447373
1575	0 1	0.0749906 0.671051	0.00151434 0.0447011
1576	0 1	0.0688470 0.641174	0.00151957 0.0446747
1577	0 1	0.0795110 0.667725	0.00151153 0.0446124
1578	0 1	0.0765233 0.655299	0.00152899 0.0446466
1579	0 1	0.0801955 0.671497	0.00154735 0.0446726
1580	0 1	0.0770585 0.667540	0.00151936 0.0446175
1581	0 1	0.0766250 0.662894	0.00151657 0.0445432
1582	0 1	0.0770868 0.664164	0.00151929 0.0445153
1583	0 1	0.0735896 0.655516	0.00149172 0.0444337
1584	0 1	0.0689710 0.649027	0.00150670 0.0444220
1585	0 1	0.0646303 0.627889	0.00149607 0.0444358
1586	0 1	0.0717700 0.646247	0.00147615 0.0443553
1587	0 1	0.0704077 0.648762	0.00147557 0.0443418
1588	0 1	0.0693437 0.648621	0.00149797 0.0444096
1589	0 1	0.0743395 0.658825	0.00151089 0.0444413
1590	0 1	0.0685683 0.642810	0.00151825 0.0444226
1591	0 1	0.0752309 0.656611	0.00153325 0.0444571
1592	0 1	0.0770272 0.660288	0.00152338 0.0443920
1593	0 1	0.0753131 0.661851	0.00152716 0.0443946
1594	0 1	0.0769387 0.663610	0.00152737 0.0443690
1595	0 1	0.0687020 0.640325	0.00151687 0.0443458
1596	0 1	0.0794394 0.663033	0.00152236 0.0443396
1597	0 1	0.0752646 0.662741	0.00154091 0.0443412
1598	0 1	0.0665455 0.646278	0.00153737 0.0443212
1599	0 1	0.0782292 0.671106	0.00156549 0.0443671
1600	0 1	0.0713273 0.653251	0.00157006 0.0444139
1601	0 1	0.0715855 0.656091	0.00156088 0.0444280
1602	0 1	0.0711076 0.653175	0.00154769 0.0444246
1603	0 1	0.0765415 0.670987	0.00153582 0.0443479
1604	0 1	0.0686280 0.644112	0.00152737 0.0443390
1605	0 1	0.0737144 0.650421	0.00152176 0.0443287
1606	0 1	0.0718707 0.657339	0.00153384 0.0443513
1607	0 1	0.0759541 0.657111	0.00153825 0.0443593
1608	0 1	0.0802612 0.670847	0.00152467 0.0442584
1609	0 1	0.0714135 0.655662	0.00152244 0.0441965
1610	0 1	0.0768847 0.667140	0.00152770 0.0441652
1611	0 1	0.0793841 0.663790	0.00154464 0.0441702
1612	0 1	0.0791757 0.667805	0.00153484 0.0441529
1613	0 1	0.0742651 0.657552	0.00153628 0.0441122
1614	0 1	0.0692519 0.646875	0.00155876 0.0441508
1615	0 1	0.0739303 0.662891	0.00154983 0.0441244
1616	0 1	0.0781001 0.668269	0.00157480 0.0441291
1617	0 1	0.0716473 0.652320	0.00156711 0.0441300
1618	0 1	0.0776165 0.665124	0.00153736 0.0440148
1619	0 1	0.0715717 0.651923	0.00153672 0.0440051
1620	0 1	0.0827559 0.676679	0.00153067 0.0439523
1621	0 1	0.0767311 0.664107	0.00153446 0.0438818
1622	0 1	0.0746743 0.667035	0.00152761 0.0437974
1623	0 1	0.0736426 0.657838	0.00151829 0.0438054
1624	0 1	0.0759882 0.672729	0.00148684 0.0437003
1625	0 1	0.0712022 0.646997	0.00148688 0.0436848
1626	0 1	0.0727677 0.654583	0.00150303 0.0437042
1627	0 1	0.0698550 0.637445	0.00148987 0.0436911
1628	0 1	0.0769690 0.665157	0.00148978 0.0436661
1629	0 1	0.0758035 0.656568	0.00149559 0.0436739
1630	0 1	0.0655350 0.639651	0.00150076 0.0436756
1631	0 1	0.0686833 0.641593	0.00149411 0.0436441
1632	0 1	0.0785056 0.667179	0.00150374 0.0436000
1633	0 1	0.0770011 0.665719	0.00150629 0.0436041
1634	0 1	0.0702694 0.654707	0.00149073 0.0435418
1635	0 1	0.0740641 0.657871	0.00147544 0.0435177
1636	0 1	0.0726883 0.651273	0.00145003 0.0435106
1637	0 1	0.0734522 0.645663	0.00145845 0.0435067
1638	0 1	0.0682523 0.647641	0.00145489 0.0435068
1639	0 1	0.0716348 0.653390	0.00145723 0.0434907
1640	0 1	0.0681558 0.638380	0.00145823 0.0435006
1641	0 1	0.0775917 0.670131	0.00147119 0.0435928
1642	0 1	0.0725927 0.659653	0.00147338 0.0435818
1643	0 1	0.0736552 0.650543	0.00147771 0.0435661
1644	0 1	0.0804727 0.674441	0.00146119 0.0434880
1645	0 1	0.0703782 0.640753	0.00144118 0.0434351
1646	0 1	0.0748125 0.669213	0.00145445 0.0434460
1647	0 1	0.0740104 0.652996	0.00144224 0.0433727
1648	0 1	0.0720586 0.650979	0.00141498 0.0433091
1649	0 1	0.0769532 0.661573	0.00141839 0.0433403
1650	0 1	0.0715564 0.653426	0.00141849 0.0433372
1651	0 1	0.0746501 0.660906	0.00140844 0.0432691
1652	0 1	0.0637962 0.631442	0.00142263 0.0433015
1653	0 1	0.0695548 0.642625	0.00143184 0.0433304
1654	0 1	0.0727498 0.654712	0.00144088 0.0433543
1655	0 1	0.0753323 0.662061	0.00145204 0.0433756
1656	0 1	0.0667287 0.636923	0.00144537 0.0433191
1657	0 1	0.0727622 0.643586	0.00145328 0.0433009
1658	0 1	0.0695385 0.650597	0.00143015 0.0432786
1659	0 1	0.0768083 0.653360	0.00141152 0.0433002
1660	0 1	0.0783169 0.664977	0.00142993 0.0432756
1661	0 1	0.0710880 0.647558	0.00142819 0.0432495
1662	0 1	0.0743422 0.666898	0.00142428 0.0432487
1663	0 1	0.0706171 0.648212	0.00142402 0.0432635
1664	0 1	0.0719650 0.656861	0.00142961 0.0432268
1665	0 1	0.0709835 0.652803	0.00141982 0.0432399
1666	0 1	0.0733904 0.657961	0.00142193 0.0432461
1667	0 1	0.0736957 0.655933	0.00142683 0.0432700
1668	0 1	0.0678381 0.641525	0.00142536 0.0432374
1669	0 1	0.0743549 0.657560	0.00141546 0.0431676
1670	0 1	0.0699410 0.643734	0.00141790 0.0431220
1671	0 1	0.0688597 0.641860	0.00142958 0.0431054
1672	0 1	0.0666423 0.633519	0.00142444 0.0430929
1673	0 1	0.0736917 0.655621	0.00140915 0.0430614
1674	0 1	0.0723737 0.652775	0.00141121 0.0430055
1675	0 1	0.0782890 0.665042	0.00140530 0.0429542
1676	0 1	0.0820895 0.681683	0.00141228 0.0428955
1677	0 1	0.0736825 0.661861	0.00140738 0.0428514
1678	0 1	0.0760366 0.666527	0.00140524 0.0428592
1679	0 1	0.0753861 0.656109	0.00140287 0.0428613
1680	0 1	0.0715909 0.651102	0.00140177 0.0428518
1681	0 1	0.0716953 0.647253	0.00139465 0.0428909
1682	0 1	0.0764925 0.662192	0.00140236 0.0428482
1683	0 1	0.0720544 0.653387	0.00141532 0.0428816
1684	0 1	0.0704275 0.649291	0.00141482 0.0428469
1685	0 1	0.0695347 0.648323	0.00142715 0.0428701
1686	0 1	0.0716627 0.653686	0.00144784 0.0428935
1687	0 1	0.0677920 0.638538	0.00145684 0.0428839
1688	0 1	0.0762901 0.668875	0.00145641 0.0428788
1689	0 1	0.0781834 0.658601	0.00146155 0.0429106
1690	0 1	0.0738328 0.652811	0.00144594 0.0428569
1691	0 1	0.0765152 0.660824	0.00145486 0.0428905
1692	0 1	0.0785065 0.669573	0.00145864 0.0428570
1693	0 1	0.0681859 0.643352	0.00143480 0.0428300
1694	0 1	0.0664201 0.641814	0.00143342 0.0428424
1695	0 1	0.0673078 0.636406	0.00142914 0.0427843
1696	0 1	0.0768769 0.660229	0.00143152 0.0427692
1697	0 1	0.0834028 0.676818	0.00144541 0.0428110
1698	0 1	0.0740050 0.647098	0.00147345 0.0429179
1699	0 1	0.0697188 0.640930	0.00150306 0.0430000
1700	0 1	0.0736982 0.650193	0.00152840 0.0430498
1701	0 1	0.0809795 0.672407	0.00153342 0.0430027
1702	0 1	0.0754414 0.658545	0.00153567 0.0430055
1703	0 1	0.0813397 0.679694	0.00151340 0.0429862
1704	0 1	0.0729406 0.658439	0.00150941 0.0429590
1705	0 1	0.0688595 0.644472	0.00150504 0.0429975
1706	0 1	0.0727045 0.655116	0.00149248 0.0430298
1707	0 1	0.0736517 0.650846	0.00152224 0.0431266
1708	0 1	0.0744410 0.651240	0.00154776 0.0432038
1709	0 1	0.0755400 0.664336	0.00156450 0.0432553
1710	0 1	0.0755753 0.666290	0.00154101 0.0432727
1711	0 1	0.0692135 0.639849	0.00153415 0.0432328
1712	0 1	0.0747622 0.657057	0.00153345 0.0431994
1713	0 1	0.0726398 0.649243	0.00151815 0.0431710
1714	0 1	0.0731302 0.662339	0.00150473 0.0431273
1715	0 1	0.0759761 0.660574	0.00154620 0.0432481
1716	0 1	0.0773163 0.665403	0.00153395 0.0431947
1717	0 1	0.0721156 0.650083	0.00152452 0.0432123
1718	0 1	0.0709619 0.652848	0.00151371 0.0431821
1719	0 1	0.0755005 0.661150	0.00151206 0.0431440
1720	0 1	0.0725366 0.644120	0.00152402 0.0431081
1721	0 1	0.0741221 0.659693	0.00151108 0.0430802
1722	0 1	0.0705837 0.655880	0.00149055 0.0430738
1723	0 1	0.0742550 0.656078	0.00147752 0.0430678
1724	0 1	0.0743937 0.652850	0.00150901 0.0431175
1725	0 1	0.0749029 0.656091	0.00152875 0.0432058
1726	0 1	0.0678890 0.643484	0.00147536 0.0430665
1727	0 1	0.0722905 0.654570	0.00147876 0.0430490
1728	0 1	0.0667722 0.638625	0.00147943 0.0430567
1729	0 1	0.0767709 0.661938	0.00149096 0.0430518
1730	0 1	0.0793793 0.670032	0.00147382 0.0430303
1731	0 1	0.0736735 0.656916	0.00149137 0.0430841
1732	0 1	0.0742247 0.658578	0.00148027 0.0430574
1733	0 1	0.0714346 0.649103	0.00148083 0.0430430
1734	0 1	0.0763799 0.660570	0.00146555 0.0429771
1735	0 1	0.0752792 0.660756	0.00145745 0.0429465
1736	0 1	0.0745970 0.665261	0.00144699 0.0428960
1737	0 1	0.0681200 0.641936	0.00145275 0.0428918
1738	0 1	0.0699909 0.647948	0.00146513 0.0428619
1739	0 1	0.0712564 0.655106	0.00143446 0.0427827
1740	0 1	0.0754144 0.659360	0.00144834 0.0428495
1741	0 1	0.0723738 0.653370	0.00145500 0.0428799
1742	0 1	0.0693840 0.638193	0.00148027 0.0429615
1743	0 1	0.0721100 0.656957	0.00148927 0.0429272
1744	0 1	0.0724261 0.659504	0.00149015 0.0429456
1745	0 1	0.0704122 0.645368	0.00151716 0.0429820
1746	0 1	0.0778203 0.665537	0.00152924 0.0429682
1747	0 1	0.0774883 0.663282	0.00154388 0.0430118
1748	0 1	0.0761301 0.657059	0.00156398 0.0430604
1749	0 1	0.0759915 0.655913	0.00158284 0.0430625
1750	0 1	0.0724936 0.657517	0.00156929 0.0430032
1751	0 1	0.0739703 0.655957	0.00156481 0.0429716
1752	0 1	0.0719518 0.645131	0.00151788 0.0428413
1753	0 1	0.0778754 0.668170	0.00149646 0.0428339
1754	0 1	0.0778938 0.673393	0.00147852 0.0427820
1755	0 1	0.0781942 0.672656	0.00149055 0.0427703
1756	0 1	0.0727007 0.645142	0.00151727 0.0428109
1757	0 1	0.0744036 0.652277	0.00150629 0.0427556
1758	0 1	0.0710724 0.648281	0.00149863 0.0427655
1759	0 1	0.0733895 0.656181	0.00151912 0.0428137
1760	0 1	0.0709089 0.662189	0.00151111 0.0428268
1761	0 1	0.0842863 0.679723	0.00152615 0.0429212
1762	0 1	0.0751958 0.663360	0.00152762 0.0428771
1763	0 1	0.0726596 0.652957	0.00155124 0.0428810
1764	0 1	0.0757161 0.657955	0.00156582 0.0428906
1765	0 1	0.0728625 0.654145	0.00158104 0.0428312
1766	0 1	0.0723548 0.653509	0.00160136 0.0429412
1767	0 1	0.0682293 0.634472	0.00163381 0.0429950
1768	0 1	0.0744458 0.659774	0.00161079 0.0429535
1769	0 1	0.0680780 0.646670	0.00161648 0.0429267
1770	0 1	0.0741294 0.653626	0.00161071 0.0428705
1771	0 1	0.0747292 0.665377	0.00160012 0.0428611
1772	0 1	0.0681126 0.634523	0.00157694 0.0428709
1773	0 1	0.0717998 0.652683	0.00156714 0.0428927
1774	0 1	0.0778063 0.653874	0.00157553 0.0429628
1775	0 1	0.0721244 0.647815	0.00158857 0.0429969
1776	0 1	0.0735029 0.657326	0.00158568 0.0430157
1777	0 1	0.0755313 0.657041	0.00160341 0.0430518
1778	0 1	0.0717528 0.650560	0.00161201 0.0430209
1779	0 1	0.0786413 0.666066	0.00162307 0.0430061
1780	0 1	0.0767395 0.655164	0.00164433 0.0430458
1781	0 1	0.0773868 0.667654	0.00162271 0.0430263
1782	0 1	0.0838274 0.688734	0.00162201 0.0430454
1783	0 1	0.0770343 0.655816	0.00159600 0.0429924
1784	0 1	0.0728024 0.656405	0.00159585 0.0429970
1785	0 1	0.0755712 0.653240	0.00158724 0.0429822
1786	0 1	0.0790316 0.674987	0.00157445 0.0429485
1787	0 1	0.0698961 0.649167	0.00159298 0.0430004
1788	0 1	0.0719417 0.665568	0.00158668 0.0429710
1789	0 1	0.0678712 0.641633	0.00157732 0.0429784
1790	0 1	0.0740371 0.651003	0.00157273 0.0429548
1791	0 1	0.0683265 0.647843	0.00155203 0.0429423
1792	0 1	0.0695057 0.652614	0.00151947 0.0428283
1793	0 1	0.0654380 0.635120	0.00151088 0.0427849
1794	0 1	0.0723701 0.659840	0.00146595 0.0426803
1795	0 1	0.0699957 0.648293	0.00145120 0.0426039
1796	0 1	0.0696442 0.642478	0.00144681 0.0425842
1797	0 1	0.0699054 0.643247	0.00145384 0.0425701
1798	0 1	0.0765355 0.667456	0.00145402 0.0425681
1799	0 1	0.0731385 0.657779	0.00147128 0.0425556
1800	0 1	0.0706421 0.651835	0.00145745 0.0425047
1801	0 1	0.0794892 0.673350	0.00146151 0.0425098
1802	0 1	0.0724330 0.655156	0.00146524 0.0425154
1803	0 1	0.0752543 0.658640	0.00147691 0.0425304
1804	0 1	0.0741021 0.654656	0.00145521 0.0424379
1805	0 1	0.0733822 0.657004	0.00145486 0.0424287
1806	0 1	0.0760302 0.661876	0.00144131 0.0423668
1807	0 1	0.0780699 0.671341	0.00147317 0.0423693
1808	0 1	0.0710855 0.642998	0.00147411 0.0423732
1809	0 1	0.0780297 0.665834	0.00148244 0.0424114
1810	0 1	0.0719109 0.656808	0.00150349 0.0424224
1811	0 1	0.0724485 0.644853	0.00150536 0.0423884
1812	0 1	0.0751860 0.658703	0.00150858 0.0423710
1813	0 1	0.0736545 0.652047	0.00150170 0.0423652
1814	0 1	0.0733765 0.654133	0.00147444 0.0422870
1815	0 1	0.0661836 0.639640	0.00146561 0.0422547
1816	0 1	0.0728672 0.655917	0.00145838 0.0422247
1817	0 1	0.0770905 0.649962	0.00145647 0.0422077
1818	0 1	0.0734475 0.648368	0.00148850 0.0422916
1819	0 1	0.0784107 0.669157	0.00150587 0.0423302
1820	0 1	0.0747525 0.657854	0.00153121 0.0423164
1821	0 1	0.0756917 0.663758	0.00150831 0.0422659
1822	0 1	0.0787188 0.665757	0.00152357 0.0422576
1823	0 1	0.0695516 0.649302	0.00152911 0.0423124
1824	0 1	0.0703237 0.646316	0.00153302 0.0423497
1825	0 1	0.0752516 0.656277	0.00153064 0.0423318
1826	0 1	0.0782463 0.666202	0.00148765 0.0422483
1827	0 1	0.0730303 0.656306	0.00149437 0.0422557
1828	0 1	0.0704590 0.650088	0.00148443 0.0421959
1829	0 1	0.0793947 0.670465	0.00147280 0.0421786
1830	0 1	0.0713628 0.648856	0.00146330 0.0422147
1831	0 1	0.0806475 0.678881	0.00144221 0.0421578
1832	0 1	0.0726619 0.667430	0.00142794 0.0421103
1833	0 1	0.0728628 0.650462	0.00143075 0.0420602
1834	0 1	0.0747702 0.668781	0.00141686 0.0420401
1835	0 1	0.0664838 0.627968	0.00143360 0.0420670
# new optimizer: Adam  betaV: 0.999000  betaM: 0.900000  maxLR: 0.00300000  maxLREpochs: 1736.00  stepOffset: 1836 ;  The step number for new gradientDescentMethod are virtually reset to 0.
1836	0 1	0.0781804 0.663059	0.00144629 0.0420967
1837	0 1	0.0667302 0.633595	0.00144709 0.0421043
1838	0 1	0.0686341 0.641308	0.00144055 0.0421093
1839	0 1	0.0721248 0.648315	0.00142434 0.0420284
1840	0 1	0.0753617 0.662782	0.00143610 0.0420454
1841	0 1	0.0727368 0.652548	0.00145611 0.0420430
1842	0 1	0.0773295 0.667237	0.00144921 0.0420637
1843	0 1	0.0714465 0.646061	0.00144267 0.0420786
1844	0 1	0.0775427 0.657655	0.00144581 0.0420780
1845	0 1	0.0755259 0.655880	0.00145566 0.0420803
1846	0 1	0.0747564 0.661289	0.00144870 0.0420762
1847	0 1	0.0775770 0.664882	0.00146091 0.0421345
1848	0 1	0.0776778 0.666341	0.00147435 0.0421789
1849	0 1	0.0770939 0.662315	0.00150030 0.0422319
1850	0 1	0.0695798 0.646605	0.00151068 0.0422337
1851	0 1	0.0739668 0.662424	0.00152006 0.0422662
1852	0 1	0.0828061 0.673141	0.00154302 0.0422638
1853	0 1	0.0781650 0.662446	0.00153791 0.0422278
1854	0 1	0.0775372 0.663068	0.00153514 0.0422026
1855	0 1	0.0682680 0.640146	0.00149724 0.0421267
1856	0 1	0.0775897 0.663051	0.00147576 0.0420705
1857	0 1	0.0766766 0.662203	0.00149417 0.0421380
1858	0 1	0.0732236 0.648181	0.00147733 0.0420048
1859	0 1	0.0762535 0.657070	0.00146511 0.0419759
1860	0 1	0.0674684 0.644951	0.00146081 0.0419538
1861	0 1	0.0784353 0.671920	0.00144993 0.0419932
1862	0 1	0.0739797 0.658024	0.00144576 0.0420024
1863	0 1	0.0749452 0.654483	0.00141282 0.0419356
1864	0 1	0.0719166 0.651593	0.00141248 0.0419605
1865	0 1	0.0810448 0.680570	0.00142518 0.0420101
1866	0 1	0.0686605 0.641125	0.00142948 0.0419570
1867	0 1	0.0750616 0.653673	0.00145073 0.0419755
1868	0 1	0.0802249 0.674369	0.00146592 0.0420038
1869	0 1	0.0776335 0.666397	0.00146954 0.0419824
1870	0 1	0.0752427 0.658239	0.00147849 0.0420166
1871	0 1	0.0703453 0.652537	0.00147349 0.0419208
1872	0 1	0.0725190 0.654486	0.00146577 0.0419385
1873	0 1	0.0712629 0.652607	0.00146615 0.0419095
1874	0 1	0.0755697 0.661124	0.00147374 0.0418948
1875	0 1	0.0746027 0.662747	0.00146466 0.0418848
1876	0 1	0.0675377 0.636193	0.00144961 0.0418476
1877	0 1	0.0659231 0.636918	0.00143456 0.0418322
1878	0 1	0.0752121 0.652116	0.00144926 0.0418021
1879	0 1	0.0728616 0.656804	0.00145453 0.0417839
1880	0 1	0.0697480 0.644231	0.00145603 0.0417718
1881	0 1	0.0716808 0.645732	0.00145044 0.0417513
1882	0 1	0.0799747 0.677453	0.00144014 0.0417852
1883	0 1	0.0759175 0.655682	0.00144657 0.0417670
1884	0 1	0.0699057 0.640665	0.00143708 0.0417613
1885	0 1	0.0755533 0.650026	0.00145058 0.0417799
1886	0 1	0.0790809 0.662895	0.00143657 0.0416861
1887	0 1	0.0736444 0.652019	0.00145453 0.0416729
1888	0 1	0.0738667 0.657303	0.00146100 0.0416506
1889	0 1	0.0795374 0.671360	0.00147807 0.0416603
1890	0 1	0.0693276 0.639629	0.00149596 0.0416746
1891	0 1	0.0774833 0.665388	0.00148778 0.0416010
1892	0 1	0.0736725 0.653382	0.00149614 0.0416401
1893	0 1	0.0710076 0.648465	0.00149619 0.0416121
1894	0 1	0.0718872 0.654420	0.00149429 0.0415681
1895	0 1	0.0661088 0.633897	0.00147646 0.0415129
1896	0 1	0.0760406 0.659042	0.00146061 0.0414401
1897	0 1	0.0696583 0.647416	0.00146955 0.0414173
1898	0 1	0.0690664 0.647131	0.00146320 0.0413757
1899	0 1	0.0722183 0.653319	0.00147467 0.0413205
1900	0 1	0.0674298 0.642105	0.00148019 0.0413348
1901	0 1	0.0839466 0.678284	0.00152378 0.0414106
1902	0 1	0.0795492 0.674023	0.00148888 0.0412889
1903	0 1	0.0767735 0.646986	0.00151308 0.0413372
1904	0 1	0.0738568 0.657547	0.00149793 0.0412709
1905	0 1	0.0757623 0.660622	0.00147810 0.0411820
1906	0 1	0.0793561 0.673771	0.00147260 0.0411228
1907	0 1	0.0722587 0.654535	0.00148540 0.0410989
1908	0 1	0.0812328 0.674665	0.00150579 0.0410839
1909	0 1	0.0709822 0.652239	0.00150672 0.0411462
1910	0 1	0.0725444 0.651033	0.00152454 0.0411260
1911	0 1	0.0779237 0.670116	0.00153322 0.0411264
1912	0 1	0.0735507 0.654206	0.00151772 0.0409918
1913	0 1	0.0699694 0.638649	0.00150575 0.0409625
1914	0 1	0.0739673 0.651518	0.00150995 0.0409222
1915	0 1	0.0718886 0.644940	0.00150615 0.0408416
1916	0 1	0.0711750 0.647115	0.00149595 0.0407907
1917	0 1	0.0764072 0.667313	0.00147969 0.0407188
1918	0 1	0.0733785 0.651607	0.00147680 0.0406872
1919	0 1	0.0759618 0.657235	0.00145527 0.0406127
1920	0 1	0.0757855 0.664610	0.00146476 0.0405882
1921	0 1	0.0696998 0.656204	0.00144801 0.0405734
1922	0 1	0.0772553 0.668358	0.00144841 0.0405030
1923	0 1	0.0753374 0.657042	0.00147690 0.0405531
1924	0 1	0.0725083 0.652656	0.00148143 0.0405583
1925	0 1	0.0792609 0.670941	0.00148505 0.0405118
1926	0 1	0.0848049 0.680937	0.00149223 0.0404860
1927	0 1	0.0741284 0.645777	0.00148665 0.0404506
1928	0 1	0.0686830 0.640217	0.00150940 0.0404700
1929	0 1	0.0753707 0.667291	0.00150038 0.0404201
1930	0 1	0.0792251 0.671746	0.00149552 0.0403472
1931	0 1	0.0752221 0.664683	0.00148404 0.0402354
1932	0 1	0.0719557 0.651215	0.00148711 0.0401624
1933	0 1	0.0739516 0.656750	0.00149585 0.0401627
1934	0 1	0.0772765 0.659365	0.00148607 0.0400669
1935	0 1	0.0746004 0.657342	0.00147582 0.0400170
1936	0 1	0.0714875 0.643810	0.00148413 0.0400408
1937	0 1	0.0715377 0.651608	0.00147313 0.0400120
1938	0 1	0.0714939 0.644222	0.00147785 0.0399906
1939	0 1	0.0731983 0.655577	0.00147903 0.0399608
1940	0 1	0.0732558 0.656046	0.00147174 0.0398629
1941	0 1	0.0722482 0.656256	0.00145760 0.0398437
1942	0 1	0.0788698 0.666327	0.00144952 0.0396650
1943	0 1	0.0736532 0.656245	0.00144206 0.0396505
1944	0 1	0.0691026 0.636347	0.00142357 0.0395963
1945	0 1	0.0757054 0.659674	0.00141986 0.0395561
1946	0 1	0.0728280 0.652912	0.00141780 0.0395151
1947	0 1	0.0739085 0.652545	0.00141521 0.0394608
1948	0 1	0.0718352 0.653931	0.00141247 0.0394179
1949	0 1	0.0765213 0.661578	0.00137000 0.0392646
1950	0 1	0.0770647 0.666240	0.00134690 0.0391617
1951	0 1	0.0702915 0.655776	0.00135629 0.0391234
1952	0 1	0.0820664 0.672079	0.00135357 0.0390381
1953	0 1	0.0811575 0.677627	0.00133012 0.0389326
1954	0 1	0.0888833 0.687135	0.00130686 0.0388194
1955	0 1	0.0762018 0.660211	0.00130467 0.0387873
1956	0 1	0.0696302 0.637910	0.00129811 0.0387429
1957	0 1	0.0741093 0.655793	0.00129070 0.0386740
1958	0 1	0.0737889 0.654125	0.00128632 0.0385965
1959	0 1	0.0757222 0.658315	0.00128255 0.0385514
1960	0 1	0.0737978 0.657254	0.00128289 0.0384673
1961	0 1	0.0774706 0.662989	0.00127571 0.0384096
1962	0 1	0.0709217 0.651233	0.00126985 0.0383597
1963	0 1	0.0816118 0.670469	0.00125289 0.0382625
1964	0 1	0.0729262 0.665461	0.00123787 0.0381874
1965	0 1	0.0764728 0.667059	0.00123653 0.0381852
1966	0 1	0.0708183 0.638177	0.00122731 0.0381440
1967	0 1	0.0699985 0.646834	0.00122216 0.0380680
1968	0 1	0.0765052 0.658882	0.00121281 0.0380453
1969	0 1	0.0755680 0.665002	0.00123290 0.0380338
1970	0 1	0.0760929 0.661681	0.00125882 0.0380307
1971	0 1	0.0780022 0.663581	0.00127055 0.0380003
1972	0 1	0.0691944 0.645188	0.00128241 0.0380293
1973	0 1	0.0764879 0.662226	0.00129332 0.0379953
1974	0 1	0.0775728 0.664863	0.00129859 0.0379129
1975	0 1	0.0830242 0.673449	0.00131077 0.0378732
1976	0 1	0.0831302 0.680407	0.00132326 0.0378508
1977	0 1	0.0866854 0.685797	0.00135163 0.0378103
1978	0 1	0.0698038 0.638427	0.00136067 0.0377351
1979	0 1	0.0759637 0.659966	0.00136351 0.0377084
1980	0 1	0.0778008 0.664855	0.00133885 0.0376380
1981	0 1	0.0731460 0.653471	0.00133779 0.0375593
1982	0 1	0.0774117 0.656845	0.00137188 0.0376188
1983	0 1	0.0812610 0.673765	0.00137207 0.0375805
1984	0 1	0.0836499 0.684882	0.00138424 0.0375775
1985	0 1	0.0764775 0.655238	0.00137625 0.0375383
1986	0 1	0.0763643 0.667277	0.00138368 0.0375155
1987	0 1	0.0786270 0.668379	0.00137963 0.0374515
1988	0 1	0.0737261 0.646141	0.00138930 0.0374400
1989	0 1	0.0730700 0.662763	0.00140806 0.0374473
1990	0 1	0.0778868 0.665689	0.00144680 0.0374336
1991	0 1	0.0748996 0.660057	0.00143519 0.0373896
1992	0 1	0.0728100 0.652547	0.00144788 0.0373784
1993	0 1	0.0769543 0.670611	0.00143982 0.0373545
1994	0 1	0.0730739 0.653330	0.00143658 0.0373149
1995	0 1	0.0778504 0.659621	0.00142685 0.0372445
1996	0 1	0.0776048 0.663449	0.00143396 0.0372448
1997	0 1	0.0707667 0.646889	0.00144206 0.0372094
1998	0 1	0.0810423 0.674318	0.00145853 0.0372098
1999	0 1	0.0767733 0.666104	0.00145486 0.0371602
2000	0 1	0.0763875 0.659777	0.00146478 0.0371219
2001	0 1	0.0728434 0.653752	0.00146810 0.0371125
2002	0 1	0.0703668 0.641894	0.00147906 0.0370748
2003	0 1	0.0737490 0.655693	0.00150600 0.0370533
2004	0 1	0.0784112 0.668804	0.00152664 0.0370841
2005	0 1	0.0699225 0.647604	0.00151017 0.0370331
2006	0 1	0.0711501 0.653991	0.00151110 0.0369622
2007	0 1	0.0665759 0.641153	0.00149230 0.0368842
2008	0 1	0.0767863 0.662188	0.00149473 0.0368114
2009	0 1	0.0802797 0.667453	0.00148555 0.0367762
2010	0 1	0.0778035 0.665518	0.00147681 0.0366725
2011	0 1	0.0704198 0.644908	0.00145635 0.0365772
2012	0 1	0.0766228 0.665093	0.00146297 0.0365785
2013	0 1	0.0762771 0.663646	0.00146759 0.0365644
2014	0 1	0.0796426 0.666681	0.00146295 0.0365544
2015	0 1	0.0743352 0.658959	0.00145448 0.0365313
2016	0 1	0.0751614 0.652875	0.00147656 0.0365029
2017	0 1	0.0756470 0.649870	0.00149963 0.0365592
2018	0 1	0.0754076 0.655888	0.00150116 0.0364642
2019	0 1	0.0688386 0.637726	0.00151213 0.0364914
2020	0 1	0.0786067 0.673678	0.00149152 0.0364293
2021	0 1	0.0759764 0.660918	0.00146785 0.0363511
2022	0 1	0.0725359 0.649358	0.00145245 0.0362861
2023	0 1	0.0718538 0.650532	0.00144651 0.0362389
2024	0 1	0.0737131 0.656300	0.00145392 0.0362295
2025	0 1	0.0749993 0.658883	0.00147332 0.0362627
2026	0 1	0.0649500 0.637009	0.00147111 0.0362290
2027	0 1	0.0846510 0.678807	0.00146463 0.0361430
2028	0 1	0.0763394 0.660588	0.00145379 0.0361137
2029	0 1	0.0743299 0.659164	0.00143679 0.0360521
2030	0 1	0.0815671 0.664773	0.00142873 0.0360324
2031	0 1	0.0737787 0.650747	0.00144152 0.0360470
2032	0 1	0.0755832 0.659398	0.00144714 0.0360324
2033	0 1	0.0763659 0.657930	0.00146274 0.0360209
2034	0 1	0.0771480 0.669621	0.00147380 0.0360116
2035	0 1	0.0734506 0.657353	0.00147035 0.0359588
2036	0 1	0.0785153 0.665948	0.00149757 0.0359674
2037	0 1	0.0747410 0.654709	0.00151735 0.0360152
2038	0 1	0.0717551 0.646301	0.00151949 0.0359833
2039	0 1	0.0783987 0.662151	0.00152309 0.0360353
2040	0 1	0.0712906 0.651866	0.00153312 0.0360207
2041	0 1	0.0750421 0.661598	0.00154970 0.0360074
2042	0 1	0.0739849 0.653083	0.00154951 0.0360034
2043	0 1	0.0779119 0.659509	0.00156544 0.0360202
2044	0 1	0.0752825 0.654379	0.00155273 0.0359528
2045	0 1	0.0766368 0.665320	0.00155933 0.0358941
2046	0 1	0.0736503 0.644179	0.00157692 0.0359443
2047	0 1	0.0806902 0.664722	0.00157873 0.0359167
2048	0 1	0.0822657 0.674306	0.00160448 0.0359006
2049	0 1	0.0822553 0.676597	0.00160959 0.0358844
2050	0 1	0.0785578 0.665158	0.00159967 0.0358233
2051	0 1	0.0802954 0.670382	0.00159221 0.0358070
2052	0 1	0.0740440 0.654925	0.00159316 0.0358041
2053	0 1	0.0795945 0.667008	0.00162069 0.0357956
2054	0 1	0.0845188 0.684572	0.00164818 0.0358382
2055	0 1	0.0870563 0.690551	0.00166893 0.0358278
2056	0 1	0.0773498 0.658699	0.00166049 0.0357957
2057	0 1	0.0852706 0.680795	0.00169986 0.0358255
2058	0 1	0.0786122 0.662097	0.00169100 0.0357493
2059	0 1	0.0743520 0.655559	0.00170073 0.0357414
2060	0 1	0.0759578 0.659381	0.00171771 0.0357756
2061	0 1	0.0766614 0.671319	0.00172379 0.0357389
2062	0 1	0.0835093 0.676528	0.00171938 0.0356560
2063	0 1	0.0755178 0.662452	0.00172855 0.0356269
2064	0 1	0.0771283 0.661006	0.00175044 0.0356285
2065	0 1	0.0761363 0.656860	0.00176647 0.0356086
2066	0 1	0.0773255 0.664163	0.00175749 0.0355121
2067	0 1	0.0765682 0.656074	0.00175342 0.0355016
2068	0 1	0.0804139 0.669018	0.00174992 0.0355034
2069	0 1	0.0743009 0.653492	0.00174417 0.0354792
2070	0 1	0.0662616 0.634887	0.00173426 0.0354720
2071	0 1	0.0756757 0.657903	0.00173066 0.0354646
2072	0 1	0.0742716 0.651989	0.00171242 0.0354413
2073	0 1	0.0752266 0.660895	0.00170713 0.0353963
2074	0 1	0.0734159 0.651833	0.00167506 0.0353355
2075	0 1	0.0718222 0.649976	0.00165712 0.0353239
2076	0 1	0.0779626 0.659766	0.00166939 0.0353294
2077	0 1	0.0834819 0.681166	0.00167247 0.0353107
2078	0 1	0.0770045 0.660246	0.00169076 0.0352804
2079	0 1	0.0708148 0.649573	0.00165087 0.0351694
2080	0 1	0.0719938 0.651679	0.00165124 0.0351523
2081	0 1	0.0699599 0.639721	0.00163133 0.0351276
2082	0 1	0.0774304 0.662479	0.00161860 0.0350740
2083	0 1	0.0777686 0.664173	0.00164346 0.0350489
2084	0 1	0.0750973 0.659557	0.00166085 0.0350505
2085	0 1	0.0741316 0.662907	0.00165705 0.0350039
2086	0 1	0.0813116 0.668158	0.00166108 0.0349612
2087	0 1	0.0724216 0.644912	0.00163336 0.0348980
2088	0 1	0.0744392 0.652696	0.00162891 0.0348447
2089	0 1	0.0729403 0.659381	0.00163193 0.0348112
2090	0 1	0.0750709 0.658080	0.00163411 0.0347554
2091	0 1	0.0781785 0.657261	0.00162857 0.0347154
2092	0 1	0.0730910 0.650804	0.00161011 0.0346983
2093	0 1	0.0831702 0.682501	0.00163209 0.0347055
2094	0 1	0.0795008 0.670498	0.00165917 0.0347404
2095	0 1	0.0755990 0.656519	0.00167423 0.0347249
2096	0 1	0.0765671 0.657213	0.00165637 0.0346657
2097	0 1	0.0798691 0.678648	0.00163982 0.0346289
2098	0 1	0.0764387 0.665139	0.00163816 0.0346013
2099	0 1	0.0760242 0.660878	0.00164440 0.0346063
2100	0 1	0.0813288 0.674464	0.00164132 0.0345909
2101	0 1	0.0839050 0.683893	0.00162913 0.0345681
2102	0 1	0.0818330 0.683273	0.00166456 0.0345877
2103	0 1	0.0807821 0.676419	0.00164059 0.0345391
2104	0 1	0.0742092 0.653325	0.00162358 0.0345144
2105	0 1	0.0760008 0.661708	0.00163007 0.0344862
2106	0 1	0.0726501 0.657256	0.00164332 0.0344989
2107	0 1	0.0733719 0.645398	0.00165840 0.0345393
2108	0 1	0.0786441 0.665607	0.00167261 0.0345506
2109	0 1	0.0794605 0.669299	0.00170325 0.0345732
2110	0 1	0.0692630 0.642362	0.00170245 0.0346014
2111	0 1	0.0732447 0.656580	0.00171213 0.0346368
2112	0 1	0.0791278 0.676915	0.00170267 0.0345533
2113	0 1	0.0815150 0.669887	0.00168417 0.0345610
2114	0 1	0.0817038 0.665460	0.00171362 0.0345651
2115	0 1	0.0773466 0.664270	0.00170182 0.0345530
2116	0 1	0.0730833 0.645800	0.00170150 0.0345064
2117	0 1	0.0818005 0.668609	0.00174214 0.0345309
2118	0 1	0.0745981 0.655977	0.00172811 0.0345186
2119	0 1	0.0733929 0.657108	0.00176200 0.0345366
2120	0 1	0.0781525 0.658168	0.00178714 0.0345330
2121	0 1	0.0756323 0.659650	0.00178147 0.0344921
2122	0 1	0.0796402 0.672084	0.00175694 0.0344312
2123	0 1	0.0777230 0.668516	0.00178342 0.0344937
2124	0 1	0.0762262 0.664905	0.00181328 0.0344840
2125	0 1	0.0801466 0.667406	0.00183288 0.0344704
2126	0 1	0.0722164 0.643737	0.00186364 0.0344931
2127	0 1	0.0803444 0.672551	0.00183731 0.0343955
2128	0 1	0.0770842 0.656517	0.00183911 0.0343814
2129	0 1	0.0778110 0.662355	0.00184057 0.0343609
2130	0 1	0.0790271 0.661195	0.00182304 0.0343132
2131	0 1	0.0753298 0.655426	0.00181341 0.0342783
2132	0 1	0.0724528 0.641957	0.00180340 0.0342328
2133	0 1	0.0762497 0.663864	0.00181627 0.0342271
2134	0 1	0.0772007 0.651315	0.00181307 0.0342082
2135	0 1	0.0810173 0.673387	0.00182295 0.0341676
2136	0 1	0.0764984 0.663381	0.00181127 0.0341102
2137	0 1	0.0697603 0.637198	0.00180076 0.0340787
2138	0 1	0.0793200 0.670813	0.00179437 0.0340637
2139	0 1	0.0780319 0.664081	0.00180657 0.0340576
2140	0 1	0.0788056 0.670050	0.00179364 0.0340669
2141	0 1	0.0773110 0.660203	0.00180645 0.0340543
2142	0 1	0.0730439 0.660858	0.00181951 0.0341078
2143	0 1	0.0739364 0.658283	0.00180671 0.0340464
2144	0 1	0.0753932 0.659530	0.00178418 0.0340108
2145	0 1	0.0761002 0.663723	0.00178698 0.0340312
2146	0 1	0.0748495 0.661324	0.00176318 0.0340203
2147	0 1	0.0750521 0.655120	0.00175573 0.0340166
2148	0 1	0.0780250 0.663918	0.00174520 0.0339703
2149	0 1	0.0740868 0.653767	0.00172942 0.0339169
2150	0 1	0.0743383 0.654381	0.00173246 0.0339776
2151	0 1	0.0822657 0.686843	0.00172630 0.0339316
2152	0 1	0.0775968 0.660828	0.00169934 0.0338832
2153	0 1	0.0780411 0.671954	0.00169983 0.0338845
2154	0 1	0.0770079 0.655971	0.00168424 0.0338609
2155	0 1	0.0741436 0.650563	0.00167179 0.0338000
2156	0 1	0.0776519 0.668648	0.00167996 0.0338716
2157	0 1	0.0801331 0.669678	0.00169269 0.0338462
2158	0 1	0.0729720 0.653339	0.00171369 0.0339041
2159	0 1	0.0804011 0.668078	0.00172793 0.0339107
2160	0 1	0.0794030 0.665048	0.00171116 0.0338944
2161	0 1	0.0785856 0.664758	0.00172678 0.0338686
2162	0 1	0.0766062 0.658631	0.00173346 0.0338240
2163	0 1	0.0734510 0.652127	0.00175246 0.0339008
2164	0 1	0.0786748 0.667382	0.00172725 0.0338126
2165	0 1	0.0793453 0.664630	0.00170194 0.0337103
2166	0 1	0.0771562 0.661349	0.00171631 0.0337313
2167	0 1	0.0825952 0.683575	0.00172014 0.0336972
2168	0 1	0.0718227 0.646837	0.00172758 0.0336722
2169	0 1	0.0766084 0.658596	0.00173978 0.0336840
2170	0 1	0.0825323 0.677322	0.00172054 0.0336349
2171	0 1	0.0857791 0.681247	0.00173724 0.0336298
2172	0 1	0.0746711 0.659065	0.00171980 0.0335454
2173	0 1	0.0706421 0.641307	0.00168494 0.0334458
2174	0 1	0.0766865 0.658143	0.00169068 0.0334278
2175	0 1	0.0770163 0.650708	0.00166710 0.0333274
2176	0 1	0.0770091 0.660132	0.00168193 0.0333385
2177	0 1	0.0813647 0.665059	0.00168731 0.0333273
2178	0 1	0.0765008 0.662098	0.00170503 0.0333241
2179	0 1	0.0784407 0.666102	0.00171195 0.0333088
2180	0 1	0.0692717 0.647246	0.00171774 0.0333529
2181	0 1	0.0782192 0.660523	0.00171688 0.0333203
2182	0 1	0.0733078 0.645875	0.00172991 0.0333181
2183	0 1	0.0742490 0.664101	0.00171622 0.0332936
2184	0 1	0.0700475 0.639122	0.00172047 0.0332893
2185	0 1	0.0776187 0.664642	0.00172190 0.0332870
2186	0 1	0.0816851 0.671192	0.00171444 0.0332108
2187	0 1	0.0803453 0.673982	0.00174265 0.0332232
2188	0 1	0.0842574 0.685880	0.00175318 0.0332275
2189	0 1	0.0777746 0.660759	0.00176674 0.0332186
2190	0 1	0.0774653 0.670206	0.00177835 0.0332305
2191	0 1	0.0766227 0.659563	0.00176778 0.0332124
2192	0 1	0.0810863 0.672604	0.00177220 0.0332301
2193	0 1	0.0758704 0.666005	0.00179582 0.0332988
2194	0 1	0.0824406 0.674206	0.00181891 0.0332770
2195	0 1	0.0793598 0.664196	0.00181545 0.0332733
2196	0 1	0.0757400 0.654019	0.00182317 0.0332583
2197	0 1	0.0839400 0.676532	0.00181104 0.0331919
2198	0 1	0.0734518 0.647259	0.00180337 0.0331626
2199	0 1	0.0740586 0.652868	0.00178892 0.0331005
2200	0 1	0.0766927 0.658266	0.00180407 0.0331111
2201	0 1	0.0777144 0.665035	0.00181677 0.0330940
2202	0 1	0.0802922 0.668617	0.00180800 0.0330858
2203	0 1	0.0806047 0.673005	0.00179963 0.0330789
2204	0 1	0.0824713 0.674841	0.00182253 0.0330866
2205	0 1	0.0788426 0.665902	0.00181450 0.0330273
2206	0 1	0.0782605 0.661825	0.00181776 0.0330689
2207	0 1	0.0749644 0.659244	0.00181576 0.0330624
2208	0 1	0.0726983 0.654415	0.00184056 0.0330847
2209	0 1	0.0766453 0.657773	0.00186149 0.0330818
2210	0 1	0.0753753 0.659853	0.00186086 0.0330567
2211	0 1	0.0842817 0.671523	0.00185014 0.0330387
2212	0 1	0.0828589 0.673656	0.00187833 0.0330323
2213	0 1	0.0695023 0.644637	0.00186771 0.0330251
2214	0 1	0.0722077 0.653657	0.00184239 0.0329672
2215	0 1	0.0818789 0.673189	0.00186952 0.0330156
2216	0 1	0.0835365 0.667957	0.00187582 0.0330243
2217	0 1	0.0807989 0.672503	0.00184961 0.0329848
2218	0 1	0.0843027 0.683578	0.00182713 0.0329401
2219	0 1	0.0809138 0.674834	0.00183205 0.0329287
2220	0 1	0.0853097 0.674726	0.00182264 0.0329012
2221	0 1	0.0907000 0.690171	0.00182651 0.0328605
2222	0 1	0.0819463 0.674814	0.00183379 0.0328420
2223	0 1	0.0764820 0.662201	0.00182811 0.0327848
2224	0 1	0.0775786 0.662487	0.00181320 0.0327987
2225	0 1	0.0818790 0.670352	0.00181559 0.0328064
2226	0 1	0.0774354 0.667608	0.00181530 0.0327666
2227	0 1	0.0773848 0.656044	0.00179714 0.0327071
2228	0 1	0.0760015 0.659523	0.00179765 0.0326758
2229	0 1	0.0841534 0.683660	0.00181550 0.0326614
2230	0 1	0.0826196 0.675588	0.00183277 0.0326572
2231	0 1	0.0818606 0.673072	0.00184869 0.0326576
2232	0 1	0.0802087 0.671926	0.00185221 0.0326817
2233	0 1	0.0776304 0.663942	0.00184293 0.0326448
2234	0 1	0.0733077 0.649301	0.00184608 0.0326251
2235	0 1	0.0785714 0.672116	0.00184354 0.0325679
2236	0 1	0.0741190 0.650439	0.00184733 0.0325840
2237	0 1	0.0771941 0.657665	0.00183656 0.0325300
2238	0 1	0.0769052 0.667234	0.00181833 0.0325230
2239	0 1	0.0714827 0.653083	0.00182247 0.0325251
2240	0 1	0.0760881 0.658641	0.00180877 0.0324550
2241	0 1	0.0703795 0.637318	0.00180960 0.0324442
2242	0 1	0.0720650 0.653844	0.00180615 0.0324537
2243	0 1	0.0720821 0.652522	0.00179360 0.0324049
2244	0 1	0.0751033 0.656872	0.00178850 0.0323505
2245	0 1	0.0725693 0.645954	0.00176148 0.0323401
2246	0 1	0.0734486 0.652581	0.00176798 0.0322991
2247	0 1	0.0710592 0.643382	0.00174449 0.0322431
2248	0 1	0.0784343 0.661311	0.00174512 0.0322324
2249	0 1	0.0854737 0.681427	0.00176848 0.0322432
2250	0 1	0.0731171 0.654914	0.00176314 0.0321922
2251	0 1	0.0877203 0.688447	0.00176939 0.0321578
2252	0 1	0.0798758 0.672097	0.00177621 0.0321710
2253	0 1	0.0738203 0.652482	0.00176135 0.0321281
2254	0 1	0.0802399 0.667295	0.00178099 0.0321546
2255	0 1	0.0755920 0.656441	0.00178318 0.0321210
2256	0 1	0.0687061 0.634391	0.00176987 0.0321259
2257	0 1	0.0819005 0.677130	0.00176666 0.0321062
2258	0 1	0.0761328 0.662465	0.00175061 0.0320638
2259	0 1	0.0729682 0.649754	0.00174884 0.0320568
2260	0 1	0.0706256 0.642933	0.00176547 0.0320823
2261	0 1	0.0777588 0.661890	0.00175962 0.0320364
2262	0 1	0.0814951 0.671510	0.00179714 0.0320972
2263	0 1	0.0856309 0.675417	0.00181256 0.0320642
2264	0 1	0.0744041 0.660159	0.00178627 0.0320553
2265	0 1	0.0721886 0.646610	0.00177999 0.0320608
2266	0 1	0.0815629 0.673024	0.00177772 0.0320138
2267	0 1	0.0797345 0.671796	0.00176738 0.0319290
2268	0 1	0.0843334 0.679453	0.00175494 0.0318581
2269	0 1	0.0726348 0.646718	0.00174764 0.0318604
2270	0 1	0.0744550 0.652630	0.00174025 0.0318554
2271	0 1	0.0750284 0.661208	0.00173350 0.0318351
2272	0 1	0.0732626 0.647197	0.00171376 0.0318051
2273	0 1	0.0815282 0.678131	0.00171269 0.0317948
2274	0 1	0.0773803 0.664035	0.00170015 0.0317517
2275	0 1	0.0805448 0.676272	0.00170360 0.0317977
2276	0 1	0.0801335 0.673951	0.00168712 0.0317957
2277	0 1	0.0718652 0.645440	0.00167405 0.0317750
2278	0 1	0.0742243 0.653414	0.00165822 0.0317586
2279	0 1	0.0751926 0.649514	0.00166772 0.0317754
2280	0 1	0.0707696 0.645854	0.00166839 0.0317535
2281	0 1	0.0820831 0.666228	0.00168492 0.0317399
2282	0 1	0.0733335 0.651855	0.00170706 0.0317586
2283	0 1	0.0738601 0.654000	0.00170842 0.0317574
2284	0 1	0.0737630 0.649600	0.00168351 0.0316930
2285	0 1	0.0716210 0.648712	0.00170236 0.0317531
2286	0 1	0.0730747 0.654081	0.00169574 0.0317138
2287	0 1	0.0800602 0.666370	0.00167468 0.0316603
2288	0 1	0.0766738 0.655560	0.00168535 0.0316505
2289	0 1	0.0739012 0.657187	0.00167316 0.0316062
2290	0 1	0.0816293 0.663205	0.00165671 0.0315437
2291	0 1	0.0758996 0.657164	0.00164778 0.0315529
2292	0 1	0.0840099 0.680725	0.00165117 0.0315614
2293	0 1	0.0774536 0.660670	0.00165192 0.0314895
2294	0 1	0.0751454 0.657483	0.00164791 0.0314901
2295	0 1	0.0726833 0.652571	0.00164811 0.0314617
2296	0 1	0.0774858 0.663606	0.00164079 0.0314571
2297	0 1	0.0783991 0.668134	0.00162771 0.0314103
2298	0 1	0.0709245 0.649126	0.00161307 0.0313962
2299	0 1	0.0774363 0.660065	0.00161659 0.0313969
2300	0 1	0.0849314 0.673657	0.00163414 0.0314033
2301	0 1	0.0769163 0.665050	0.00162626 0.0314017
2302	0 1	0.0828188 0.673527	0.00161848 0.0313892
2303	0 1	0.0791832 0.666638	0.00159814 0.0313308
2304	0 1	0.0847964 0.679069	0.00159853 0.0313169
2305	0 1	0.0855662 0.670949	0.00162573 0.0313413
2306	0 1	0.0791583 0.663698	0.00163664 0.0313716
2307	0 1	0.0849187 0.680445	0.00164219 0.0314061
2308	0 1	0.0835913 0.679065	0.00164477 0.0314168
2309	0 1	0.0808797 0.669998	0.00161750 0.0313660
2310	0 1	0.0802784 0.676681	0.00162769 0.0313620
2311	0 1	0.0802064 0.670835	0.00163857 0.0313774
2312	0 1	0.0779279 0.668407	0.00163017 0.0313169
2313	0 1	0.0767083 0.665247	0.00161347 0.0312779
2314	0 1	0.0749769 0.657026	0.00161316 0.0312512
2315	0 1	0.0794619 0.669305	0.00160503 0.0312585
2316	0 1	0.0751843 0.650920	0.00161666 0.0312265
2317	0 1	0.0786699 0.659306	0.00161727 0.0312276
2318	0 1	0.0797736 0.667231	0.00162379 0.0312417
2319	0 1	0.0753658 0.652791	0.00162491 0.0312603
2320	0 1	0.0819266 0.657981	0.00163341 0.0312649
2321	0 1	0.0713992 0.648912	0.00163206 0.0312037
2322	0 1	0.0806064 0.665015	0.00164248 0.0312412
2323	0 1	0.0770508 0.654611	0.00162745 0.0312182
2324	0 1	0.0734017 0.648596	0.00162940 0.0311836
2325	0 1	0.0798123 0.665219	0.00163129 0.0311762
2326	0 1	0.0784055 0.664163	0.00161062 0.0311579
2327	0 1	0.0800776 0.664769	0.00159953 0.0311729
2328	0 1	0.0754139 0.655843	0.00161255 0.0311676
2329	0 1	0.0745743 0.645450	0.00159419 0.0310944
2330	0 1	0.0739940 0.651244	0.00160122 0.0311282
2331	0 1	0.0786867 0.665016	0.00159778 0.0310896
2332	0 1	0.0789918 0.662787	0.00160244 0.0310838
2333	0 1	0.0777747 0.671745	0.00160534 0.0310730
2334	0 1	0.0758803 0.655349	0.00162022 0.0311059
2335	0 1	0.0799730 0.666884	0.00161526 0.0310782
2336	0 1	0.0752142 0.656799	0.00161696 0.0310625
2337	0 1	0.0762370 0.658088	0.00160586 0.0310543
2338	0 1	0.0773008 0.656931	0.00162906 0.0310768
2339	0 1	0.0781461 0.660622	0.00163364 0.0310996
2340	0 1	0.0804143 0.670417	0.00166994 0.0311196
2341	0 1	0.0767087 0.658639	0.00169451 0.0311849
2342	0 1	0.0738542 0.653332	0.00169448 0.0311350
2343	0 1	0.0819614 0.670531	0.00170350 0.0311208
2344	0 1	0.0800439 0.666200	0.00170032 0.0311259
2345	0 1	0.0767499 0.653974	0.00170809 0.0311111
2346	0 1	0.0747485 0.654967	0.00171487 0.0310987
2347	0 1	0.0792609 0.668312	0.00170335 0.0310700
2348	0 1	0.0804979 0.662473	0.00169993 0.0310751
2349	0 1	0.0851036 0.674376	0.00168955 0.0309973
2350	0 1	0.0744842 0.650576	0.00170366 0.0310112
2351	0 1	0.0734170 0.666839	0.00170051 0.0310301
2352	0 1	0.0740258 0.655650	0.00169577 0.0310049
2353	0 1	0.0844934 0.682576	0.00172181 0.0310055
2354	0 1	0.0775732 0.665517	0.00171268 0.0309721
2355	0 1	0.0752092 0.653959	0.00170689 0.0309919
2356	0 1	0.0773633 0.667075	0.00171814 0.0310063
2357	0 1	0.0794210 0.660580	0.00172014 0.0309930
2358	0 1	0.0825810 0.678873	0.00171848 0.0309856
2359	0 1	0.0734173 0.651940	0.00169685 0.0309446
2360	0 1	0.0811044 0.673372	0.00167644 0.0309258
2361	0 1	0.0791947 0.659842	0.00167605 0.0309264
2362	0 1	0.0762195 0.662627	0.00167788 0.0308887
2363	0 1	0.0724466 0.647882	0.00165257 0.0308096
2364	0 1	0.0736197 0.648012	0.00164132 0.0308125
2365	0 1	0.0769632 0.652925	0.00165312 0.0308434
2366	0 1	0.0790488 0.662159	0.00166858 0.0308177
2367	0 1	0.0826495 0.669545	0.00167219 0.0307844
2368	0 1	0.0837483 0.676181	0.00168711 0.0307811
2369	0 1	0.0796497 0.663281	0.00170061 0.0307953
2370	0 1	0.0851080 0.676063	0.00170177 0.0307555
2371	0 1	0.0743745 0.663472	0.00169880 0.0307514
2372	0 1	0.0709437 0.640036	0.00169049 0.0307355
2373	0 1	0.0779840 0.664206	0.00169154 0.0307383
2374	0 1	0.0771393 0.659084	0.00170443 0.0307636
2375	0 1	0.0818722 0.675363	0.00171031 0.0307363
2376	0 1	0.0765691 0.662416	0.00170665 0.0307285
2377	0 1	0.0769371 0.670253	0.00168576 0.0306885
2378	0 1	0.0772272 0.660942	0.00167249 0.0306744
2379	0 1	0.0772554 0.660059	0.00167339 0.0306330
2380	0 1	0.0803247 0.673914	0.00167408 0.0306141
2381	0 1	0.0817203 0.668775	0.00167112 0.0305729
2382	0 1	0.0756187 0.667594	0.00167374 0.0305633
2383	0 1	0.0762960 0.662284	0.00167739 0.0305369
2384	0 1	0.0767462 0.662503	0.00168308 0.0305052
2385	0 1	0.0751840 0.649366	0.00168768 0.0305224
2386	0 1	0.0789618 0.665842	0.00168328 0.0305207
2387	0 1	0.0756363 0.655310	0.00168230 0.0305090
2388	0 1	0.0764585 0.657572	0.00167838 0.0304783
2389	0 1	0.0722188 0.645460	0.00166095 0.0304407
2390	0 1	0.0737905 0.653762	0.00164628 0.0304255
2391	0 1	0.0860451 0.682330	0.00165726 0.0304401
2392	0 1	0.0822093 0.681034	0.00166807 0.0303948
2393	0 1	0.0809602 0.664525	0.00166539 0.0304375
2394	0 1	0.0824950 0.671160	0.00168916 0.0304767
2395	0 1	0.0762617 0.660325	0.00169281 0.0304970
2396	0 1	0.0824933 0.669508	0.00171588 0.0305274
2397	0 1	0.0779818 0.659512	0.00169941 0.0304929
2398	0 1	0.0717070 0.643128	0.00168527 0.0304786
2399	0 1	0.0700531 0.641473	0.00167080 0.0304385
2400	0 1	0.0750837 0.661119	0.00170157 0.0304994
2401	0 1	0.0755783 0.658302	0.00170048 0.0304906
2402	0 1	0.0835049 0.674745	0.00169633 0.0305033
2403	0 1	0.0805093 0.666730	0.00169403 0.0305147
2404	0 1	0.0763782 0.660876	0.00169765 0.0305270
2405	0 1	0.0754828 0.657570	0.00170335 0.0305124
2406	0 1	0.0749310 0.648207	0.00171601 0.0305300
2407	0 1	0.0824847 0.683774	0.00171000 0.0304903
2408	0 1	0.0769516 0.655955	0.00171095 0.0304918
2409	0 1	0.0710533 0.640366	0.00170951 0.0304896
2410	0 1	0.0818955 0.678674	0.00170284 0.0304859
2411	0 1	0.0780192 0.659572	0.00169547 0.0304965
2412	0 1	0.0805563 0.670813	0.00169995 0.0305098
2413	0 1	0.0780284 0.654755	0.00170175 0.0305292
2414	0 1	0.0842754 0.670067	0.00167872 0.0304291
2415	0 1	0.0826597 0.671140	0.00166831 0.0303908
2416	0 1	0.0769142 0.657737	0.00166788 0.0304037
2417	0 1	0.0814519 0.670689	0.00164564 0.0303646
2418	0 1	0.0819226 0.669349	0.00166328 0.0303933
2419	0 1	0.0739436 0.654256	0.00165531 0.0303712
2420	0 1	0.0724798 0.658701	0.00165610 0.0303554
2421	0 1	0.0823550 0.674615	0.00166555 0.0303736
2422	0 1	0.0772135 0.655899	0.00165360 0.0303568
2423	0 1	0.0827581 0.668595	0.00165637 0.0303649
2424	0 1	0.0792808 0.672016	0.00165355 0.0303597
2425	0 1	0.0825246 0.680079	0.00166411 0.0303514
2426	0 1	0.0800663 0.671080	0.00166305 0.0303283
2427	0 1	0.0761795 0.656481	0.00167242 0.0303483
2428	0 1	0.0801948 0.663894	0.00167255 0.0303546
2429	0 1	0.0848540 0.685564	0.00166807 0.0303066
2430	0 1	0.0807441 0.668933	0.00165461 0.0302942
2431	0 1	0.0736973 0.656653	0.00164910 0.0302818
2432	0 1	0.0734334 0.653914	0.00164296 0.0302521
2433	0 1	0.0750144 0.649086	0.00163226 0.0302575
2434	0 1	0.0795750 0.653824	0.00164191 0.0302323
2435	0 1	0.0852559 0.681294	0.00162502 0.0302283
2436	0 1	0.0823347 0.668688	0.00163623 0.0302266
2437	0 1	0.0788742 0.660850	0.00163266 0.0302223
2438	0 1	0.0788301 0.667568	0.00163296 0.0302035
2439	0 1	0.0751921 0.650110	0.00165363 0.0302610
2440	0 1	0.0766966 0.661811	0.00163203 0.0302321
2441	0 1	0.0755911 0.658190	0.00164150 0.0302134
2442	0 1	0.0791127 0.668680	0.00165375 0.0302429
2443	0 1	0.0785440 0.657788	0.00165966 0.0302287
2444	0 1	0.0733075 0.647306	0.00168989 0.0302876
2445	0 1	0.0752573 0.648909	0.00170542 0.0302674
2446	0 1	0.0745151 0.657637	0.00169419 0.0302370
2447	0 1	0.0731313 0.641835	0.00168231 0.0301875
2448	0 1	0.0793091 0.666186	0.00168927 0.0301847
2449	0 1	0.0785393 0.663153	0.00168987 0.0301746
2450	0 1	0.0746208 0.659008	0.00168512 0.0301730
2451	0 1	0.0759255 0.655405	0.00169509 0.0302030
2452	0 1	0.0745185 0.651999	0.00170531 0.0301686
2453	0 1	0.0723484 0.647858	0.00172352 0.0301771
2454	0 1	0.0807015 0.672588	0.00172620 0.0301896
2455	0 1	0.0789154 0.664564	0.00174844 0.0302061
2456	0 1	0.0782861 0.661727	0.00177188 0.0301999
2457	0 1	0.0728305 0.648316	0.00177846 0.0302284
2458	0 1	0.0760034 0.659581	0.00177530 0.0302578
2459	0 1	0.0850593 0.661317	0.00178112 0.0302267
2460	0 1	0.0773643 0.655203	0.00179507 0.0302258
2461	0 1	0.0794116 0.665770	0.00179020 0.0302405
2462	0 1	0.0796736 0.661882	0.00178511 0.0302433
2463	0 1	0.0741818 0.659213	0.00176448 0.0302028
2464	0 1	0.0752869 0.652368	0.00175083 0.0301371
2465	0 1	0.0772836 0.655041	0.00175639 0.0301719
2466	0 1	0.0821159 0.671664	0.00174403 0.0301124
2467	0 1	0.0785382 0.669588	0.00169181 0.0300290
2468	0 1	0.0755631 0.657987	0.00169802 0.0300492
2469	0 1	0.0750445 0.656193	0.00169975 0.0300360
2470	0 1	0.0795118 0.666584	0.00171394 0.0300561
2471	0 1	0.0731745 0.640496	0.00171383 0.0300385
2472	0 1	0.0756173 0.659938	0.00171828 0.0300187
2473	0 1	0.0808787 0.671787	0.00175450 0.0301201
2474	0 1	0.0741880 0.644985	0.00174752 0.0300946
2475	0 1	0.0787510 0.664783	0.00174575 0.0300868
2476	0 1	0.0741149 0.656235	0.00172327 0.0300374
2477	0 1	0.0807934 0.665510	0.00171264 0.0300114
2478	0 1	0.0742843 0.646386	0.00172844 0.0301024
2479	0 1	0.0739832 0.649620	0.00172928 0.0300978
2480	0 1	0.0733542 0.646354	0.00170953 0.0300896
2481	0 1	0.0739895 0.664308	0.00169918 0.0301102
2482	0 1	0.0777232 0.668821	0.00168306 0.0300513
2483	0 1	0.0759535 0.657743	0.00169264 0.0300802
2484	0 1	0.0800241 0.669252	0.00168508 0.0300494
2485	0 1	0.0804712 0.666957	0.00166794 0.0300074
2486	0 1	0.0747095 0.658792	0.00166827 0.0300117
2487	0 1	0.0775434 0.667502	0.00164421 0.0299472
2488	0 1	0.0764634 0.652700	0.00164277 0.0299548
2489	0 1	0.0785642 0.663900	0.00162815 0.0299354
2490	0 1	0.0737777 0.646120	0.00162851 0.0299321
2491	0 1	0.0709743 0.645218	0.00162357 0.0299040
2492	0 1	0.0808030 0.661846	0.00164036 0.0298921
2493	0 1	0.0791821 0.671213	0.00163520 0.0298512
2494	0 1	0.0846367 0.683014	0.00162866 0.0298474
2495	0 1	0.0788036 0.664235	0.00161352 0.0298015
2496	0 1	0.0789321 0.665566	0.00160975 0.0297854
2497	0 1	0.0746407 0.651848	0.00160947 0.0297629
2498	0 1	0.0718701 0.645938	0.00161533 0.0297661
2499	0 1	0.0799937 0.664767	0.00161321 0.0297386
2500	0 1	0.0849853 0.679792	0.00160331 0.0296993
2501	0 1	0.0728822 0.656531	0.00160312 0.0297307
2502	0 1	0.0749805 0.660760	0.00160200 0.0297198
2503	0 1	0.0831907 0.670998	0.00160845 0.0297326
2504	0 1	0.0838063 0.673644	0.00161517 0.0297239
2505	0 1	0.0697001 0.638191	0.00162622 0.0297510
2506	0 1	0.0755030 0.655145	0.00163142 0.0297830
2507	0 1	0.0815270 0.676470	0.00162268 0.0297013
2508	0 1	0.0771996 0.662043	0.00160654 0.0296796
2509	0 1	0.0726233 0.645750	0.00161060 0.0296759
2510	0 1	0.0755725 0.668872	0.00159984 0.0296418
2511	0 1	0.0798537 0.663846	0.00157587 0.0296065
2512	0 1	0.0779987 0.659164	0.00158813 0.0296740
2513	0 1	0.0760016 0.656666	0.00160508 0.0296707
2514	0 1	0.0770605 0.660463	0.00160871 0.0296924
2515	0 1	0.0760232 0.652885	0.00160402 0.0296676
2516	0 1	0.0764341 0.659703	0.00158869 0.0296332
2517	0 1	0.0773007 0.661222	0.00159121 0.0296376
2518	0 1	0.0762615 0.657318	0.00157805 0.0296151
2519	0 1	0.0861671 0.684172	0.00156910 0.0296172
2520	0 1	0.0832450 0.677365	0.00157005 0.0296253
2521	0 1	0.0848691 0.683194	0.00156919 0.0296032
2522	0 1	0.0729403 0.644527	0.00155187 0.0295684
2523	0 1	0.0759965 0.657780	0.00155485 0.0295737
2524	0 1	0.0717101 0.644125	0.00154811 0.0295657
2525	0 1	0.0828589 0.673630	0.00156753 0.0295861
2526	0 1	0.0737205 0.652205	0.00156799 0.0296002
2527	0 1	0.0741310 0.658772	0.00159372 0.0296434
2528	0 1	0.0825340 0.671758	0.00159778 0.0296671
2529	0 1	0.0855246 0.678428	0.00160438 0.0296971
2530	0 1	0.0708945 0.645316	0.00160743 0.0297239
2531	0 1	0.0713127 0.642478	0.00160964 0.0297191
2532	0 1	0.0733144 0.649033	0.00161078 0.0296945
2533	0 1	0.0762664 0.667670	0.00161822 0.0296514
2534	0 1	0.0754421 0.660754	0.00162293 0.0296487
2535	0 1	0.0798141 0.660556	0.00163677 0.0296816
2536	0 1	0.0760021 0.657200	0.00163328 0.0296620
2537	0 1	0.0830544 0.683575	0.00164515 0.0296899
2538	0 1	0.0788788 0.667246	0.00163676 0.0296202
2539	0 1	0.0788188 0.669070	0.00164054 0.0296268
2540	0 1	0.0739608 0.656531	0.00166543 0.0296448
2541	0 1	0.0729405 0.644780	0.00165957 0.0296387
2542	0 1	0.0826596 0.671435	0.00167861 0.0296826
2543	0 1	0.0817670 0.668715	0.00171306 0.0297668
2544	0 1	0.0757252 0.654153	0.00169221 0.0297686
2545	0 1	0.0771658 0.651293	0.00169152 0.0298096
2546	0 1	0.0825608 0.673770	0.00168601 0.0298000
2547	0 1	0.0795766 0.666428	0.00167798 0.0298073
2548	0 1	0.0772331 0.662731	0.00166164 0.0297753
2549	0 1	0.0763556 0.657408	0.00164959 0.0297774
2550	0 1	0.0784250 0.672775	0.00165020 0.0297814
2551	0 1	0.0815087 0.673837	0.00165222 0.0297685
2552	0 1	0.0806820 0.668819	0.00162589 0.0297084
2553	0 1	0.0741459 0.648871	0.00160728 0.0296581
2554	0 1	0.0805702 0.674337	0.00161505 0.0296713
2555	0 1	0.0797796 0.670706	0.00163165 0.0296612
2556	0 1	0.0796500 0.661828	0.00163589 0.0296845
2557	0 1	0.0805845 0.665230	0.00163451 0.0296899
2558	0 1	0.0818992 0.661821	0.00163190 0.0296562
2559	0 1	0.0757289 0.664135	0.00164821 0.0296444
2560	0 1	0.0760111 0.651544	0.00164610 0.0296246
2561	0 1	0.0828458 0.670014	0.00163444 0.0295910
2562	0 1	0.0704850 0.641808	0.00165433 0.0296079
2563	0 1	0.0728511 0.651433	0.00165427 0.0296400
2564	0 1	0.0760661 0.659282	0.00166749 0.0296372
2565	0 1	0.0740766 0.657123	0.00167378 0.0296745
2566	0 1	0.0720002 0.652479	0.00167465 0.0297061
2567	0 1	0.0767497 0.659181	0.00166261 0.0296775
2568	0 1	0.0753151 0.656125	0.00165055 0.0296213
2569	0 1	0.0741794 0.651320	0.00163647 0.0296632
2570	0 1	0.0742257 0.646336	0.00163641 0.0296766
2571	0 1	0.0806518 0.666129	0.00163199 0.0296502
2572	0 1	0.0839027 0.673371	0.00162488 0.0296354
2573	0 1	0.0801613 0.666366	0.00162748 0.0296070
2574	0 1	0.0744825 0.651728	0.00163476 0.0296051
2575	0 1	0.0704649 0.639781	0.00163439 0.0296096
2576	0 1	0.0739344 0.652181	0.00163631 0.0296168
2577	0 1	0.0793926 0.661057	0.00164786 0.0296565
2578	0 1	0.0845923 0.672739	0.00164382 0.0296426
2579	0 1	0.0763741 0.657485	0.00163589 0.0296278
2580	0 1	0.0832313 0.674723	0.00162677 0.0295932
2581	0 1	0.0779153 0.669871	0.00164105 0.0296361
2582	0 1	0.0864559 0.682729	0.00162886 0.0295525
2583	0 1	0.0706732 0.638142	0.00162377 0.0295183
2584	0 1	0.0733027 0.649367	0.00161709 0.0294887
2585	0 1	0.0744173 0.649206	0.00161186 0.0295003
2586	0 1	0.0809243 0.672303	0.00158424 0.0294330
2587	0 1	0.0782205 0.658682	0.00157657 0.0294352
2588	0 1	0.0829752 0.668705	0.00159581 0.0294446
2589	0 1	0.0741672 0.652808	0.00160251 0.0294835
2590	0 1	0.0833190 0.677178	0.00159658 0.0294796
2591	0 1	0.0801229 0.668750	0.00160920 0.0294937
2592	0 1	0.0797580 0.663773	0.00161070 0.0294828
2593	0 1	0.0829268 0.668939	0.00162130 0.0295012
2594	0 1	0.0734344 0.646864	0.00162047 0.0294956
2595	0 1	0.0762713 0.655704	0.00162645 0.0295117
2596	0 1	0.0857093 0.675842	0.00162960 0.0294836
2597	0 1	0.0760617 0.654575	0.00163867 0.0295120
2598	0 1	0.0754173 0.656221	0.00165290 0.0295031
2599	0 1	0.0764986 0.660288	0.00165249 0.0294877
2600	0 1	0.0821606 0.673092	0.00165338 0.0294544
2601	0 1	0.0825485 0.670807	0.00164842 0.0294276
2602	0 1	0.0758729 0.659318	0.00164244 0.0294371
2603	0 1	0.0725467 0.645972	0.00161755 0.0293615
2604	0 1	0.0808175 0.669313	0.00163395 0.0293479
2605	0 1	0.0776376 0.660738	0.00162976 0.0292979
2606	0 1	0.0767486 0.657184	0.00162607 0.0292630
2607	0 1	0.0867737 0.685043	0.00164714 0.0292436
2608	0 1	0.0772626 0.665095	0.00166387 0.0292740
2609	0 1	0.0696313 0.637004	0.00165407 0.0292140
2610	0 1	0.0762552 0.657704	0.00165724 0.0292061
2611	0 1	0.0740967 0.661810	0.00164998 0.0292067
2612	0 1	0.0748970 0.656835	0.00163465 0.0292132
2613	0 1	0.0713584 0.644380	0.00163746 0.0292034
2614	0 1	0.0816554 0.668693	0.00163473 0.0291747
2615	0 1	0.0812252 0.668339	0.00163916 0.0291627
2616	0 1	0.0787190 0.661892	0.00166505 0.0292344
2617	0 1	0.0728150 0.646610	0.00166047 0.0291990
2618	0 1	0.0749662 0.659776	0.00164695 0.0291958
2619	0 1	0.0767772 0.655497	0.00166812 0.0292100
2620	0 1	0.0800455 0.664647	0.00167425 0.0292790
2621	0 1	0.0797175 0.671850	0.00169238 0.0292746
2622	0 1	0.0772076 0.661754	0.00167548 0.0292685
2623	0 1	0.0812502 0.668682	0.00166215 0.0292417
2624	0 1	0.0747883 0.656497	0.00166660 0.0292715
2625	0 1	0.0743974 0.648134	0.00165590 0.0292600
2626	0 1	0.0803933 0.664637	0.00167785 0.0292846
2627	0 1	0.0771059 0.660179	0.00170693 0.0293235
2628	0 1	0.0787792 0.662554	0.00170995 0.0293553
2629	0 1	0.0793516 0.667050	0.00171943 0.0293921
2630	0 1	0.0767457 0.663025	0.00169929 0.0293547
2631	0 1	0.0784260 0.666422	0.00171270 0.0293941
2632	0 1	0.0786749 0.665653	0.00167640 0.0293125
2633	0 1	0.0782978 0.660761	0.00166906 0.0292864
2634	0 1	0.0714821 0.655670	0.00166117 0.0292976
2635	0 1	0.0753107 0.652227	0.00164395 0.0292448
2636	0 1	0.0801364 0.669482	0.00162497 0.0292242
2637	0 1	0.0776158 0.660351	0.00160163 0.0291795
2638	0 1	0.0732817 0.649375	0.00160075 0.0291911
2639	0 1	0.0774961 0.650960	0.00157872 0.0291106
2640	0 1	0.0806411 0.671000	0.00159162 0.0290962
2641	0 1	0.0780336 0.664501	0.00160900 0.0290978
2642	0 1	0.0740471 0.653727	0.00160621 0.0291046
2643	0 1	0.0694631 0.643533	0.00160085 0.0290966
2644	0 1	0.0801603 0.665724	0.00158639 0.0290439
2645	0 1	0.0898409 0.692869	0.00160789 0.0290326
2646	0 1	0.0765726 0.662278	0.00161926 0.0290505
2647	0 1	0.0799913 0.667445	0.00162250 0.0289885
2648	0 1	0.0854094 0.673355	0.00161050 0.0289396
2649	0 1	0.0777776 0.669942	0.00160185 0.0289282
2650	0 1	0.0778767 0.662677	0.00161002 0.0289423
2651	0 1	0.0795577 0.657275	0.00160192 0.0289153
2652	0 1	0.0775012 0.668437	0.00159511 0.0288694
2653	0 1	0.0748326 0.645277	0.00159110 0.0288297
2654	0 1	0.0878837 0.683768	0.00158575 0.0288087
2655	0 1	0.0785606 0.665275	0.00156050 0.0287495
2656	0 1	0.0747267 0.650098	0.00154124 0.0286810
2657	0 1	0.0767491 0.659839	0.00153361 0.0286747
2658	0 1	0.0779831 0.656306	0.00151516 0.0286379
2659	0 1	0.0764539 0.654822	0.00151385 0.0286317
2660	0 1	0.0861959 0.671320	0.00152137 0.0286483
2661	0 1	0.0751921 0.654721	0.00153150 0.0286670
2662	0 1	0.0737155 0.653319	0.00154734 0.0286877
2663	0 1	0.0694402 0.637073	0.00153508 0.0286824
2664	0 1	0.0778530 0.660887	0.00153983 0.0286733
2665	0 1	0.0826488 0.680997	0.00155011 0.0286916
2666	0 1	0.0724551 0.645477	0.00157731 0.0287348
2667	0 1	0.0778136 0.659689	0.00158255 0.0287254
2668	0 1	0.0860791 0.689130	0.00158010 0.0287416
2669	0 1	0.0752189 0.645486	0.00156294 0.0287227
2670	0 1	0.0783425 0.666404	0.00156265 0.0287408
2671	0 1	0.0793955 0.668680	0.00158308 0.0287782
2672	0 1	0.0797624 0.664293	0.00159256 0.0287598
2673	0 1	0.0846772 0.686220	0.00160121 0.0287519
2674	0 1	0.0800968 0.665733	0.00160237 0.0287256
2675	0 1	0.0792994 0.668676	0.00162223 0.0287563
2676	0 1	0.0775963 0.659606	0.00162492 0.0287706
2677	0 1	0.0790961 0.665658	0.00164707 0.0288099
2678	0 1	0.0802072 0.662140	0.00163821 0.0287664
2679	0 1	0.0781890 0.653376	0.00163875 0.0288238
2680	0 1	0.0764981 0.661989	0.00165432 0.0288573
2681	0 1	0.0736108 0.650423	0.00166731 0.0288752
2682	0 1	0.0746780 0.654747	0.00167980 0.0288875
2683	0 1	0.0750890 0.651684	0.00167965 0.0288508
2684	0 1	0.0821560 0.666941	0.00169473 0.0288789
2685	0 1	0.0779170 0.664029	0.00168006 0.0288809
2686	0 1	0.0778657 0.664174	0.00167422 0.0288937
2687	0 1	0.0822705 0.676520	0.00168599 0.0289140
2688	0 1	0.0836422 0.677755	0.00168986 0.0289179
2689	0 1	0.0761521 0.668676	0.00169068 0.0289536
2690	0 1	0.0828925 0.678814	0.00168607 0.0288948
2691	0 1	0.0721782 0.650177	0.00167912 0.0288977
2692	0 1	0.0835677 0.668066	0.00169788 0.0289292
2693	0 1	0.0733000 0.648078	0.00167491 0.0289062
2694	0 1	0.0834225 0.671899	0.00169172 0.0289118
2695	0 1	0.0734875 0.646288	0.00167675 0.0288681
2696	0 1	0.0679794 0.638938	0.00167345 0.0288519
2697	0 1	0.0766014 0.654471	0.00166962 0.0287926
2698	0 1	0.0793484 0.662655	0.00166261 0.0287986
2699	0 1	0.0792496 0.668338	0.00168018 0.0288233
2700	0 1	0.0744912 0.655608	0.00166167 0.0287653
2701	0 1	0.0742059 0.648029	0.00167054 0.0288152
2702	0 1	0.0767836 0.652408	0.00167606 0.0288116
2703	0 1	0.0769760 0.656916	0.00168714 0.0288260
2704	0 1	0.0793940 0.668901	0.00168928 0.0288452
2705	0 1	0.0766767 0.657683	0.00168863 0.0288354
2706	0 1	0.0780357 0.663214	0.00167449 0.0288112
2707	0 1	0.0725954 0.652656	0.00166390 0.0287999
2708	0 1	0.0849368 0.678000	0.00166793 0.0287955
2709	0 1	0.0700877 0.642340	0.00167200 0.0288201
2710	0 1	0.0787265 0.665906	0.00167461 0.0287990
2711	0 1	0.0817586 0.659745	0.00167109 0.0287853
2712	0 1	0.0822603 0.676426	0.00166192 0.0287542
2713	0 1	0.0799247 0.665702	0.00166519 0.0287281
2714	0 1	0.0743635 0.656511	0.00168485 0.0287802
2715	0 1	0.0737872 0.655482	0.00167812 0.0287844
2716	0 1	0.0720977 0.648396	0.00167820 0.0287881
2717	0 1	0.0714145 0.641944	0.00166927 0.0287611
2718	0 1	0.0818351 0.665883	0.00167987 0.0287934
2719	0 1	0.0794237 0.659768	0.00168363 0.0288068
2720	0 1	0.0763260 0.655101	0.00167768 0.0287803
2721	0 1	0.0773381 0.663918	0.00168772 0.0287661
2722	0 1	0.0773099 0.655675	0.00169954 0.0287850
2723	0 1	0.0844848 0.676173	0.00168583 0.0287665
2724	0 1	0.0744510 0.653227	0.00167139 0.0287450
2725	0 1	0.0772996 0.655890	0.00168064 0.0287831
2726	0 1	0.0796205 0.669234	0.00167841 0.0287726
2727	0 1	0.0831324 0.666856	0.00168828 0.0288011
2728	0 1	0.0769292 0.662517	0.00167361 0.0287402
2729	0 1	0.0828122 0.679317	0.00169732 0.0287989
2730	0 1	0.0788742 0.666557	0.00170034 0.0287685
2731	0 1	0.0776518 0.664989	0.00172752 0.0287980
2732	0 1	0.0695574 0.641210	0.00173282 0.0288222
2733	0 1	0.0754565 0.645268	0.00172977 0.0287874
2734	0 1	0.0775776 0.665863	0.00171528 0.0287803
2735	0 1	0.0836285 0.675987	0.00171276 0.0287589
2736	0 1	0.0745299 0.656923	0.00171301 0.0287450
2737	0 1	0.0757990 0.657963	0.00172476 0.0287694
2738	0 1	0.0796637 0.668427	0.00171864 0.0287296
2739	0 1	0.0787136 0.660944	0.00171049 0.0287110
2740	0 1	0.0795582 0.662611	0.00170539 0.0287465
2741	0 1	0.0705571 0.637184	0.00168911 0.0287315
2742	0 1	0.0780362 0.658151	0.00168621 0.0287519
2743	0 1	0.0718726 0.649645	0.00169716 0.0287640
2744	0 1	0.0803050 0.667181	0.00169327 0.0287584
2745	0 1	0.0724981 0.648605	0.00172200 0.0288184
2746	0 1	0.0791613 0.657748	0.00172586 0.0288120
2747	0 1	0.0768636 0.652654	0.00171365 0.0287784
2748	0 1	0.0717390 0.648269	0.00170336 0.0287197
2749	0 1	0.0772762 0.659152	0.00169415 0.0287201
2750	0 1	0.0824617 0.674540	0.00171345 0.0287498
2751	0 1	0.0740547 0.650511	0.00170350 0.0287627
2752	0 1	0.0845446 0.677604	0.00170405 0.0287412
2753	0 1	0.0818656 0.660990	0.00171827 0.0287822
2754	0 1	0.0814935 0.668839	0.00171983 0.0287950
2755	0 1	0.0828695 0.679405	0.00172558 0.0287836
2756	0 1	0.0811437 0.669900	0.00173345 0.0288143
2757	0 1	0.0814288 0.668578	0.00171618 0.0287785
2758	0 1	0.0771957 0.664588	0.00170288 0.0287342
2759	0 1	0.0651773 0.630482	0.00169077 0.0287374
2760	0 1	0.0796967 0.663506	0.00169604 0.0287259
2761	0 1	0.0784133 0.652169	0.00171387 0.0287203
2762	0 1	0.0764290 0.653611	0.00171529 0.0287368
2763	0 1	0.0773346 0.664349	0.00170504 0.0287090
2764	0 1	0.0762658 0.650743	0.00169368 0.0286692
2765	0 1	0.0822628 0.675912	0.00169707 0.0286416
2766	0 1	0.0863038 0.686747	0.00170639 0.0286516
2767	0 1	0.0787801 0.653574	0.00171508 0.0286339
2768	0 1	0.0742961 0.647140	0.00169724 0.0286068
2769	0 1	0.0796138 0.658923	0.00168158 0.0285617
2770	0 1	0.0762774 0.654855	0.00166224 0.0285567
2771	0 1	0.0787455 0.666950	0.00167903 0.0286175
2772	0 1	0.0760074 0.658609	0.00166929 0.0285778
2773	0 1	0.0777580 0.668421	0.00166915 0.0285937
2774	0 1	0.0693915 0.637496	0.00167683 0.0286352
2775	0 1	0.0750749 0.655671	0.00166259 0.0286005
2776	0 1	0.0727339 0.652491	0.00166036 0.0286252
2777	0 1	0.0807416 0.666201	0.00163864 0.0285578
2778	0 1	0.0773328 0.648032	0.00163256 0.0285369
2779	0 1	0.0728016 0.644665	0.00162424 0.0285229
2780	0 1	0.0705414 0.644112	0.00162242 0.0285111
2781	0 1	0.0798957 0.659525	0.00160913 0.0284895
2782	0 1	0.0798685 0.661935	0.00159882 0.0284172
2783	0 1	0.0842648 0.677437	0.00160193 0.0284330
2784	0 1	0.0792654 0.655684	0.00161833 0.0284880
2785	0 1	0.0783428 0.656725	0.00161709 0.0284734
2786	0 1	0.0744039 0.654031	0.00162810 0.0284676
2787	0 1	0.0814675 0.667185	0.00160454 0.0284044
2788	0 1	0.0794880 0.670345	0.00159783 0.0283643
2789	0 1	0.0741589 0.648516	0.00159495 0.0283634
2790	0 1	0.0790025 0.656773	0.00158775 0.0283472
2791	0 1	0.0826826 0.675672	0.00159112 0.0283423
2792	0 1	0.0737094 0.651811	0.00158129 0.0283219
2793	0 1	0.0767549 0.658462	0.00158247 0.0283259
2794	0 1	0.0705615 0.649178	0.00157756 0.0283711
2795	0 1	0.0831630 0.667143	0.00158255 0.0283739
2796	0 1	0.0810728 0.669947	0.00158049 0.0283258
2797	0 1	0.0755463 0.661707	0.00156578 0.0283097
2798	0 1	0.0818355 0.664396	0.00159869 0.0283750
2799	0 1	0.0866267 0.685969	0.00161305 0.0284197
2800	0 1	0.0763868 0.658287	0.00160123 0.0283757
2801	0 1	0.0712578 0.641456	0.00159113 0.0283450
2802	0 1	0.0766621 0.652025	0.00160139 0.0283912
2803	0 1	0.0803693 0.672386	0.00161022 0.0283642
2804	0 1	0.0778557 0.653550	0.00163444 0.0283980
2805	0 1	0.0744774 0.646830	0.00161652 0.0283586
2806	0 1	0.0783273 0.665094	0.00162914 0.0283711
2807	0 1	0.0723732 0.643245	0.00163670 0.0283789
2808	0 1	0.0789961 0.655908	0.00163926 0.0283499
2809	0 1	0.0780066 0.661704	0.00163999 0.0283608
2810	0 1	0.0853131 0.672817	0.00162374 0.0283269
2811	0 1	0.0821024 0.674729	0.00162769 0.0283148
2812	0 1	0.0775692 0.668007	0.00163575 0.0283302
2813	0 1	0.0797731 0.664042	0.00164588 0.0283286
2814	0 1	0.0748734 0.650713	0.00164441 0.0283355
2815	0 1	0.0825724 0.672344	0.00163950 0.0283428
2816	0 1	0.0849729 0.680692	0.00164263 0.0283486
2817	0 1	0.0775115 0.655443	0.00163162 0.0283025
2818	0 1	0.0786072 0.671096	0.00161965 0.0282920
2819	0 1	0.0803140 0.664131	0.00161860 0.0283191
2820	0 1	0.0757912 0.657864	0.00161469 0.0283002
2821	0 1	0.0830713 0.669872	0.00159613 0.0282618
2822	0 1	0.0820458 0.666873	0.00160611 0.0282469
2823	0 1	0.0759582 0.665387	0.00160046 0.0282453
2824	0 1	0.0753391 0.655749	0.00160535 0.0282348
2825	0 1	0.0747176 0.651681	0.00162441 0.0283040
2826	0 1	0.0762925 0.658566	0.00161796 0.0282599
2827	0 1	0.0783044 0.668139	0.00162430 0.0282732
2828	0 1	0.0728858 0.649247	0.00161438 0.0282682
2829	0 1	0.0731056 0.647009	0.00160134 0.0282616
2830	0 1	0.0749609 0.656564	0.00161210 0.0282832
2831	0 1	0.0762034 0.656334	0.00159985 0.0282894
2832	0 1	0.0780625 0.660461	0.00158474 0.0282678
2833	0 1	0.0729113 0.645538	0.00159072 0.0282741
2834	0 1	0.0777291 0.662709	0.00159369 0.0282572
2835	0 1	0.0753542 0.652559	0.00158477 0.0283061
2836	0 1	0.0832544 0.673375	0.00160306 0.0283632
2837	0 1	0.0815186 0.663117	0.00159855 0.0283587
2838	0 1	0.0772173 0.654851	0.00159814 0.0283296
2839	0 1	0.0737087 0.655286	0.00160603 0.0283177
2840	0 1	0.0843805 0.670925	0.00158767 0.0282984
2841	0 1	0.0788393 0.665444	0.00157584 0.0282663
2842	0 1	0.0703433 0.644169	0.00156026 0.0282669
2843	0 1	0.0761199 0.653559	0.00154886 0.0282493
2844	0 1	0.0738815 0.650712	0.00154183 0.0282174
2845	0 1	0.0772024 0.660220	0.00153766 0.0281747
2846	0 1	0.0817437 0.670927	0.00155409 0.0282161
2847	0 1	0.0764719 0.661089	0.00155391 0.0282027
2848	0 1	0.0845228 0.678771	0.00157293 0.0282054
2849	0 1	0.0803046 0.673640	0.00158004 0.0282417
2850	0 1	0.0743754 0.649282	0.00156983 0.0282250
2851	0 1	0.0795774 0.673783	0.00158565 0.0282418
2852	0 1	0.0875813 0.674195	0.00158103 0.0282414
2853	0 1	0.0730909 0.643010	0.00157730 0.0282363
2854	0 1	0.0801067 0.667971	0.00158818 0.0282551
2855	0 1	0.0769238 0.657304	0.00159076 0.0282532
2856	0 1	0.0741266 0.654053	0.00160497 0.0282490
2857	0 1	0.0925035 0.702454	0.00160809 0.0282974
2858	0 1	0.0815685 0.671751	0.00160371 0.0282954
2859	0 1	0.0780685 0.662478	0.00159858 0.0282303
2860	0 1	0.0837545 0.675524	0.00161893 0.0282724
2861	0 1	0.0792053 0.657398	0.00162220 0.0282674
2862	0 1	0.0779525 0.660258	0.00161719 0.0282231
2863	0 1	0.0771349 0.652166	0.00160633 0.0282368
2864	0 1	0.0761745 0.657898	0.00161812 0.0282453
2865	0 1	0.0768430 0.661744	0.00161983 0.0282818
2866	0 1	0.0778490 0.665202	0.00163701 0.0283081
2867	0 1	0.0787823 0.659110	0.00163568 0.0282648
2868	0 1	0.0854591 0.673187	0.00162458 0.0282271
2869	0 1	0.0832026 0.674532	0.00160755 0.0281669
2870	0 1	0.0722834 0.652423	0.00160103 0.0281500
2871	0 1	0.0711237 0.640497	0.00161322 0.0281851
2872	0 1	0.0866446 0.680168	0.00161470 0.0281885
2873	0 1	0.0746072 0.650708	0.00161392 0.0281677
2874	0 1	0.0766574 0.654912	0.00160726 0.0281377
2875	0 1	0.0772170 0.654699	0.00161568 0.0281424
2876	0 1	0.0748332 0.654555	0.00162325 0.0281604
2877	0 1	0.0750515 0.654392	0.00162578 0.0281574
2878	0 1	0.0765025 0.653989	0.00162435 0.0281353
2879	0 1	0.0880092 0.683463	0.00162962 0.0281692
2880	0 1	0.0803871 0.666871	0.00162414 0.0281715
2881	0 1	0.0802541 0.662889	0.00162472 0.0281247
2882	0 1	0.0808242 0.669718	0.00163273 0.0281674
2883	0 1	0.0776992 0.657344	0.00162702 0.0281764
2884	0 1	0.0763043 0.651541	0.00161177 0.0281703
2885	0 1	0.0773360 0.657546	0.00161389 0.0281563
2886	0 1	0.0803700 0.657652	0.00162031 0.0281585
2887	0 1	0.0756250 0.655985	0.00164001 0.0281685
2888	0 1	0.0749025 0.650240	0.00162080 0.0281511
2889	0 1	0.0798504 0.669023	0.00164991 0.0282023
2890	0 1	0.0671374 0.632906	0.00164534 0.0281804
2891	0 1	0.0746154 0.651222	0.00165555 0.0282058
2892	0 1	0.0757181 0.651691	0.00164355 0.0281619
2893	0 1	0.0816598 0.672520	0.00163122 0.0281818
2894	0 1	0.0781279 0.664679	0.00162974 0.0281930
2895	0 1	0.0785315 0.664965	0.00161988 0.0282234
2896	0 1	0.0874060 0.683200	0.00161768 0.0282237
2897	0 1	0.0767704 0.653918	0.00160711 0.0282085
2898	0 1	0.0750010 0.650642	0.00160455 0.0282273
2899	0 1	0.0781236 0.662467	0.00158747 0.0282185
2900	0 1	0.0818568 0.675968	0.00157374 0.0281980
2901	0 1	0.0725106 0.652326	0.00157459 0.0281711
2902	0 1	0.0792011 0.657289	0.00157698 0.0281428
2903	0 1	0.0805710 0.666774	0.00157023 0.0281423
2904	0 1	0.0777783 0.652448	0.00156221 0.0281442
2905	0 1	0.0921638 0.697225	0.00159694 0.0281767
2906	0 1	0.0725916 0.652873	0.00159479 0.0281520
2907	0 1	0.0781622 0.664356	0.00159399 0.0281295
2908	0 1	0.0829026 0.676181	0.00158530 0.0281135
2909	0 1	0.0807544 0.656075	0.00159368 0.0281150
2910	0 1	0.0737770 0.651256	0.00157698 0.0280947
2911	0 1	0.0737377 0.651989	0.00157402 0.0280927
2912	0 1	0.0768676 0.653803	0.00158311 0.0280774
2913	0 1	0.0754517 0.649444	0.00158188 0.0280764
2914	0 1	0.0820942 0.671202	0.00156606 0.0280675
2915	0 1	0.0782075 0.664587	0.00155815 0.0280475
2916	0 1	0.0724927 0.649903	0.00155715 0.0280161
2917	0 1	0.0782630 0.660080	0.00154834 0.0280051
2918	0 1	0.0773463 0.657470	0.00155840 0.0280253
2919	0 1	0.0785154 0.661622	0.00153700 0.0280007
2920	0 1	0.0780495 0.660449	0.00153868 0.0279730
2921	0 1	0.0784048 0.661884	0.00156769 0.0280007
2922	0 1	0.0805445 0.674122	0.00156991 0.0279985
2923	0 1	0.0826034 0.665414	0.00158788 0.0280238
2924	0 1	0.0724749 0.648001	0.00159323 0.0280332
2925	0 1	0.0737657 0.658387	0.00159273 0.0280279
2926	0 1	0.0740378 0.658448	0.00162456 0.0280677
2927	0 1	0.0743294 0.650288	0.00162218 0.0280897
2928	0 1	0.0903227 0.686379	0.00164453 0.0281464
2929	0 1	0.0806769 0.671953	0.00166672 0.0281618
2930	0 1	0.0776856 0.656354	0.00167667 0.0281643
2931	0 1	0.0751781 0.652329	0.00166156 0.0281413
2932	0 1	0.0800093 0.664498	0.00168561 0.0281812
2933	0 1	0.0791734 0.668461	0.00167457 0.0281647
2934	0 1	0.0808367 0.667443	0.00168415 0.0281562
2935	0 1	0.0711017 0.644778	0.00167815 0.0281643
2936	0 1	0.0756211 0.652815	0.00167286 0.0281261
2937	0 1	0.0761423 0.653370	0.00170133 0.0282048
2938	0 1	0.0803678 0.669360	0.00169820 0.0281657
2939	0 1	0.0797348 0.666480	0.00169879 0.0281286
2940	0 1	0.0849927 0.677105	0.00172167 0.0281671
2941	0 1	0.0872641 0.679463	0.00174447 0.0281642
2942	0 1	0.0746992 0.651416	0.00172394 0.0281369
2943	0 1	0.0719754 0.647786	0.00170905 0.0280785
2944	0 1	0.0765917 0.655891	0.00170363 0.0280739
2945	0 1	0.0782799 0.646009	0.00167593 0.0280389
2946	0 1	0.0701575 0.636438	0.00166872 0.0280470
2947	0 1	0.0842978 0.684238	0.00167346 0.0280525
2948	0 1	0.0717554 0.647830	0.00165154 0.0279921
2949	0 1	0.0784895 0.661923	0.00163918 0.0279819
2950	0 1	0.0771540 0.654789	0.00164715 0.0279452
2951	0 1	0.0768045 0.662301	0.00161225 0.0278705
2952	0 1	0.0827783 0.670626	0.00160813 0.0278845
2953	0 1	0.0784292 0.658729	0.00161222 0.0278719
2954	0 1	0.0794658 0.663578	0.00161748 0.0278994
2955	0 1	0.0781600 0.657685	0.00161552 0.0278903
2956	0 1	0.0825837 0.682453	0.00160108 0.0279167
2957	0 1	0.0763047 0.660288	0.00159255 0.0279313
2958	0 1	0.0763099 0.659142	0.00157698 0.0279042
2959	0 1	0.0759843 0.644162	0.00155735 0.0278729
2960	0 1	0.0734590 0.650680	0.00154975 0.0278540
2961	0 1	0.0790960 0.663735	0.00153160 0.0278285
2962	0 1	0.0822806 0.668663	0.00155341 0.0278818
2963	0 1	0.0756892 0.655359	0.00156105 0.0279151
2964	0 1	0.0722722 0.644330	0.00156204 0.0278690
2965	0 1	0.0802633 0.666226	0.00155053 0.0278657
2966	0 1	0.0789670 0.668352	0.00156075 0.0278709
2967	0 1	0.0835684 0.667395	0.00155165 0.0278054
2968	0 1	0.0720574 0.648156	0.00155816 0.0277744
2969	0 1	0.0732915 0.654539	0.00154083 0.0277089
2970	0 1	0.0746216 0.656519	0.00152319 0.0276825
2971	0 1	0.0798534 0.668209	0.00153377 0.0276978
2972	0 1	0.0758431 0.656923	0.00153689 0.0276774
2973	0 1	0.0779983 0.666259	0.00153460 0.0276681
2974	0 1	0.0768686 0.663893	0.00153426 0.0276932
2975	0 1	0.0771556 0.662431	0.00155934 0.0277090
2976	0 1	0.0690505 0.643936	0.00154797 0.0276839
2977	0 1	0.0779206 0.658876	0.00155522 0.0276932
2978	0 1	0.0850713 0.670822	0.00155031 0.0276882
2979	0 1	0.0853879 0.678546	0.00154685 0.0276872
2980	0 1	0.0763728 0.647200	0.00155863 0.0277152
2981	0 1	0.0725685 0.650839	0.00155460 0.0276830
2982	0 1	0.0810925 0.664578	0.00153849 0.0276706
2983	0 1	0.0780601 0.660865	0.00152849 0.0276741
2984	0 1	0.0826636 0.666266	0.00151932 0.0276566
2985	0 1	0.0820589 0.663258	0.00153145 0.0276545
2986	0 1	0.0785819 0.660737	0.00152896 0.0276482
2987	0 1	0.0820748 0.677907	0.00153789 0.0276518
2988	0 1	0.0810077 0.661396	0.00155877 0.0276750
2989	0 1	0.0739162 0.652520	0.00156236 0.0276938
2990	0 1	0.0797203 0.666038	0.00156321 0.0276843
2991	0 1	0.0828852 0.667933	0.00156415 0.0276559
2992	0 1	0.0830378 0.672581	0.00156147 0.0276625
2993	0 1	0.0706963 0.641068	0.00155780 0.0276597
2994	0 1	0.0784049 0.664145	0.00157934 0.0276794
2995	0 1	0.0824132 0.672003	0.00157171 0.0276417
2996	0 1	0.0801326 0.674060	0.00159614 0.0276463
2997	0 1	0.0720303 0.647729	0.00161312 0.0276934
2998	0 1	0.0820537 0.668969	0.00160126 0.0276451
2999	0 1	0.0786094 0.660665	0.00160038 0.0276353
3000	0 1	0.0752733 0.658572	0.00158081 0.0275878
3001	0 1	0.0765311 0.661113	0.00158093 0.0275928
3002	0 1	0.0784218 0.660267	0.00154421 0.0275290
3003	0 1	0.0831560 0.672303	0.00155128 0.0275644
3004	0 1	0.0759593 0.653077	0.00154585 0.0275455
3005	0 1	0.0776476 0.661784	0.00154552 0.0276065
3006	0 1	0.0810574 0.666308	0.00153280 0.0275927
3007	0 1	0.0762054 0.650417	0.00154102 0.0275983
3008	0 1	0.0736418 0.641348	0.00151957 0.0276045
3009	0 1	0.0781192 0.655933	0.00149254 0.0274961
3010	0 1	0.0768794 0.654772	0.00148724 0.0274692
3011	0 1	0.0803321 0.670065	0.00148527 0.0274433
3012	0 1	0.0793230 0.667633	0.00148201 0.0274426
3013	0 1	0.0825877 0.668987	0.00150351 0.0274619
3014	0 1	0.0774344 0.661069	0.00152130 0.0275353
3015	0 1	0.0831921 0.662120	0.00152431 0.0274798
3016	0 1	0.0719381 0.640367	0.00152463 0.0274350
3017	0 1	0.0811548 0.663362	0.00154228 0.0274981
3018	0 1	0.0810060 0.662981	0.00152416 0.0274740
3019	0 1	0.0693969 0.639419	0.00151300 0.0274720
3020	0 1	0.0805520 0.664049	0.00150436 0.0274507
3021	0 1	0.0782876 0.654768	0.00150544 0.0274572
3022	0 1	0.0770749 0.652826	0.00149317 0.0274518
3023	0 1	0.0866584 0.688210	0.00149079 0.0274589
3024	0 1	0.0822560 0.667526	0.00151014 0.0274831
3025	0 1	0.0747256 0.652039	0.00150361 0.0274961
3026	0 1	0.0783851 0.657080	0.00149801 0.0274739
3027	0 1	0.0730640 0.650771	0.00150667 0.0275011
3028	0 1	0.0813766 0.672964	0.00150351 0.0274976
3029	0 1	0.0753507 0.651880	0.00149085 0.0274908
3030	0 1	0.0752006 0.647286	0.00150919 0.0275429
3031	0 1	0.0726949 0.643233	0.00150245 0.0275294
3032	0 1	0.0739761 0.645396	0.00148893 0.0275082
3033	0 1	0.0740080 0.651880	0.00148191 0.0275108
3034	0 1	0.0811156 0.662595	0.00150206 0.0275160
3035	0 1	0.0783891 0.663028	0.00151518 0.0275316
3036	0 1	0.0735013 0.651628	0.00152245 0.0275727
3037	0 1	0.0789840 0.663750	0.00151769 0.0275736
3038	0 1	0.0785549 0.654110	0.00150899 0.0276186
3039	0 1	0.0794660 0.660309	0.00150000 0.0276538
3040	0 1	0.0907571 0.700701	0.00149488 0.0276389
3041	0 1	0.0795457 0.672001	0.00151075 0.0276767
3042	0 1	0.0748527 0.653795	0.00150743 0.0276212
3043	0 1	0.0851994 0.681312	0.00153074 0.0276504
3044	0 1	0.0816560 0.672134	0.00151344 0.0276094
3045	0 1	0.0769590 0.661757	0.00152303 0.0276442
3046	0 1	0.0784622 0.663858	0.00151235 0.0276366
3047	0 1	0.0759189 0.655557	0.00150882 0.0276934
3048	0 1	0.0835419 0.673244	0.00150664 0.0276575
3049	0 1	0.0764222 0.651870	0.00149834 0.0275961
3050	0 1	0.0769295 0.659719	0.00150562 0.0276287
3051	0 1	0.0780519 0.669232	0.00150806 0.0276394
3052	0 1	0.0805644 0.664444	0.00151415 0.0276446
3053	0 1	0.0804628 0.664317	0.00153397 0.0276509
3054	0 1	0.0766481 0.658910	0.00154195 0.0276870
3055	0 1	0.0845586 0.676082	0.00154857 0.0277080
3056	0 1	0.0776495 0.665391	0.00155851 0.0277320
3057	0 1	0.0815517 0.668942	0.00157380 0.0277338
3058	0 1	0.0796061 0.656095	0.00158440 0.0277208
3059	0 1	0.0804107 0.661393	0.00158115 0.0277077
3060	0 1	0.0792852 0.665335	0.00158128 0.0277206
3061	0 1	0.0760141 0.655259	0.00157847 0.0277403
3062	0 1	0.0714101 0.642233	0.00156972 0.0276894
3063	0 1	0.0773307 0.659665	0.00156989 0.0276794
3064	0 1	0.0755196 0.648146	0.00156945 0.0277028
3065	0 1	0.0713420 0.642657	0.00155866 0.0276769
3066	0 1	0.0801287 0.662497	0.00156273 0.0276844
3067	0 1	0.0729518 0.653330	0.00156822 0.0276718
3068	0 1	0.0746214 0.650389	0.00156561 0.0276457
3069	0 1	0.0831999 0.676166	0.00156742 0.0276411
3070	0 1	0.0723401 0.643747	0.00154613 0.0276296
3071	0 1	0.0778173 0.659786	0.00154247 0.0276178
3072	0 1	0.0731417 0.645373	0.00154435 0.0276381
3073	0 1	0.0852030 0.676397	0.00156547 0.0276753
3074	0 1	0.0783450 0.663465	0.00155876 0.0276421
3075	0 1	0.0778952 0.653455	0.00155602 0.0276516
3076	0 1	0.0793916 0.653102	0.00156066 0.0276838
3077	0 1	0.0728413 0.643670	0.00156486 0.0277076
3078	0 1	0.0785802 0.667953	0.00156052 0.0276800
3079	0 1	0.0798383 0.667163	0.00157428 0.0276553
3080	0 1	0.0768430 0.661523	0.00157649 0.0276823
3081	0 1	0.0741981 0.645091	0.00157343 0.0276841
3082	0 1	0.0858478 0.679385	0.00156456 0.0276704
3083	0 1	0.0745947 0.653293	0.00156185 0.0276532
3084	0 1	0.0813564 0.662674	0.00156906 0.0276829
3085	0 1	0.0741137 0.657515	0.00156367 0.0277017
3086	0 1	0.0704615 0.639231	0.00155165 0.0276524
3087	0 1	0.0822130 0.672239	0.00156346 0.0276844
3088	0 1	0.0745992 0.650656	0.00156102 0.0277102
3089	0 1	0.0806341 0.665839	0.00156630 0.0277150
3090	0 1	0.0743454 0.647990	0.00157886 0.0277299
3091	0 1	0.0790848 0.662976	0.00155978 0.0276773
3092	0 1	0.0829994 0.669719	0.00155065 0.0276584
3093	0 1	0.0786173 0.657528	0.00153389 0.0276485
3094	0 1	0.0719915 0.647858	0.00152771 0.0276115
3095	0 1	0.0783162 0.652954	0.00154212 0.0276280
3096	0 1	0.0845615 0.678509	0.00156284 0.0276647
3097	0 1	0.0761815 0.652632	0.00157520 0.0276738
3098	0 1	0.0733207 0.649629	0.00156729 0.0276239
3099	0 1	0.0770083 0.652822	0.00155320 0.0275940
3100	0 1	0.0769490 0.655059	0.00154448 0.0275802
3101	0 1	0.0796583 0.666378	0.00153834 0.0276067
3102	0 1	0.0789161 0.663841	0.00154212 0.0276171
3103	0 1	0.0710168 0.642454	0.00154008 0.0276230
3104	0 1	0.0795261 0.657585	0.00156099 0.0276587
3105	0 1	0.0719222 0.645896	0.00157296 0.0276646
3106	0 1	0.0706614 0.638662	0.00157263 0.0276311
3107	0 1	0.0791488 0.660805	0.00156926 0.0276290
3108	0 1	0.0812651 0.664107	0.00156768 0.0276304
3109	0 1	0.0708073 0.646409	0.00156322 0.0276298
3110	0 1	0.0814254 0.673713	0.00157036 0.0276182
3111	0 1	0.0779490 0.654294	0.00155989 0.0276109
3112	0 1	0.0751553 0.656779	0.00153614 0.0275804
3113	0 1	0.0790277 0.660435	0.00154952 0.0275939
3114	0 1	0.0786183 0.666437	0.00155324 0.0276195
3115	0 1	0.0829308 0.671604	0.00155825 0.0275998
3116	0 1	0.0727094 0.648820	0.00155092 0.0275452
3117	0 1	0.0893371 0.687544	0.00154724 0.0275650
3118	0 1	0.0783383 0.665765	0.00154957 0.0275757
3119	0 1	0.0802350 0.670914	0.00153212 0.0275339
3120	0 1	0.0822869 0.676379	0.00152717 0.0274995
3121	0 1	0.0735980 0.643459	0.00152899 0.0275125
3122	0 1	0.0729920 0.648584	0.00153612 0.0275217
3123	0 1	0.0758809 0.658426	0.00153186 0.0275262
3124	0 1	0.0780969 0.664203	0.00153678 0.0275260
3125	0 1	0.0807640 0.658340	0.00153114 0.0275153
3126	0 1	0.0824538 0.671943	0.00154982 0.0275584
3127	0 1	0.0768123 0.657916	0.00155481 0.0275096
3128	0 1	0.0802022 0.672562	0.00156441 0.0274723
3129	0 1	0.0813019 0.668261	0.00157236 0.0274833
3130	0 1	0.0885839 0.682446	0.00158386 0.0274933
3131	0 1	0.0840379 0.672166	0.00156724 0.0274843
3132	0 1	0.0728186 0.645430	0.00156101 0.0274872
3133	0 1	0.0800322 0.671717	0.00157822 0.0275115
3134	0 1	0.0814888 0.669206	0.00157242 0.0274675
3135	0 1	0.0818610 0.670137	0.00157834 0.0274683
3136	0 1	0.0798552 0.669960	0.00159623 0.0275025
3137	0 1	0.0768444 0.657832	0.00158541 0.0274827
3138	0 1	0.0770571 0.655700	0.00158858 0.0275145
3139	0 1	0.0871065 0.683236	0.00158868 0.0274938
3140	0 1	0.0736625 0.649411	0.00158020 0.0274954
3141	0 1	0.0806106 0.667243	0.00158467 0.0275400
3142	0 1	0.0785937 0.658082	0.00158342 0.0275312
3143	0 1	0.0811422 0.669689	0.00158297 0.0275332
3144	0 1	0.0720420 0.641348	0.00158401 0.0275307
3145	0 1	0.0746315 0.647655	0.00159954 0.0275714
3146	0 1	0.0829726 0.670952	0.00160429 0.0275546
3147	0 1	0.0769454 0.664440	0.00162334 0.0275562
3148	0 1	0.0764504 0.656561	0.00160197 0.0275031
3149	0 1	0.0754207 0.653515	0.00160306 0.0274945
3150	0 1	0.0785846 0.653610	0.00159368 0.0274670
3151	0 1	0.0811077 0.678733	0.00159250 0.0274736
3152	0 1	0.0813161 0.674293	0.00160101 0.0274367
3153	0 1	0.0715747 0.644601	0.00160515 0.0274219
3154	0 1	0.0736862 0.641454	0.00160535 0.0274241
3155	0 1	0.0799021 0.657037	0.00159671 0.0274507
3156	0 1	0.0805319 0.669784	0.00161063 0.0274545
3157	0 1	0.0789435 0.666705	0.00161299 0.0274264
3158	0 1	0.0819529 0.666686	0.00162458 0.0274608
3159	0 1	0.0772787 0.661289	0.00162063 0.0274696
3160	0 1	0.0753354 0.657741	0.00163350 0.0274912
3161	0 1	0.0794098 0.662123	0.00164451 0.0274728
3162	0 1	0.0790145 0.664899	0.00165477 0.0274935
3163	0 1	0.0769967 0.653273	0.00164511 0.0274840
3164	0 1	0.0742124 0.652156	0.00165084 0.0274750
3165	0 1	0.0759497 0.646022	0.00165232 0.0274876
3166	0 1	0.0841014 0.676059	0.00165334 0.0274474
3167	0 1	0.0854276 0.675234	0.00167122 0.0274526
3168	0 1	0.0769131 0.657234	0.00169575 0.0274789
3169	0 1	0.0775916 0.657120	0.00169562 0.0274708
3170	0 1	0.0806297 0.665831	0.00167613 0.0274289
3171	0 1	0.0787114 0.664362	0.00168241 0.0274798
3172	0 1	0.0714022 0.648025	0.00166893 0.0274856
3173	0 1	0.0834037 0.672810	0.00167980 0.0274793
3174	0 1	0.0742665 0.650868	0.00167537 0.0274408
3175	0 1	0.0843599 0.672305	0.00167822 0.0274436
3176	0 1	0.0754909 0.661292	0.00165800 0.0274382
3177	0 1	0.0836360 0.667025	0.00166061 0.0274611
3178	0 1	0.0808899 0.664132	0.00168034 0.0274707
3179	0 1	0.0840941 0.672302	0.00166311 0.0274342
3180	0 1	0.0733235 0.645859	0.00165535 0.0274298
3181	0 1	0.0737035 0.652119	0.00165030 0.0274161
3182	0 1	0.0829943 0.677450	0.00164613 0.0273634
3183	0 1	0.0757846 0.660777	0.00163418 0.0273594
3184	0 1	0.0737671 0.640279	0.00163325 0.0273470
3185	0 1	0.0730715 0.646177	0.00163069 0.0273565
3186	0 1	0.0778673 0.657550	0.00163701 0.0273660
3187	0 1	0.0784111 0.665809	0.00162489 0.0273544
3188	0 1	0.0743424 0.650732	0.00162637 0.0273645
3189	0 1	0.0802465 0.665681	0.00164025 0.0273759
3190	0 1	0.0740581 0.645546	0.00163602 0.0273461
3191	0 1	0.0775160 0.659465	0.00165176 0.0273399
3192	0 1	0.0783348 0.659129	0.00165258 0.0273443
3193	0 1	0.0796889 0.660803	0.00163317 0.0273372
3194	0 1	0.0744779 0.649698	0.00163917 0.0273544
3195	0 1	0.0785530 0.657514	0.00164073 0.0273287
3196	0 1	0.0785719 0.662991	0.00164580 0.0273258
3197	0 1	0.0774094 0.663328	0.00166725 0.0273537
3198	0 1	0.0885184 0.693376	0.00167169 0.0273657
3199	0 1	0.0740452 0.652025	0.00166142 0.0273360
3200	0 1	0.0787507 0.663905	0.00167411 0.0273590
3201	0 1	0.0716790 0.645477	0.00167566 0.0273675
3202	0 1	0.0784819 0.658973	0.00168662 0.0273474
3203	0 1	0.0793961 0.655739	0.00170761 0.0273871
3204	0 1	0.0823219 0.674010	0.00172105 0.0273981
3205	0 1	0.0799778 0.662353	0.00170171 0.0273766
3206	0 1	0.0784748 0.667837	0.00170143 0.0273898
3207	0 1	0.0806504 0.661736	0.00169962 0.0274106
3208	0 1	0.0766730 0.655857	0.00171129 0.0274216
3209	0 1	0.0765933 0.651941	0.00170484 0.0273838
3210	0 1	0.0798078 0.666538	0.00170197 0.0273825
3211	0 1	0.0748102 0.657112	0.00170237 0.0273904
3212	0 1	0.0729499 0.656850	0.00168492 0.0273620
3213	0 1	0.0761745 0.656414	0.00168124 0.0273447
3214	0 1	0.0787977 0.661391	0.00168468 0.0273295
3215	0 1	0.0755181 0.650362	0.00168696 0.0273131
3216	0 1	0.0713118 0.645005	0.00168459 0.0272924
3217	0 1	0.0806569 0.662847	0.00167474 0.0272887
3218	0 1	0.0744376 0.645954	0.00166504 0.0273102
3219	0 1	0.0842724 0.676351	0.00166734 0.0272866
3220	0 1	0.0775594 0.660636	0.00166327 0.0272722
3221	0 1	0.0736459 0.654158	0.00166044 0.0272621
3222	0 1	0.0731802 0.646476	0.00165167 0.0272812
3223	0 1	0.0846689 0.673543	0.00164971 0.0272986
3224	0 1	0.0873776 0.682528	0.00165873 0.0273331
3225	0 1	0.0867145 0.683971	0.00165114 0.0273041
3226	0 1	0.0755416 0.646147	0.00164616 0.0273263
3227	0 1	0.0785989 0.659379	0.00164860 0.0273057
3228	0 1	0.0761637 0.657903	0.00165493 0.0273284
3229	0 1	0.0799417 0.659566	0.00166725 0.0273567
3230	0 1	0.0759697 0.653360	0.00165693 0.0273144
3231	0 1	0.0757142 0.662918	0.00166187 0.0273432
3232	0 1	0.0800444 0.661590	0.00165517 0.0273614
3233	0 1	0.0762681 0.659888	0.00165164 0.0273461
3234	0 1	0.0780449 0.656610	0.00164120 0.0272831
3235	0 1	0.0761449 0.647311	0.00163454 0.0272736
3236	0 1	0.0840996 0.666495	0.00161899 0.0272910
3237	0 1	0.0768735 0.658442	0.00163138 0.0273183
3238	0 1	0.0780594 0.657233	0.00164959 0.0273161
3239	0 1	0.0818644 0.666944	0.00165401 0.0273256
3240	0 1	0.0749861 0.658533	0.00165039 0.0272647
3241	0 1	0.0727398 0.648785	0.00164690 0.0272646
3242	0 1	0.0740392 0.650748	0.00165790 0.0272755
3243	0 1	0.0806502 0.662795	0.00163926 0.0272601
3244	0 1	0.0863193 0.681140	0.00163701 0.0272792
3245	0 1	0.0834825 0.673529	0.00164805 0.0272686
3246	0 1	0.0833364 0.675330	0.00164699 0.0272749
3247	0 1	0.0788764 0.662389	0.00165359 0.0273023
3248	0 1	0.0796126 0.669067	0.00166205 0.0273030
3249	0 1	0.0791629 0.660166	0.00164385 0.0272420
3250	0 1	0.0797646 0.662349	0.00163655 0.0272181
3251	0 1	0.0686879 0.630231	0.00163299 0.0272033
3252	0 1	0.0742696 0.639985	0.00163858 0.0271905
3253	0 1	0.0770577 0.656981	0.00165604 0.0271997
3254	0 1	0.0693819 0.631235	0.00164975 0.0271636
3255	0 1	0.0748050 0.651146	0.00163570 0.0271417
3256	0 1	0.0697486 0.640637	0.00164848 0.0271494
3257	0 1	0.0803897 0.668364	0.00163190 0.0270947
3258	0 1	0.0758205 0.658084	0.00163402 0.0270943
3259	0 1	0.0784567 0.657377	0.00162480 0.0270644
3260	0 1	0.0847647 0.684528	0.00162319 0.0270289
3261	0 1	0.0780017 0.660834	0.00162140 0.0270435
3262	0 1	0.0789287 0.662161	0.00161344 0.0270299
3263	0 1	0.0796056 0.658094	0.00159381 0.0270096
3264	0 1	0.0856131 0.682919	0.00157803 0.0270354
3265	0 1	0.0789810 0.661077	0.00157557 0.0270108
3266	0 1	0.0850826 0.673922	0.00156273 0.0270270
3267	0 1	0.0787408 0.668528	0.00155860 0.0270175
3268	0 1	0.0756283 0.653399	0.00154506 0.0269760
3269	0 1	0.0777856 0.657120	0.00156709 0.0269798
3270	0 1	0.0701374 0.645434	0.00154074 0.0269578
3271	0 1	0.0806599 0.667081	0.00155827 0.0269982
3272	0 1	0.0704798 0.640253	0.00153785 0.0269583
3273	0 1	0.0839492 0.671580	0.00154138 0.0269843
3274	0 1	0.0775353 0.651767	0.00153075 0.0269721
3275	0 1	0.0742827 0.650625	0.00151388 0.0269615
3276	0 1	0.0758630 0.659297	0.00148605 0.0269190
3277	0 1	0.0767548 0.652521	0.00149247 0.0269338
3278	0 1	0.0823102 0.673487	0.00149620 0.0269241
3279	0 1	0.0726003 0.650476	0.00149999 0.0269788
3280	0 1	0.0832067 0.667630	0.00149546 0.0269660
3281	0 1	0.0824312 0.680833	0.00150664 0.0269686
3282	0 1	0.0724174 0.645188	0.00150862 0.0269969
3283	0 1	0.0747985 0.652920	0.00151814 0.0270118
3284	0 1	0.0746705 0.643891	0.00152785 0.0269990
3285	0 1	0.0767625 0.656889	0.00153213 0.0270092
3286	0 1	0.0784023 0.670050	0.00153351 0.0270741
3287	0 1	0.0835262 0.666695	0.00152856 0.0270561
3288	0 1	0.0735149 0.648797	0.00151292 0.0270329
3289	0 1	0.0755934 0.648002	0.00150627 0.0269883
3290	0 1	0.0774913 0.655709	0.00152408 0.0269919
3291	0 1	0.0769255 0.658481	0.00153307 0.0269837
3292	0 1	0.0742836 0.649829	0.00153410 0.0270082
3293	0 1	0.0790685 0.663595	0.00152245 0.0269715
3294	0 1	0.0815090 0.674043	0.00153196 0.0269754
3295	0 1	0.0752370 0.650988	0.00154415 0.0270048
3296	0 1	0.0763897 0.654325	0.00155230 0.0270336
3297	0 1	0.0744323 0.653064	0.00155323 0.0270467
3298	0 1	0.0812202 0.672224	0.00156941 0.0270755
3299	0 1	0.0743240 0.657556	0.00154753 0.0270492
3300	0 1	0.0787966 0.662986	0.00153246 0.0270436
3301	0 1	0.0763262 0.645955	0.00152768 0.0270139
3302	0 1	0.0706866 0.647358	0.00151793 0.0269751
3303	0 1	0.0849993 0.675368	0.00152902 0.0270025
3304	0 1	0.0795463 0.663860	0.00152924 0.0270181
3305	0 1	0.0771031 0.656076	0.00154374 0.0270693
3306	0 1	0.0855708 0.674191	0.00154055 0.0270115
3307	0 1	0.0817205 0.674162	0.00156134 0.0270388
3308	0 1	0.0796855 0.661184	0.00156088 0.0270182
3309	0 1	0.0703048 0.647090	0.00155582 0.0269746
3310	0 1	0.0831531 0.676315	0.00156971 0.0269883
3311	0 1	0.0800299 0.662093	0.00155814 0.0269951
3312	0 1	0.0744278 0.644786	0.00156175 0.0270192
3313	0 1	0.0788497 0.660763	0.00156780 0.0270098
3314	0 1	0.0723244 0.651946	0.00155774 0.0269840
3315	0 1	0.0753216 0.652855	0.00156347 0.0269713
3316	0 1	0.0821006 0.668682	0.00156916 0.0270062
3317	0 1	0.0783559 0.659302	0.00157959 0.0270229
3318	0 1	0.0775775 0.659125	0.00157608 0.0270009
3319	0 1	0.0836758 0.667611	0.00158461 0.0269939
3320	0 1	0.0772991 0.658487	0.00159712 0.0270325
3321	0 1	0.0777032 0.661737	0.00158650 0.0270520
3322	0 1	0.0860048 0.680700	0.00159664 0.0270869
3323	0 1	0.0764370 0.647748	0.00159035 0.0270298
3324	0 1	0.0739050 0.644737	0.00159881 0.0270467
3325	0 1	0.0785749 0.670317	0.00159524 0.0270461
3326	0 1	0.0806018 0.667623	0.00161250 0.0270824
3327	0 1	0.0782336 0.655173	0.00162210 0.0271206
3328	0 1	0.0870038 0.684964	0.00162567 0.0271064
3329	0 1	0.0730047 0.645309	0.00161619 0.0270486
3330	0 1	0.0783527 0.659843	0.00160413 0.0270144
3331	0 1	0.0698220 0.636584	0.00160347 0.0270375
3332	0 1	0.0777276 0.655387	0.00160712 0.0270336
3333	0 1	0.0789964 0.665301	0.00160782 0.0270003
3334	0 1	0.0819513 0.668153	0.00160639 0.0269995
3335	0 1	0.0744491 0.652516	0.00159631 0.0269957
3336	0 1	0.0831917 0.677461	0.00160625 0.0270162
3337	0 1	0.0798491 0.654707	0.00160443 0.0270213
3338	0 1	0.0801788 0.666975	0.00160920 0.0270132
3339	0 1	0.0796635 0.666199	0.00160161 0.0269828
3340	0 1	0.0776263 0.652596	0.00157962 0.0269420
3341	0 1	0.0785026 0.665502	0.00157790 0.0269623
3342	0 1	0.0776386 0.660276	0.00156034 0.0269419
3343	0 1	0.0840268 0.674193	0.00155246 0.0269261
3344	0 1	0.0760226 0.651697	0.00154220 0.0268978
3345	0 1	0.0790837 0.660612	0.00155049 0.0269211
3346	0 1	0.0815128 0.672508	0.00155429 0.0268903
3347	0 1	0.0822806 0.671283	0.00157792 0.0269259
3348	0 1	0.0749808 0.654520	0.00159042 0.0269716
3349	0 1	0.0773207 0.661447	0.00161376 0.0270150
3350	0 1	0.0765739 0.656938	0.00160690 0.0270173
3351	0 1	0.0763911 0.651040	0.00161664 0.0270633
3352	0 1	0.0819790 0.670134	0.00162136 0.0270708
3353	0 1	0.0754914 0.655986	0.00160941 0.0270408
3354	0 1	0.0746440 0.648540	0.00160624 0.0270533
3355	0 1	0.0840454 0.677169	0.00160716 0.0270256
3356	0 1	0.0780239 0.660351	0.00161486 0.0270431
3357	0 1	0.0798348 0.664536	0.00160982 0.0270398
3358	0 1	0.0772907 0.666342	0.00159576 0.0270467
3359	0 1	0.0820585 0.672200	0.00160243 0.0270625
3360	0 1	0.0806284 0.663312	0.00160477 0.0270355
3361	0 1	0.0792720 0.656555	0.00160857 0.0270901
3362	0 1	0.0764330 0.653517	0.00160456 0.0270475
3363	0 1	0.0824639 0.665056	0.00160722 0.0270112
3364	0 1	0.0801365 0.655740	0.00160400 0.0269993
3365	0 1	0.0743189 0.649325	0.00161096 0.0270014
3366	0 1	0.0683467 0.632147	0.00161681 0.0270291
3367	0 1	0.0802896 0.659846	0.00161539 0.0270334
3368	0 1	0.0734362 0.643050	0.00160608 0.0270112
3369	0 1	0.0742493 0.652142	0.00161545 0.0270320
3370	0 1	0.0764104 0.653389	0.00161639 0.0270112
3371	0 1	0.0738841 0.648618	0.00161956 0.0270152
3372	0 1	0.0812456 0.669192	0.00162380 0.0269539
3373	0 1	0.0771220 0.656972	0.00164515 0.0269560
3374	0 1	0.0712866 0.639316	0.00164295 0.0269800
3375	0 1	0.0776708 0.656369	0.00163431 0.0269892
3376	0 1	0.0783596 0.666619	0.00163967 0.0269632
3377	0 1	0.0833040 0.675318	0.00162055 0.0269336
3378	0 1	0.0789137 0.666362	0.00162040 0.0269760
3379	0 1	0.0755127 0.654368	0.00162565 0.0269781
3380	0 1	0.0785941 0.657792	0.00163960 0.0270315
3381	0 1	0.0779901 0.663062	0.00162679 0.0270546
3382	0 1	0.0710646 0.641428	0.00162806 0.0270896
3383	0 1	0.0758149 0.665103	0.00161283 0.0270468
3384	0 1	0.0786985 0.660898	0.00160971 0.0270742
3385	0 1	0.0768730 0.659290	0.00160727 0.0271039
3386	0 1	0.0744352 0.653335	0.00159926 0.0270705
3387	0 1	0.0843982 0.668821	0.00157432 0.0270589
3388	0 1	0.0766032 0.651022	0.00156538 0.0270392
3389	0 1	0.0764608 0.649538	0.00155021 0.0269868
3390	0 1	0.0786476 0.664975	0.00158614 0.0270423
3391	0 1	0.0783751 0.662819	0.00156598 0.0269835
3392	0 1	0.0802289 0.663016	0.00158826 0.0270308
3393	0 1	0.0773128 0.649543	0.00157125 0.0269551
3394	0 1	0.0758862 0.659107	0.00155877 0.0268893
3395	0 1	0.0786929 0.663150	0.00155207 0.0268632
3396	0 1	0.0766626 0.653856	0.00157136 0.0268961
3397	0 1	0.0799533 0.665673	0.00158762 0.0269389
3398	0 1	0.0796979 0.665480	0.00158444 0.0269424
3399	0 1	0.0755822 0.649226	0.00161108 0.0269743
3400	0 1	0.0774757 0.662683	0.00160385 0.0269534
3401	0 1	0.0753763 0.657119	0.00159636 0.0269523
3402	0 1	0.0788361 0.655503	0.00158205 0.0269289
3403	0 1	0.0756972 0.658413	0.00156734 0.0269329
3404	0 1	0.0779762 0.663515	0.00155064 0.0269149
3405	0 1	0.0808312 0.659107	0.00156291 0.0269114
3406	0 1	0.0762286 0.654752	0.00156097 0.0269121
3407	0 1	0.0766536 0.662462	0.00155175 0.0269154
3408	0 1	0.0766059 0.652101	0.00155629 0.0269025
3409	0 1	0.0775175 0.656108	0.00154563 0.0268882
3410	0 1	0.0857891 0.675505	0.00155174 0.0269040
3411	0 1	0.0766643 0.657142	0.00156896 0.0269506
3412	0 1	0.0750157 0.650000	0.00156184 0.0269508
3413	0 1	0.0779633 0.665115	0.00155140 0.0269032
3414	0 1	0.0795683 0.662670	0.00155797 0.0269166
3415	0 1	0.0744393 0.645863	0.00155182 0.0269028
3416	0 1	0.0749805 0.646811	0.00154700 0.0269043
3417	0 1	0.0798714 0.665013	0.00155097 0.0269145
3418	0 1	0.0692362 0.637065	0.00154510 0.0269091
3419	0 1	0.0807830 0.665802	0.00152762 0.0268532
3420	0 1	0.0853831 0.684143	0.00152563 0.0268222
3421	0 1	0.0758199 0.651062	0.00151014 0.0267878
3422	0 1	0.0784605 0.662365	0.00151185 0.0268094
3423	0 1	0.0748350 0.649637	0.00151544 0.0268320
3424	0 1	0.0738668 0.640402	0.00148389 0.0268165
3425	0 1	0.0755253 0.650935	0.00148220 0.0268133
3426	0 1	0.0741700 0.651372	0.00148590 0.0268077
3427	0 1	0.0809807 0.664232	0.00149748 0.0268445
3428	0 1	0.0847824 0.678282	0.00149088 0.0268555
3429	0 1	0.0783346 0.661143	0.00149486 0.0268391
3430	0 1	0.0751484 0.653192	0.00149290 0.0268494
3431	0 1	0.0783006 0.656960	0.00150091 0.0268464
3432	0 1	0.0846581 0.667923	0.00152438 0.0268602
3433	0 1	0.0805487 0.666970	0.00154425 0.0269026
3434	0 1	0.0736895 0.653243	0.00154387 0.0269243
3435	0 1	0.0790252 0.672480	0.00153236 0.0269301
3436	0 1	0.0762862 0.655367	0.00151816 0.0269264
3437	0 1	0.0802619 0.664424	0.00151859 0.0269293
3438	0 1	0.0742652 0.653655	0.00151407 0.0268647
3439	0 1	0.0747401 0.647493	0.00154337 0.0269141
3440	0 1	0.0761465 0.651672	0.00153740 0.0268964
3441	0 1	0.0785272 0.659276	0.00152774 0.0268652
3442	0 1	0.0760900 0.649604	0.00153517 0.0268806
3443	0 1	0.0780782 0.661830	0.00154809 0.0268807
3444	0 1	0.0792908 0.658658	0.00156017 0.0268989
3445	0 1	0.0775196 0.665548	0.00158061 0.0269058
3446	0 1	0.0736336 0.646276	0.00157037 0.0269341
3447	0 1	0.0731945 0.644091	0.00156692 0.0269682
3448	0 1	0.0789256 0.669898	0.00156229 0.0269414
3449	0 1	0.0782270 0.660281	0.00156632 0.0269683
3450	0 1	0.0769480 0.658089	0.00156756 0.0269752
3451	0 1	0.0849611 0.679180	0.00156519 0.0269369
3452	0 1	0.0735662 0.648708	0.00156428 0.0269308
3453	0 1	0.0812250 0.660943	0.00156164 0.0269067
3454	0 1	0.0844279 0.677416	0.00157073 0.0268891
3455	0 1	0.0804393 0.661746	0.00157454 0.0268894
3456	0 1	0.0740355 0.651647	0.00157198 0.0268619
3457	0 1	0.0769916 0.653348	0.00157790 0.0269163
3458	0 1	0.0757058 0.654343	0.00157853 0.0269152
3459	0 1	0.0789741 0.659815	0.00156754 0.0269266
3460	0 1	0.0737146 0.649229	0.00154904 0.0268662
3461	0 1	0.0747869 0.651891	0.00153375 0.0268124
3462	0 1	0.0760865 0.653652	0.00153199 0.0267981
3463	0 1	0.0802319 0.670600	0.00152719 0.0268155
3464	0 1	0.0720982 0.646173	0.00153555 0.0268073
3465	0 1	0.0816300 0.677579	0.00154266 0.0268454
3466	0 1	0.0808395 0.667921	0.00155417 0.0268674
3467	0 1	0.0727154 0.641428	0.00154921 0.0268694
3468	0 1	0.0794852 0.662491	0.00153345 0.0268387
3469	0 1	0.0796439 0.663630	0.00153033 0.0268322
3470	0 1	0.0750867 0.651934	0.00149859 0.0267809
3471	0 1	0.0720570 0.648922	0.00151219 0.0268121
3472	0 1	0.0785722 0.651494	0.00151394 0.0268698
3473	0 1	0.0790737 0.666291	0.00152645 0.0269029
3474	0 1	0.0823263 0.665866	0.00153349 0.0269057
3475	0 1	0.0826588 0.674492	0.00155077 0.0269369
3476	0 1	0.0771393 0.659011	0.00152866 0.0269309
3477	0 1	0.0740093 0.651841	0.00154033 0.0269193
3478	0 1	0.0782556 0.654536	0.00153823 0.0268932
3479	0 1	0.0716660 0.649494	0.00154700 0.0269053
3480	0 1	0.0754104 0.655100	0.00154911 0.0268968
3481	0 1	0.0693075 0.637990	0.00154382 0.0268855
3482	0 1	0.0707769 0.644117	0.00154442 0.0268505
3483	0 1	0.0753669 0.655858	0.00153928 0.0268211
3484	0 1	0.0752112 0.651375	0.00154727 0.0268314
3485	0 1	0.0819462 0.677384	0.00155965 0.0268559
3486	0 1	0.0686022 0.638140	0.00155472 0.0268392
3487	0 1	0.0736962 0.644577	0.00153128 0.0268599
3488	0 1	0.0783321 0.658080	0.00153912 0.0268708
3489	0 1	0.0789336 0.661902	0.00150824 0.0268138
3490	0 1	0.0765128 0.659318	0.00151776 0.0268112
3491	0 1	0.0834579 0.665963	0.00151606 0.0268164
3492	0 1	0.0769156 0.663155	0.00153243 0.0268056
3493	0 1	0.0793624 0.663590	0.00153912 0.0268370
3494	0 1	0.0818251 0.671753	0.00153114 0.0267964
3495	0 1	0.0773448 0.658038	0.00153059 0.0267308
3496	0 1	0.0769637 0.645483	0.00152658 0.0267463
3497	0 1	0.0825075 0.677795	0.00153382 0.0267930
3498	0 1	0.0787882 0.661516	0.00154229 0.0268146
3499	0 1	0.0841148 0.678930	0.00154397 0.0268383
3500	0 1	0.0853765 0.683358	0.00155739 0.0268197
3501	0 1	0.0814229 0.663488	0.00155085 0.0268256
3502	0 1	0.0766862 0.653991	0.00154627 0.0268431
3503	0 1	0.0828075 0.668761	0.00154942 0.0268522
3504	0 1	0.0835433 0.682961	0.00154679 0.0268384
3505	0 1	0.0807551 0.672767	0.00154256 0.0268211
3506	0 1	0.0768969 0.653822	0.00155907 0.0268619
3507	0 1	0.0797965 0.663351	0.00155814 0.0268350
3508	0 1	0.0789445 0.668821	0.00154997 0.0267953
3509	0 1	0.0745239 0.649021	0.00155689 0.0268059
3510	0 1	0.0784114 0.657076	0.00157574 0.0268288
3511	0 1	0.0815943 0.667054	0.00158491 0.0268676
3512	0 1	0.0788488 0.664755	0.00159452 0.0268619
3513	0 1	0.0730775 0.642660	0.00160165 0.0268956
3514	0 1	0.0731084 0.641299	0.00159290 0.0268944
3515	0 1	0.0772863 0.655992	0.00160984 0.0269404
3516	0 1	0.0812135 0.661453	0.00160595 0.0269328
3517	0 1	0.0788416 0.657112	0.00160850 0.0269464
3518	0 1	0.0743566 0.652419	0.00161172 0.0269385
3519	0 1	0.0709213 0.640366	0.00161092 0.0269304
3520	0 1	0.0788091 0.669624	0.00160460 0.0269283
3521	0 1	0.0828698 0.671093	0.00161258 0.0269213
3522	0 1	0.0813793 0.665041	0.00160767 0.0269272
3523	0 1	0.0813575 0.662494	0.00161877 0.0269555
3524	0 1	0.0777612 0.658564	0.00163427 0.0270053
3525	0 1	0.0766829 0.653307	0.00163820 0.0270012
3526	0 1	0.0793560 0.655633	0.00162221 0.0269970
3527	0 1	0.0807301 0.662231	0.00163063 0.0269688
3528	0 1	0.0749943 0.659068	0.00162374 0.0269601
3529	0 1	0.0724423 0.640365	0.00161809 0.0269885
3530	0 1	0.0725506 0.651251	0.00160271 0.0269734
3531	0 1	0.0830096 0.668150	0.00160417 0.0269654
3532	0 1	0.0856753 0.687231	0.00161215 0.0269296
3533	0 1	0.0802187 0.669559	0.00160832 0.0268894
3534	0 1	0.0802622 0.659590	0.00159890 0.0268793
3535	0 1	0.0781956 0.657853	0.00158325 0.0268543
3536	0 1	0.0748819 0.651565	0.00157183 0.0268264
3537	0 1	0.0806047 0.663902	0.00157887 0.0268382
3538	0 1	0.0784905 0.662491	0.00157956 0.0268200
3539	0 1	0.0842846 0.672693	0.00158706 0.0268327
3540	0 1	0.0701834 0.632184	0.00157629 0.0268137
3541	0 1	0.0750114 0.652451	0.00157432 0.0268311
3542	0 1	0.0870154 0.684567	0.00157766 0.0268765
3543	0 1	0.0786696 0.659075	0.00157902 0.0268458
3544	0 1	0.0756630 0.664574	0.00157629 0.0268260
3545	0 1	0.0747859 0.652761	0.00157644 0.0268063
3546	0 1	0.0743478 0.653163	0.00157236 0.0267806
3547	0 1	0.0761644 0.659892	0.00157033 0.0267610
3548	0 1	0.0768398 0.651855	0.00155589 0.0267648
3549	0 1	0.0739782 0.642336	0.00155137 0.0267426
3550	0 1	0.0799489 0.657150	0.00154701 0.0267397
3551	0 1	0.0768519 0.650716	0.00155491 0.0267737
3552	0 1	0.0798326 0.665896	0.00157503 0.0267958
3553	0 1	0.0866089 0.680068	0.00158247 0.0268360
3554	0 1	0.0841223 0.678477	0.00159234 0.0268460
3555	0 1	0.0733687 0.648936	0.00158484 0.0267936
3556	0 1	0.0735431 0.645054	0.00159359 0.0268264
3557	0 1	0.0738874 0.646033	0.00161540 0.0268657
3558	0 1	0.0756127 0.652651	0.00161851 0.0268571
3559	0 1	0.0828611 0.668617	0.00160836 0.0268595
3560	0 1	0.0733389 0.647157	0.00158961 0.0268093
3561	0 1	0.0789442 0.654820	0.00159014 0.0268185
3562	0 1	0.0784990 0.662549	0.00157809 0.0267617
3563	0 1	0.0745425 0.651445	0.00156962 0.0267516
3564	0 1	0.0820464 0.670585	0.00158680 0.0267640
3565	0 1	0.0706690 0.640589	0.00159594 0.0267969
3566	0 1	0.0784457 0.658081	0.00160836 0.0268246
3567	0 1	0.0704670 0.643059	0.00159743 0.0267812
3568	0 1	0.0759161 0.655210	0.00159470 0.0267702
3569	0 1	0.0762512 0.644527	0.00159397 0.0267631
3570	0 1	0.0766443 0.658020	0.00160382 0.0267796
3571	0 1	0.0742804 0.646672	0.00161468 0.0268085
3572	0 1	0.0779873 0.658119	0.00162185 0.0268035
3573	0 1	0.0771305 0.655498	0.00161427 0.0268241
3574	0 1	0.0789947 0.659997	0.00159954 0.0268318
3575	0 1	0.0845419 0.685600	0.00160324 0.0268373
3576	0 1	0.0825313 0.664475	0.00161874 0.0268520
3577	0 1	0.0720057 0.644507	0.00161244 0.0268787
3578	0 1	0.0830700 0.674803	0.00161260 0.0268266
3579	0 1	0.0780628 0.654267	0.00160612 0.0268490
3580	0 1	0.0782838 0.658464	0.00160813 0.0268520
3581	0 1	0.0750926 0.653267	0.00161989 0.0268675
3582	0 1	0.0808134 0.671626	0.00161604 0.0268664
3583	0 1	0.0901067 0.680161	0.00163080 0.0268733
3584	0 1	0.0802397 0.668632	0.00162837 0.0268533
3585	0 1	0.0817971 0.668525	0.00164433 0.0269387
3586	0 1	0.0719240 0.641800	0.00163247 0.0269394
3587	0 1	0.0739652 0.653203	0.00163283 0.0269680
3588	0 1	0.0733125 0.651081	0.00162935 0.0269645
3589	0 1	0.0743804 0.649691	0.00162772 0.0269830
3590	0 1	0.0739676 0.648605	0.00162236 0.0269766
3591	0 1	0.0793009 0.655179	0.00162499 0.0270045
3592	0 1	0.0820148 0.668398	0.00161564 0.0270201
3593	0 1	0.0760812 0.655469	0.00162685 0.0269903
3594	0 1	0.0761900 0.645627	0.00162081 0.0269490
3595	0 1	0.0831974 0.665474	0.00161177 0.0269068
3596	0 1	0.0826560 0.677063	0.00161447 0.0269256
3597	0 1	0.0744025 0.650969	0.00160299 0.0269457
3598	0 1	0.0696815 0.639070	0.00160408 0.0269560
3599	0 1	0.0743614 0.650793	0.00160113 0.0269605
3600	0 1	0.0764902 0.652442	0.00159201 0.0269259
3601	0 1	0.0755138 0.651820	0.00158174 0.0268969
3602	0 1	0.0693064 0.634456	0.00155792 0.0268805
3603	0 1	0.0771604 0.649621	0.00153909 0.0268679
3604	0 1	0.0799198 0.663492	0.00153433 0.0268659
3605	0 1	0.0815961 0.662667	0.00153339 0.0268693
3606	0 1	0.0788823 0.665194	0.00154401 0.0268785
3607	0 1	0.0808201 0.674055	0.00153429 0.0268476
3608	0 1	0.0728301 0.640328	0.00153401 0.0268675
3609	0 1	0.0731787 0.647564	0.00155103 0.0268789
3610	0 1	0.0798299 0.657628	0.00155105 0.0268533
3611	0 1	0.0796951 0.666131	0.00155515 0.0268523
3612	0 1	0.0747004 0.656726	0.00154513 0.0268510
3613	0 1	0.0763742 0.654208	0.00152756 0.0268126
3614	0 1	0.0771675 0.655513	0.00152690 0.0268151
3615	0 1	0.0763725 0.667211	0.00151104 0.0267604
3616	0 1	0.0761593 0.656249	0.00152851 0.0267750
3617	0 1	0.0800534 0.666545	0.00153408 0.0267825
3618	0 1	0.0879463 0.688921	0.00154720 0.0267996
3619	0 1	0.0800717 0.663702	0.00152663 0.0267798
3620	0 1	0.0760358 0.648731	0.00150961 0.0267609
3621	0 1	0.0738621 0.647794	0.00150568 0.0267547
3622	0 1	0.0832369 0.672347	0.00150736 0.0267549
3623	0 1	0.0746887 0.651543	0.00149767 0.0267457
3624	0 1	0.0781329 0.656816	0.00149649 0.0267736
3625	0 1	0.0773365 0.656491	0.00150427 0.0268010
3626	0 1	0.0731953 0.643910	0.00150724 0.0268288
3627	0 1	0.0807420 0.666777	0.00151684 0.0268510
3628	0 1	0.0746004 0.654529	0.00150097 0.0268474
3629	0 1	0.0810506 0.671513	0.00150817 0.0268954
3630	0 1	0.0777733 0.661511	0.00148558 0.0268622
3631	0 1	0.0802326 0.673063	0.00150037 0.0268808
3632	0 1	0.0785140 0.659788	0.00150206 0.0268840
3633	0 1	0.0770244 0.650140	0.00151451 0.0268899
3634	0 1	0.0815259 0.665312	0.00150953 0.0268744
3635	0 1	0.0782801 0.649200	0.00153922 0.0269498
3636	0 1	0.0784402 0.652362	0.00152744 0.0269630
3637	0 1	0.0784961 0.668597	0.00151934 0.0269526
3638	0 1	0.0769127 0.652717	0.00152012 0.0269274
3639	0 1	0.0747588 0.648718	0.00150100 0.0268927
3640	0 1	0.0814490 0.666787	0.00150050 0.0268691
3641	0 1	0.0797102 0.653974	0.00151435 0.0268930
3642	0 1	0.0806213 0.665225	0.00150377 0.0268359
3643	0 1	0.0804125 0.660813	0.00149709 0.0268181
3644	0 1	0.0763374 0.652538	0.00150100 0.0267961
3645	0 1	0.0780027 0.659306	0.00148984 0.0267641
3646	0 1	0.0792281 0.660230	0.00149670 0.0267707
3647	0 1	0.0742869 0.655583	0.00147856 0.0267648
3648	0 1	0.0760892 0.657085	0.00147705 0.0267671
3649	0 1	0.0727193 0.641515	0.00148990 0.0268449
3650	0 1	0.0799325 0.665097	0.00148766 0.0268369
3651	0 1	0.0756267 0.654383	0.00147907 0.0268143
3652	0 1	0.0736996 0.647713	0.00147616 0.0268172
3653	0 1	0.0705517 0.641808	0.00147255 0.0267704
3654	0 1	0.0729714 0.653596	0.00148057 0.0267685
3655	0 1	0.0814202 0.671063	0.00147066 0.0267780
3656	0 1	0.0774983 0.664264	0.00145850 0.0267581
3657	0 1	0.0805953 0.673090	0.00143974 0.0267017
3658	0 1	0.0826282 0.669267	0.00143616 0.0266914
3659	0 1	0.0779605 0.659366	0.00143091 0.0266397
3660	0 1	0.0865248 0.680058	0.00144987 0.0266938
3661	0 1	0.0720793 0.653517	0.00144210 0.0266801
3662	0 1	0.0748731 0.651219	0.00144165 0.0266778
3663	0 1	0.0782844 0.653350	0.00142069 0.0266332
3664	0 1	0.0767485 0.656196	0.00141675 0.0266303
3665	0 1	0.0789102 0.658928	0.00140758 0.0265879
3666	0 1	0.0758133 0.648564	0.00142894 0.0266229
3667	0 1	0.0758141 0.651767	0.00143389 0.0266346
3668	0 1	0.0778740 0.663594	0.00141859 0.0265950
3669	0 1	0.0825579 0.671174	0.00144280 0.0266674
3670	0 1	0.0749780 0.659777	0.00144904 0.0266874
3671	0 1	0.0810531 0.659946	0.00146672 0.0267058
3672	0 1	0.0723803 0.645109	0.00147181 0.0267211
3673	0 1	0.0801212 0.662464	0.00145868 0.0266831
3674	0 1	0.0740780 0.649634	0.00146335 0.0267059
3675	0 1	0.0728203 0.640282	0.00146035 0.0267161
3676	0 1	0.0799446 0.668600	0.00145757 0.0266776
3677	0 1	0.0795510 0.664167	0.00144852 0.0266342
3678	0 1	0.0773250 0.655061	0.00145610 0.0266719
3679	0 1	0.0782648 0.657201	0.00145150 0.0266512
3680	0 1	0.0720869 0.644182	0.00144522 0.0266628
3681	0 1	0.0773463 0.657055	0.00144815 0.0266687
3682	0 1	0.0777462 0.659683	0.00143336 0.0266431
3683	0 1	0.0683752 0.632583	0.00142610 0.0266208
3684	0 1	0.0771378 0.648946	0.00142284 0.0266109
3685	0 1	0.0777374 0.657112	0.00143014 0.0266270
3686	0 1	0.0801126 0.662560	0.00144369 0.0266791
3687	0 1	0.0766255 0.649050	0.00145592 0.0267006
3688	0 1	0.0685247 0.643198	0.00146114 0.0266895
3689	0 1	0.0711336 0.642571	0.00148588 0.0267419
3690	0 1	0.0789592 0.662421	0.00147307 0.0267141
3691	0 1	0.0754145 0.655946	0.00148348 0.0267435
3692	0 1	0.0770051 0.654374	0.00149439 0.0267819
3693	0 1	0.0784548 0.664517	0.00150299 0.0267702
3694	0 1	0.0779341 0.663301	0.00151625 0.0268021
3695	0 1	0.0685125 0.638743	0.00152395 0.0268261
3696	0 1	0.0815711 0.658058	0.00151960 0.0268234
3697	0 1	0.0818884 0.662270	0.00150761 0.0268286
3698	0 1	0.0725541 0.635832	0.00151640 0.0268635
3699	0 1	0.0760053 0.653600	0.00153405 0.0268826
3700	0 1	0.0746276 0.655678	0.00153543 0.0268965
3701	0 1	0.0796823 0.659813	0.00156364 0.0269588
3702	0 1	0.0796140 0.656705	0.00158893 0.0270016
3703	0 1	0.0770142 0.658892	0.00159076 0.0270035
3704	0 1	0.0744390 0.652678	0.00157741 0.0269797
3705	0 1	0.0773978 0.657751	0.00158731 0.0269583
3706	0 1	0.0735128 0.643546	0.00159285 0.0269538
3707	0 1	0.0738822 0.643749	0.00160414 0.0269620
3708	0 1	0.0860457 0.678647	0.00159997 0.0269710
3709	0 1	0.0733178 0.651787	0.00160202 0.0269745
3710	0 1	0.0754326 0.649396	0.00160739 0.0270156
3711	0 1	0.0853512 0.673601	0.00161062 0.0270174
3712	0 1	0.0757583 0.655474	0.00158626 0.0269736
3713	0 1	0.0884858 0.685838	0.00159138 0.0269831
3714	0 1	0.0848815 0.669489	0.00160844 0.0270436
3715	0 1	0.0788864 0.664018	0.00161165 0.0270582
3716	0 1	0.0800404 0.662461	0.00160536 0.0270386
3717	0 1	0.0794099 0.671869	0.00162729 0.0270596
3718	0 1	0.0869559 0.683184	0.00162749 0.0270313
3719	0 1	0.0823905 0.670306	0.00160259 0.0270078
3720	0 1	0.0749475 0.653631	0.00161144 0.0270017
3721	0 1	0.0805716 0.659313	0.00161563 0.0270195
3722	0 1	0.0771639 0.655169	0.00162418 0.0270030
3723	0 1	0.0807890 0.656414	0.00163190 0.0270123
3724	0 1	0.0885200 0.681446	0.00163814 0.0270541
3725	0 1	0.0751420 0.655012	0.00164617 0.0270780
3726	0 1	0.0770712 0.663132	0.00164927 0.0270759
3727	0 1	0.0787170 0.663678	0.00167524 0.0271051
3728	0 1	0.0785167 0.656568	0.00166918 0.0271535
3729	0 1	0.0804016 0.663014	0.00168758 0.0271926
3730	0 1	0.0697667 0.638335	0.00167965 0.0271923
3731	0 1	0.0733747 0.648582	0.00166540 0.0271676
3732	0 1	0.0862290 0.682857	0.00165529 0.0271542
3733	0 1	0.0888809 0.685987	0.00166239 0.0271853
3734	0 1	0.0760304 0.644160	0.00167551 0.0272404
3735	0 1	0.0709750 0.641213	0.00166788 0.0272334
3736	0 1	0.0728346 0.644875	0.00166004 0.0272193
3737	0 1	0.0763976 0.656098	0.00167348 0.0272585
3738	0 1	0.0773794 0.665455	0.00167718 0.0272774
3739	0 1	0.0689468 0.634920	0.00167798 0.0272919
3740	0 1	0.0756127 0.654277	0.00168539 0.0273196
3741	0 1	0.0765315 0.660381	0.00167789 0.0273552
3742	0 1	0.0774916 0.651968	0.00167160 0.0273701
3743	0 1	0.0814515 0.666130	0.00167523 0.0273973
3744	0 1	0.0813992 0.675879	0.00167789 0.0273749
3745	0 1	0.0781734 0.660721	0.00169152 0.0274277
3746	0 1	0.0786350 0.662626	0.00171726 0.0274914
3747	0 1	0.0713970 0.639876	0.00171480 0.0275212
3748	0 1	0.0752031 0.646348	0.00169960 0.0275011
3749	0 1	0.0765681 0.659996	0.00171134 0.0275537
3750	0 1	0.0790870 0.665774	0.00175272 0.0276742
3751	0 1	0.0765904 0.656655	0.00176127 0.0276999
3752	0 1	0.0714088 0.645745	0.00176207 0.0277169
3753	0 1	0.0761637 0.654438	0.00176602 0.0277704
3754	0 1	0.0792721 0.667496	0.00178942 0.0278272
3755	0 1	0.0805381 0.666195	0.00178144 0.0278635
3756	0 1	0.0781096 0.654478	0.00176056 0.0278523
3757	0 1	0.0778510 0.659942	0.00178789 0.0278949
3758	0 1	0.0790381 0.662346	0.00179339 0.0279406
3759	0 1	0.0864943 0.686946	0.00180697 0.0279662
3760	0 1	0.0769878 0.658368	0.00181572 0.0280126
3761	0 1	0.0828493 0.677659	0.00181168 0.0279917
3762	0 1	0.0814654 0.661311	0.00184134 0.0280463
3763	0 1	0.0734550 0.638984	0.00183839 0.0280666
3764	0 1	0.0791178 0.666068	0.00183570 0.0280400
3765	0 1	0.0814264 0.665477	0.00184631 0.0280700
3766	0 1	0.0764222 0.658042	0.00184402 0.0280787
3767	0 1	0.0781042 0.654453	0.00184257 0.0280594
3768	0 1	0.0705014 0.640353	0.00184274 0.0280959
3769	0 1	0.0682158 0.633563	0.00185758 0.0281054
3770	0 1	0.0798930 0.659157	0.00186192 0.0281513
3771	0 1	0.0764918 0.655648	0.00185572 0.0281655
3772	0 1	0.0727623 0.649843	0.00185704 0.0281794
3773	0 1	0.0748072 0.644711	0.00185909 0.0282198
3774	0 1	0.0785697 0.660647	0.00186169 0.0282288
3775	0 1	0.0751004 0.649359	0.00186845 0.0282507
3776	0 1	0.0825639 0.674169	0.00186532 0.0282295
3777	0 1	0.0787114 0.665185	0.00187099 0.0282732
3778	0 1	0.0831706 0.672552	0.00187039 0.0282861
3779	0 1	0.0759822 0.652828	0.00188041 0.0282926
3780	0 1	0.0774543 0.649231	0.00188945 0.0283090
3781	0 1	0.0774367 0.653588	0.00190564 0.0283220
3782	0 1	0.0787229 0.664812	0.00189434 0.0282860
3783	0 1	0.0722568 0.642965	0.00189831 0.0282955
3784	0 1	0.0724764 0.644051	0.00189356 0.0282837
3785	0 1	0.0799820 0.659523	0.00188538 0.0282971
3786	0 1	0.0779905 0.664849	0.00187913 0.0283169
3787	0 1	0.0718406 0.643661	0.00186303 0.0283085
3788	0 1	0.0825642 0.673370	0.00185731 0.0282817
3789	0 1	0.0823504 0.669560	0.00186609 0.0282849
3790	0 1	0.0808408 0.664847	0.00187005 0.0283225
3791	0 1	0.0886113 0.687561	0.00186818 0.0283188
3792	0 1	0.0781066 0.660682	0.00185110 0.0282510
3793	0 1	0.0767682 0.657298	0.00185806 0.0282294
3794	0 1	0.0777733 0.656848	0.00184256 0.0282008
3795	0 1	0.0723076 0.640218	0.00184444 0.0282284
3796	0 1	0.0758314 0.654649	0.00183613 0.0282056
3797	0 1	0.0824638 0.670618	0.00184744 0.0281870
3798	0 1	0.0755803 0.650994	0.00183046 0.0281980
3799	0 1	0.0726339 0.644511	0.00182282 0.0281823
3800	0 1	0.0760657 0.653696	0.00182191 0.0281446
3801	0 1	0.0767046 0.656020	0.00181246 0.0281327
3802	0 1	0.0856560 0.677689	0.00180559 0.0281276
3803	0 1	0.0802423 0.667454	0.00180922 0.0281216
3804	0 1	0.0785486 0.655465	0.00181464 0.0281398
3805	0 1	0.0788888 0.665649	0.00180386 0.0281013
3806	0 1	0.0778383 0.661667	0.00179410 0.0280629
3807	0 1	0.0702985 0.627476	0.00179448 0.0280492
3808	0 1	0.0751638 0.649682	0.00179257 0.0280821
3809	0 1	0.0829668 0.671935	0.00179632 0.0280141
3810	0 1	0.0756922 0.647501	0.00176686 0.0279661
3811	0 1	0.0788683 0.658774	0.00177366 0.0279552
3812	0 1	0.0757201 0.656919	0.00177154 0.0279463
3813	0 1	0.0726726 0.650189	0.00177780 0.0279874
3814	0 1	0.0823443 0.670815	0.00176431 0.0279767
3815	0 1	0.0803906 0.660530	0.00176952 0.0279571
3816	0 1	0.0759213 0.658723	0.00178096 0.0279806
3817	0 1	0.0738983 0.646952	0.00180202 0.0280280
3818	0 1	0.0728478 0.648109	0.00178273 0.0279663
3819	0 1	0.0745279 0.647620	0.00176823 0.0279746
3820	0 1	0.0791160 0.661006	0.00177492 0.0280026
3821	0 1	0.0740054 0.654774	0.00177389 0.0280311
3822	0 1	0.0823353 0.669830	0.00178661 0.0280509
3823	0 1	0.0778277 0.661694	0.00177475 0.0280302
3824	0 1	0.0839863 0.673347	0.00177971 0.0280501
3825	0 1	0.0758880 0.653847	0.00179119 0.0280854
3826	0 1	0.0809835 0.676037	0.00179197 0.0280516
3827	0 1	0.0863186 0.670979	0.00179565 0.0280528
3828	0 1	0.0727268 0.655525	0.00179063 0.0280606
3829	0 1	0.0749334 0.656100	0.00179100 0.0280448
3830	0 1	0.0840100 0.671820	0.00181882 0.0280924
3831	0 1	0.0807703 0.672027	0.00182432 0.0280682
3832	0 1	0.0725352 0.647163	0.00182055 0.0280615
3833	0 1	0.0761830 0.646373	0.00183202 0.0280750
3834	0 1	0.0787658 0.664806	0.00183494 0.0281243
3835	0 1	0.0731076 0.650312	0.00181551 0.0280770
3836	0 1	0.0799560 0.662972	0.00182005 0.0280627
3837	0 1	0.0857313 0.674879	0.00183693 0.0280827
3838	0 1	0.0796388 0.658240	0.00183042 0.0280868
3839	0 1	0.0700183 0.635823	0.00181753 0.0280758
3840	0 1	0.0789636 0.661510	0.00180907 0.0280902
3841	0 1	0.0749574 0.647208	0.00180735 0.0280909
3842	0 1	0.0724318 0.648952	0.00181989 0.0281484
3843	0 1	0.0810674 0.674377	0.00182360 0.0281860
3844	0 1	0.0761006 0.652655	0.00183346 0.0281657
3845	0 1	0.0708912 0.637171	0.00183912 0.0282080
3846	0 1	0.0795163 0.655603	0.00181966 0.0281714
3847	0 1	0.0786829 0.663713	0.00180612 0.0282109
3848	0 1	0.0731145 0.646914	0.00181211 0.0282409
3849	0 1	0.0775019 0.652100	0.00180028 0.0282244
3850	0 1	0.0808172 0.658992	0.00181324 0.0282482
3851	0 1	0.0803480 0.659414	0.00183095 0.0282992
3852	0 1	0.0794151 0.661737	0.00182571 0.0282866
3853	0 1	0.0776378 0.660749	0.00184051 0.0283248
3854	0 1	0.0749614 0.648792	0.00181658 0.0282685
3855	0 1	0.0743780 0.648281	0.00180877 0.0282481
3856	0 1	0.0745963 0.657862	0.00178411 0.0281552
3857	0 1	0.0794696 0.669395	0.00177925 0.0281401
3858	0 1	0.0760528 0.648583	0.00177811 0.0281460
3859	0 1	0.0742294 0.652576	0.00178745 0.0281837
3860	0 1	0.0822887 0.673682	0.00177655 0.0281803
3861	0 1	0.0837345 0.665059	0.00177369 0.0281678
3862	0 1	0.0752318 0.647598	0.00176548 0.0281806
3863	0 1	0.0851499 0.677334	0.00176697 0.0281756
3864	0 1	0.0708293 0.642289	0.00174936 0.0281456
3865	0 1	0.0710071 0.644113	0.00175524 0.0281600
3866	0 1	0.0765236 0.658447	0.00176658 0.0281584
3867	0 1	0.0745435 0.660627	0.00176714 0.0281758
3868	0 1	0.0801181 0.661395	0.00177927 0.0282099
3869	0 1	0.0753015 0.660244	0.00177523 0.0281649
3870	0 1	0.0792300 0.663838	0.00177817 0.0281692
3871	0 1	0.0754905 0.655557	0.00177457 0.0281581
3872	0 1	0.0773452 0.653417	0.00178555 0.0281708
3873	0 1	0.0742544 0.650997	0.00179779 0.0281695
3874	0 1	0.0738697 0.641830	0.00177960 0.0281213
3875	0 1	0.0673996 0.630656	0.00177839 0.0281447
3876	0 1	0.0725145 0.645629	0.00177506 0.0281121
3877	0 1	0.0793333 0.657349	0.00176042 0.0280348
3878	0 1	0.0741561 0.648751	0.00177611 0.0280494
3879	0 1	0.0766028 0.655560	0.00176754 0.0280650
3880	0 1	0.0896118 0.687679	0.00180581 0.0281115
3881	0 1	0.0759104 0.655749	0.00180740 0.0281188
3882	0 1	0.0858675 0.684607	0.00181371 0.0281024
3883	0 1	0.0789725 0.654539	0.00182647 0.0281137
3884	0 1	0.0829034 0.671344	0.00181201 0.0280577
3885	0 1	0.0792600 0.661245	0.00181691 0.0280928
3886	0 1	0.0857565 0.672386	0.00180078 0.0281013
3887	0 1	0.0795921 0.662093	0.00181077 0.0281400
3888	0 1	0.0777780 0.656167	0.00181595 0.0281698
3889	0 1	0.0797142 0.664952	0.00183421 0.0282394
3890	0 1	0.0744153 0.650694	0.00182965 0.0282331
3891	0 1	0.0744692 0.656725	0.00183832 0.0282470
3892	0 1	0.0764233 0.660660	0.00184088 0.0282305
3893	0 1	0.0834791 0.670676	0.00186700 0.0282561
3894	0 1	0.0804860 0.669364	0.00186548 0.0282105
3895	0 1	0.0702837 0.638911	0.00184607 0.0281230
3896	0 1	0.0745414 0.645014	0.00183636 0.0281299
3897	0 1	0.0721386 0.638799	0.00181531 0.0280912
3898	0 1	0.0782102 0.657144	0.00181731 0.0280642
3899	0 1	0.0781091 0.658657	0.00181657 0.0280577
3900	0 1	0.0786543 0.663337	0.00182534 0.0280821
3901	0 1	0.0775593 0.653918	0.00181715 0.0280655
3902	0 1	0.0781876 0.656473	0.00182618 0.0281724
3903	0 1	0.0743961 0.645870	0.00182026 0.0281944
3904	0 1	0.0732741 0.647341	0.00181915 0.0282087
3905	0 1	0.0820598 0.668365	0.00182532 0.0281806
3906	0 1	0.0762128 0.656980	0.00182735 0.0282038
3907	0 1	0.0716933 0.638492	0.00184013 0.0282352
3908	0 1	0.0771563 0.655238	0.00182920 0.0282595
3909	0 1	0.0829377 0.665737	0.00181677 0.0282447
3910	0 1	0.0727509 0.654802	0.00182679 0.0282876
3911	0 1	0.0722334 0.651309	0.00181826 0.0282417
3912	0 1	0.0796158 0.664528	0.00184079 0.0283141
3913	0 1	0.0883895 0.684156	0.00183737 0.0283183
3914	0 1	0.0787017 0.661811	0.00184450 0.0283241
3915	0 1	0.0760728 0.654509	0.00184376 0.0283169
3916	0 1	0.0758131 0.654165	0.00183853 0.0282935
3917	0 1	0.0779081 0.655266	0.00183695 0.0282903
3918	0 1	0.0715118 0.646573	0.00184221 0.0283089
3919	0 1	0.0731633 0.647164	0.00184336 0.0283203
3920	0 1	0.0723324 0.646193	0.00180799 0.0282708
3921	0 1	0.0797002 0.669688	0.00180756 0.0282853
3922	0 1	0.0786762 0.665450	0.00180489 0.0282893
3923	0 1	0.0854183 0.683714	0.00180796 0.0282940
3924	0 1	0.0759021 0.655830	0.00181777 0.0283074
3925	0 1	0.0806294 0.667039	0.00181982 0.0282908
3926	0 1	0.0801690 0.659275	0.00181976 0.0282681
3927	0 1	0.0789500 0.660214	0.00181664 0.0282646
3928	0 1	0.0749468 0.645416	0.00183178 0.0283191
3929	0 1	0.0806541 0.658296	0.00182369 0.0282693
3930	0 1	0.0805828 0.664279	0.00181810 0.0282574
3931	0 1	0.0838261 0.673548	0.00182334 0.0282124
3932	0 1	0.0762699 0.654857	0.00182821 0.0282016
3933	0 1	0.0805961 0.659573	0.00182687 0.0282168
3934	0 1	0.0772956 0.649167	0.00183212 0.0282040
3935	0 1	0.0789655 0.657363	0.00182398 0.0281828
3936	0 1	0.0782299 0.659791	0.00183280 0.0282118
3937	0 1	0.0837813 0.679557	0.00184160 0.0282068
3938	0 1	0.0738001 0.644491	0.00182597 0.0282108
3939	0 1	0.0820859 0.661121	0.00182754 0.0281342
3940	0 1	0.0720516 0.642569	0.00184244 0.0281496
3941	0 1	0.0813770 0.666640	0.00183808 0.0281182
3942	0 1	0.0782440 0.661752	0.00185193 0.0281628
3943	0 1	0.0776740 0.650635	0.00186356 0.0281460
3944	0 1	0.0727210 0.642845	0.00185513 0.0281397
3945	0 1	0.0761019 0.658410	0.00185951 0.0281442
3946	0 1	0.0755568 0.652721	0.00185463 0.0281617
3947	0 1	0.0871934 0.681339	0.00185277 0.0281997
3948	0 1	0.0860141 0.671641	0.00183368 0.0281525
3949	0 1	0.0718430 0.637098	0.00183949 0.0281684
3950	0 1	0.0733505 0.644702	0.00183235 0.0281903
3951	0 1	0.0826375 0.672850	0.00182647 0.0281671
3952	0 1	0.0780030 0.665876	0.00183240 0.0281655
3953	0 1	0.0793287 0.662620	0.00184509 0.0281682
3954	0 1	0.0748154 0.645980	0.00183942 0.0281807
3955	0 1	0.0780271 0.658954	0.00187213 0.0282124
3956	0 1	0.0784786 0.651945	0.00187366 0.0281969
3957	0 1	0.0790824 0.657957	0.00188413 0.0282225
3958	0 1	0.0769772 0.663017	0.00188751 0.0281895
3959	0 1	0.0796194 0.655826	0.00191191 0.0282083
3960	0 1	0.0806260 0.663338	0.00190511 0.0281497
3961	0 1	0.0789867 0.654581	0.00191900 0.0281934
3962	0 1	0.0768060 0.655434	0.00192313 0.0281984
3963	0 1	0.0783079 0.663440	0.00190860 0.0281681
3964	0 1	0.0828313 0.661122	0.00191052 0.0281913
3965	0 1	0.0805168 0.670318	0.00192813 0.0282142
3966	0 1	0.0904182 0.690931	0.00195865 0.0282790
3967	0 1	0.0812649 0.669940	0.00195563 0.0282633
3968	0 1	0.0829918 0.672631	0.00193135 0.0282575
3969	0 1	0.0780550 0.659294	0.00192763 0.0282246
3970	0 1	0.0786514 0.663977	0.00191728 0.0281934
3971	0 1	0.0880335 0.682738	0.00193130 0.0281991
3972	0 1	0.0769970 0.656819	0.00193025 0.0281844
3973	0 1	0.0755639 0.652917	0.00192923 0.0281644
3974	0 1	0.0798685 0.664741	0.00193308 0.0281603
3975	0 1	0.0743493 0.651379	0.00190339 0.0281346
3976	0 1	0.0793661 0.665088	0.00193377 0.0281787
3977	0 1	0.0761433 0.647485	0.00192166 0.0281786
3978	0 1	0.0808248 0.668309	0.00192704 0.0282049
3979	0 1	0.0709952 0.633098	0.00191415 0.0281818
3980	0 1	0.0727739 0.641842	0.00191187 0.0281972
3981	0 1	0.0827770 0.667756	0.00192998 0.0282297
3982	0 1	0.0779726 0.661795	0.00193401 0.0282301
3983	0 1	0.0745809 0.650675	0.00192929 0.0282330
3984	0 1	0.0774322 0.656191	0.00193582 0.0282480
3985	0 1	0.0768593 0.662302	0.00194187 0.0282621
3986	0 1	0.0725961 0.648510	0.00196414 0.0283142
3987	0 1	0.0771587 0.659836	0.00197867 0.0283425
3988	0 1	0.0773849 0.655150	0.00197912 0.0283334
3989	0 1	0.0773669 0.649441	0.00197473 0.0283115
3990	0 1	0.0737466 0.649035	0.00194331 0.0282832
3991	0 1	0.0811240 0.662572	0.00193509 0.0282714
3992	0 1	0.0809101 0.666794	0.00192684 0.0282458
3993	0 1	0.0881921 0.679332	0.00193360 0.0282643
3994	0 1	0.0786206 0.661907	0.00194899 0.0283164
3995	0 1	0.0850975 0.678281	0.00194833 0.0283398
3996	0 1	0.0857197 0.677615	0.00193417 0.0283084
3997	0 1	0.0796468 0.668689	0.00192846 0.0283480
3998	0 1	0.0933273 0.701418	0.00193336 0.0283484
3999	0 1	0.0709722 0.640357	0.00193099 0.0283188
4000	0 1	0.0871619 0.684987	0.00196278 0.0282883
4001	0 1	0.0810469 0.661749	0.00196450 0.0282501
4002	0 1	0.0768677 0.656388	0.00194713 0.0282162
4003	0 1	0.0787065 0.667673	0.00193328 0.0281686
4004	0 1	0.0768475 0.655041	0.00193092 0.0281179
4005	0 1	0.0754109 0.652204	0.00195146 0.0281416
4006	0 1	0.0769272 0.661345	0.00197406 0.0281835
4007	0 1	0.0819902 0.666834	0.00196311 0.0281263
4008	0 1	0.0828962 0.673653	0.00197065 0.0281315
4009	0 1	0.0795481 0.663326	0.00198193 0.0281520
4010	0 1	0.0834639 0.665117	0.00200654 0.0282046
4011	0 1	0.0713650 0.635675	0.00199801 0.0281793
4012	0 1	0.0763457 0.653085	0.00199647 0.0281457
4013	0 1	0.0875968 0.685474	0.00200123 0.0281551
4014	0 1	0.0798257 0.656671	0.00200128 0.0281587
4015	0 1	0.0782452 0.655251	0.00197569 0.0281116
4016	0 1	0.0738516 0.657428	0.00198307 0.0281311
4017	0 1	0.0783304 0.655594	0.00200869 0.0281667
4018	0 1	0.0743857 0.649975	0.00199576 0.0281562
4019	0 1	0.0768550 0.652084	0.00201745 0.0281854
4020	0 1	0.0731731 0.642829	0.00200188 0.0281888
4021	0 1	0.0737740 0.644777	0.00200374 0.0281873
4022	0 1	0.0765118 0.659365	0.00198506 0.0281507
4023	0 1	0.0764051 0.654737	0.00198430 0.0281499
4024	0 1	0.0785729 0.654054	0.00198574 0.0281424
4025	0 1	0.0848736 0.671814	0.00199734 0.0281674
4026	0 1	0.0662670 0.624950	0.00196794 0.0281707
4027	0 1	0.0864051 0.684624	0.00196163 0.0281238
4028	0 1	0.0744234 0.649942	0.00194234 0.0281254
4029	0 1	0.0902676 0.690025	0.00193485 0.0281133
4030	0 1	0.0701831 0.638817	0.00192776 0.0280986
4031	0 1	0.0809671 0.665020	0.00195040 0.0281681
4032	0 1	0.0731390 0.649341	0.00194657 0.0281615
4033	0 1	0.0762257 0.657710	0.00193876 0.0281093
4034	0 1	0.0821193 0.675666	0.00192727 0.0281153
4035	0 1	0.0742211 0.652261	0.00194256 0.0281370
4036	0 1	0.0713120 0.638812	0.00194509 0.0281550
4037	0 1	0.0729767 0.647644	0.00192773 0.0281122
4038	0 1	0.0852494 0.676251	0.00192711 0.0281504
4039	0 1	0.0769314 0.658902	0.00192282 0.0281297
4040	0 1	0.0800042 0.666058	0.00191644 0.0280899
4041	0 1	0.0735839 0.650188	0.00190271 0.0280859
4042	0 1	0.0793620 0.658519	0.00189035 0.0280551
4043	0 1	0.0844228 0.671940	0.00192294 0.0280595
4044	0 1	0.0762533 0.654876	0.00191702 0.0280638
4045	0 1	0.0709008 0.643557	0.00190794 0.0280730
4046	0 1	0.0761817 0.658872	0.00193030 0.0281038
4047	0 1	0.0758832 0.656909	0.00194570 0.0281300
4048	0 1	0.0754590 0.654152	0.00193431 0.0280904
4049	0 1	0.0675056 0.636686	0.00193614 0.0281118
4050	0 1	0.0799629 0.661989	0.00194847 0.0281131
4051	0 1	0.0706895 0.636578	0.00196212 0.0281451
4052	0 1	0.0740492 0.656631	0.00192965 0.0281233
4053	0 1	0.0799688 0.660957	0.00192012 0.0281293
4054	0 1	0.0849878 0.672601	0.00193275 0.0281584
4055	0 1	0.0720183 0.649579	0.00191259 0.0281786
4056	0 1	0.0803933 0.663656	0.00191999 0.0281743
4057	0 1	0.0775835 0.660034	0.00192146 0.0281735
4058	0 1	0.0752578 0.654460	0.00191490 0.0282174
4059	0 1	0.0786213 0.657670	0.00191438 0.0282000
4060	0 1	0.0678067 0.631379	0.00192210 0.0281892
4061	0 1	0.0802633 0.660250	0.00192940 0.0281804
4062	0 1	0.0840444 0.675217	0.00193576 0.0282075
4063	0 1	0.0808195 0.667336	0.00193800 0.0281980
4064	0 1	0.0828193 0.667652	0.00194019 0.0282302
4065	0 1	0.0756196 0.659953	0.00193384 0.0282115
4066	0 1	0.0664301 0.628268	0.00192268 0.0282423
4067	0 1	0.0797312 0.662728	0.00192954 0.0282621
4068	0 1	0.0710041 0.643894	0.00192293 0.0283010
4069	0 1	0.0718841 0.638253	0.00192037 0.0282791
4070	0 1	0.0793339 0.653101	0.00190617 0.0282107
4071	0 1	0.0758219 0.656918	0.00189310 0.0281836
4072	0 1	0.0750171 0.655623	0.00188969 0.0281344
4073	0 1	0.0838536 0.661920	0.00188254 0.0281109
4074	0 1	0.0776847 0.653642	0.00186322 0.0281084
4075	0 1	0.0750363 0.646492	0.00188018 0.0281415
4076	0 1	0.0732677 0.644923	0.00187543 0.0280943
4077	0 1	0.0780046 0.665141	0.00188444 0.0281311
4078	0 1	0.0764582 0.657019	0.00188355 0.0281254
4079	0 1	0.0728700 0.643809	0.00188923 0.0281220
4080	0 1	0.0793462 0.668547	0.00190734 0.0281483
4081	0 1	0.0774878 0.654019	0.00190354 0.0281466
4082	0 1	0.0802951 0.667475	0.00189949 0.0281347
4083	0 1	0.0789937 0.654307	0.00188184 0.0280794
4084	0 1	0.0808813 0.665228	0.00187313 0.0280619
4085	0 1	0.0869366 0.681819	0.00186172 0.0280411
4086	0 1	0.0821097 0.665696	0.00186879 0.0280359
4087	0 1	0.0774854 0.656413	0.00190271 0.0280830
4088	0 1	0.0790647 0.662507	0.00192729 0.0281562
4089	0 1	0.0779155 0.664174	0.00192529 0.0281925
4090	0 1	0.0763084 0.661223	0.00192598 0.0282390
4091	0 1	0.0742540 0.636740	0.00190522 0.0282199
4092	0 1	0.0745494 0.643802	0.00191412 0.0282273
4093	0 1	0.0750938 0.655527	0.00191577 0.0282201
4094	0 1	0.0856761 0.682322	0.00193640 0.0282817
4095	0 1	0.0806089 0.664231	0.00192946 0.0282484
4096	0 1	0.0698866 0.644671	0.00192857 0.0282555
4097	0 1	0.0786497 0.653836	0.00190118 0.0282186
4098	0 1	0.0805377 0.658848	0.00191186 0.0282506
4099	0 1	0.0794422 0.665400	0.00191934 0.0282441
4100	0 1	0.0753509 0.639860	0.00191882 0.0282311
4101	0 1	0.0806778 0.666181	0.00193598 0.0282486
4102	0 1	0.0757205 0.656628	0.00192916 0.0282115
4103	0 1	0.0730558 0.648456	0.00193087 0.0282208
4104	0 1	0.0811643 0.667260	0.00192866 0.0282502
4105	0 1	0.0765689 0.652293	0.00193936 0.0282136
4106	0 1	0.0767847 0.653264	0.00191122 0.0281366
4107	0 1	0.0770428 0.660537	0.00188291 0.0280295
4108	0 1	0.0761423 0.656801	0.00186764 0.0280000
4109	0 1	0.0795168 0.666739	0.00187065 0.0280566
4110	0 1	0.0775789 0.656842	0.00187791 0.0280862
4111	0 1	0.0721207 0.637912	0.00184383 0.0280482
4112	0 1	0.0750502 0.651249	0.00185781 0.0280754
4113	0 1	0.0787264 0.662674	0.00184711 0.0280639
4114	0 1	0.0769775 0.658347	0.00185068 0.0280753
4115	0 1	0.0801867 0.669106	0.00185260 0.0281039
4116	0 1	0.0737211 0.639181	0.00183793 0.0281572
4117	0 1	0.0732192 0.646027	0.00184735 0.0281905
4118	0 1	0.0786058 0.661459	0.00182879 0.0281767
4119	0 1	0.0819632 0.667564	0.00182450 0.0281431
4120	0 1	0.0864795 0.673094	0.00182759 0.0281116
4121	0 1	0.0748747 0.637071	0.00183798 0.0281621
4122	0 1	0.0848412 0.668075	0.00183435 0.0281460
4123	0 1	0.0748958 0.657816	0.00187153 0.0281996
4124	0 1	0.0805424 0.657759	0.00186816 0.0282185
4125	0 1	0.0792291 0.664756	0.00187081 0.0282475
4126	0 1	0.0730161 0.644731	0.00187383 0.0282394
4127	0 1	0.0772914 0.654934	0.00189755 0.0282940
4128	0 1	0.0764283 0.654529	0.00190704 0.0283404
4129	0 1	0.0757922 0.649074	0.00190413 0.0283084
4130	0 1	0.0850921 0.674492	0.00192409 0.0283184
4131	0 1	0.0783693 0.658236	0.00191910 0.0282959
4132	0 1	0.0771116 0.656324	0.00194262 0.0283399
4133	0 1	0.0762210 0.658228	0.00195242 0.0283303
4134	0 1	0.0829507 0.673516	0.00195313 0.0283186
4135	0 1	0.0787898 0.659240	0.00197357 0.0283594
4136	0 1	0.0801766 0.662349	0.00198250 0.0283308
4137	0 1	0.0838389 0.668675	0.00197509 0.0282745
4138	0 1	0.0796953 0.657720	0.00198178 0.0282924
4139	0 1	0.0789490 0.663931	0.00198524 0.0283032
4140	0 1	0.0774438 0.662468	0.00198547 0.0283075
4141	0 1	0.0751455 0.653835	0.00196170 0.0282678
4142	0 1	0.0841426 0.676367	0.00194880 0.0282258
4143	0 1	0.0711726 0.638340	0.00191978 0.0281676
4144	0 1	0.0759596 0.648701	0.00189351 0.0281340
4145	0 1	0.0738327 0.651454	0.00187167 0.0280959
4146	0 1	0.0821737 0.669436	0.00188977 0.0280990
4147	0 1	0.0759760 0.645205	0.00188865 0.0281108
4148	0 1	0.0814167 0.666410	0.00189593 0.0281363
4149	0 1	0.0740710 0.651816	0.00189024 0.0281176
4150	0 1	0.0724971 0.643120	0.00187901 0.0281207
4151	0 1	0.0737036 0.649716	0.00184541 0.0280645
4152	0 1	0.0767817 0.658528	0.00186522 0.0281045
4153	0 1	0.0784036 0.656161	0.00186055 0.0281147
4154	0 1	0.0875404 0.679412	0.00185751 0.0281202
4155	0 1	0.0767142 0.644939	0.00188030 0.0281245
4156	0 1	0.0782823 0.656005	0.00189439 0.0281321
4157	0 1	0.0720235 0.646883	0.00188817 0.0280905
4158	0 1	0.0793464 0.660421	0.00188688 0.0281128
4159	0 1	0.0777600 0.668797	0.00189508 0.0280972
4160	0 1	0.0764501 0.647928	0.00187807 0.0280775
4161	0 1	0.0746852 0.646780	0.00188521 0.0280912
4162	0 1	0.0753448 0.650385	0.00187222 0.0280785
4163	0 1	0.0788543 0.661389	0.00188628 0.0281046
4164	0 1	0.0746625 0.652669	0.00188940 0.0281523
4165	0 1	0.0781014 0.662230	0.00190255 0.0281774
4166	0 1	0.0841873 0.676128	0.00189943 0.0281477
4167	0 1	0.0797222 0.659172	0.00189806 0.0281634
4168	0 1	0.0814855 0.664563	0.00192149 0.0281768
4169	0 1	0.0772579 0.655392	0.00193364 0.0282117
4170	0 1	0.0755598 0.649124	0.00192020 0.0281564
4171	0 1	0.0773289 0.655093	0.00194632 0.0282027
4172	0 1	0.0727601 0.648433	0.00194962 0.0281895
4173	0 1	0.0808782 0.670879	0.00196784 0.0282106
4174	0 1	0.0754923 0.646023	0.00196675 0.0282017
4175	0 1	0.0745937 0.642972	0.00195074 0.0281636
4176	0 1	0.0774986 0.655027	0.00195965 0.0281743
4177	0 1	0.0786673 0.653287	0.00193613 0.0281719
4178	0 1	0.0732601 0.646738	0.00194198 0.0281810
4179	0 1	0.0740859 0.653460	0.00193587 0.0281676
4180	0 1	0.0676916 0.632077	0.00192773 0.0281720
4181	0 1	0.0765726 0.654808	0.00191351 0.0281655
4182	0 1	0.0815626 0.663468	0.00191671 0.0281576
4183	0 1	0.0763026 0.648347	0.00191194 0.0281630
4184	0 1	0.0805427 0.666391	0.00188845 0.0281501
4185	0 1	0.0798622 0.656592	0.00190799 0.0281801
4186	0 1	0.0705469 0.637357	0.00190881 0.0282022
4187	0 1	0.0789853 0.662518	0.00190761 0.0281941
4188	0 1	0.0769462 0.647497	0.00191971 0.0282472
4189	0 1	0.0778436 0.657937	0.00189005 0.0281989
4190	0 1	0.0787567 0.655985	0.00189543 0.0282245
4191	0 1	0.0817910 0.668986	0.00187106 0.0281815
4192	0 1	0.0736054 0.651082	0.00187417 0.0281904
4193	0 1	0.0778353 0.659245	0.00188191 0.0282049
4194	0 1	0.0814908 0.670581	0.00187635 0.0282056
4195	0 1	0.0799619 0.662344	0.00185933 0.0281954
4196	0 1	0.0778599 0.650633	0.00183441 0.0281369
4197	0 1	0.0739442 0.644667	0.00183513 0.0282129
4198	0 1	0.0776221 0.662140	0.00185034 0.0282745
4199	0 1	0.0828795 0.665580	0.00186351 0.0283169
4200	0 1	0.0788097 0.661518	0.00188228 0.0283404
4201	0 1	0.0802273 0.672204	0.00189203 0.0283345
4202	0 1	0.0725637 0.652642	0.00189471 0.0283248
4203	0 1	0.0782851 0.660252	0.00189305 0.0282645
4204	0 1	0.0799825 0.672256	0.00188893 0.0282609
4205	0 1	0.0782357 0.660215	0.00190660 0.0283096
4206	0 1	0.0734266 0.650707	0.00190261 0.0283256
4207	0 1	0.0736219 0.642862	0.00188376 0.0282977
4208	0 1	0.0764564 0.661256	0.00189994 0.0283185
4209	0 1	0.0773946 0.661152	0.00190576 0.0283221
4210	0 1	0.0751415 0.647990	0.00189194 0.0282718
4211	0 1	0.0768740 0.654435	0.00189607 0.0282530
4212	0 1	0.0715165 0.636268	0.00187746 0.0282225
4213	0 1	0.0770208 0.651384	0.00190021 0.0282824
4214	0 1	0.0730744 0.645212	0.00188178 0.0282661
4215	0 1	0.0769672 0.652414	0.00189089 0.0282903
4216	0 1	0.0712762 0.644056	0.00189551 0.0283230
4217	0 1	0.0794822 0.662252	0.00189020 0.0283547
4218	0 1	0.0893017 0.678746	0.00190602 0.0283837
4219	0 1	0.0738834 0.648398	0.00190631 0.0283871
4220	0 1	0.0788930 0.658626	0.00187923 0.0283277
4221	0 1	0.0749853 0.650786	0.00186393 0.0283033
4222	0 1	0.0799933 0.663568	0.00188014 0.0282955
4223	0 1	0.0689991 0.630200	0.00186246 0.0282384
4224	0 1	0.0719502 0.646844	0.00186435 0.0282428
4225	0 1	0.0739787 0.655868	0.00187472 0.0282286
4226	0 1	0.0809217 0.663602	0.00187763 0.0282191
4227	0 1	0.0720352 0.645817	0.00187951 0.0282517
4228	0 1	0.0689281 0.642430	0.00185581 0.0282103
4229	0 1	0.0779203 0.656655	0.00185138 0.0282289
4230	0 1	0.0801624 0.666625	0.00186230 0.0282590
4231	0 1	0.0707634 0.645614	0.00185257 0.0282608
4232	0 1	0.0814943 0.664937	0.00187067 0.0283025
4233	0 1	0.0770013 0.653427	0.00188597 0.0283521
4234	0 1	0.0812490 0.671672	0.00188439 0.0283433
4235	0 1	0.0770401 0.656836	0.00187725 0.0283325
4236	0 1	0.0813905 0.670750	0.00188636 0.0283289
4237	0 1	0.0741209 0.647091	0.00188758 0.0283653
4238	0 1	0.0782094 0.656598	0.00189049 0.0283743
4239	0 1	0.0758966 0.654638	0.00190247 0.0283964
4240	0 1	0.0813290 0.662695	0.00191431 0.0284100
4241	0 1	0.0723776 0.647402	0.00191192 0.0283964
4242	0 1	0.0789975 0.662474	0.00191686 0.0283665
4243	0 1	0.0829866 0.667855	0.00192366 0.0284194
4244	0 1	0.0809440 0.665035	0.00190299 0.0283990
4245	0 1	0.0775943 0.655145	0.00191377 0.0284026
4246	0 1	0.0807516 0.662749	0.00190739 0.0284292
4247	0 1	0.0701748 0.645772	0.00190227 0.0284146
4248	0 1	0.0826748 0.666238	0.00192669 0.0284315
4249	0 1	0.0803237 0.660587	0.00191937 0.0283942
4250	0 1	0.0835931 0.671136	0.00192235 0.0284133
4251	0 1	0.0761775 0.648507	0.00193571 0.0284670
4252	0 1	0.0734011 0.645333	0.00192127 0.0284498
4253	0 1	0.0794894 0.664413	0.00191088 0.0284393
4254	0 1	0.0770831 0.653706	0.00191540 0.0284727
4255	0 1	0.0727549 0.646780	0.00190511 0.0284470
4256	0 1	0.0764891 0.655963	0.00188653 0.0284105
4257	0 1	0.0733083 0.649040	0.00190105 0.0284577
4258	0 1	0.0756859 0.657075	0.00190639 0.0284474
4259	0 1	0.0754896 0.649297	0.00190196 0.0284460
4260	0 1	0.0757088 0.658951	0.00189914 0.0284102
4261	0 1	0.0779748 0.652126	0.00189995 0.0283903
4262	0 1	0.0747957 0.656654	0.00191878 0.0284010
4263	0 1	0.0810654 0.663635	0.00188805 0.0283380
4264	0 1	0.0813220 0.671233	0.00188312 0.0283123
4265	0 1	0.0816057 0.667099	0.00187188 0.0282895
4266	0 1	0.0834573 0.668253	0.00185882 0.0282384
4267	0 1	0.0744919 0.642981	0.00185689 0.0282704
4268	0 1	0.0837523 0.673373	0.00186303 0.0282477
4269	0 1	0.0811157 0.673461	0.00185827 0.0282141
4270	0 1	0.0822902 0.677930	0.00185941 0.0282167
4271	0 1	0.0725762 0.641516	0.00184921 0.0282103
4272	0 1	0.0705301 0.636907	0.00185502 0.0282166
4273	0 1	0.0778855 0.660397	0.00184721 0.0282086
4274	0 1	0.0805809 0.661806	0.00185475 0.0282352
4275	0 1	0.0759175 0.652935	0.00186167 0.0282524
4276	0 1	0.0719290 0.634382	0.00186439 0.0282606
4277	0 1	0.0722789 0.637606	0.00188332 0.0283156
4278	0 1	0.0759638 0.646830	0.00188620 0.0283026
4279	0 1	0.0782662 0.667260	0.00188320 0.0283136
4280	0 1	0.0760544 0.655978	0.00187184 0.0282886
4281	0 1	0.0740123 0.651705	0.00187480 0.0282600
4282	0 1	0.0862116 0.680746	0.00185605 0.0282495
4283	0 1	0.0721931 0.639555	0.00188769 0.0282900
4284	0 1	0.0726316 0.635671	0.00189039 0.0282935
4285	0 1	0.0692678 0.641217	0.00186893 0.0282309
4286	0 1	0.0757816 0.652276	0.00187343 0.0282212
4287	0 1	0.0817164 0.669010	0.00185662 0.0281919
4288	0 1	0.0763223 0.658483	0.00186583 0.0282304
4289	0 1	0.0819374 0.663860	0.00187999 0.0282574
4290	0 1	0.0724475 0.642968	0.00187472 0.0282898
4291	0 1	0.0879022 0.690767	0.00186903 0.0282765
4292	0 1	0.0781311 0.663268	0.00187425 0.0282295
4293	0 1	0.0768031 0.654145	0.00187700 0.0282141
4294	0 1	0.0824932 0.663401	0.00190214 0.0282019
4295	0 1	0.0733406 0.641656	0.00188956 0.0282061
4296	0 1	0.0824788 0.670789	0.00187879 0.0282254
4297	0 1	0.0720465 0.641233	0.00187139 0.0282331
4298	0 1	0.0770525 0.664513	0.00187646 0.0282227
4299	0 1	0.0756109 0.652938	0.00188566 0.0282468
4300	0 1	0.0668989 0.629193	0.00187232 0.0282336
4301	0 1	0.0738765 0.648123	0.00185504 0.0282225
4302	0 1	0.0694076 0.632014	0.00185302 0.0281853
4303	0 1	0.0796553 0.660306	0.00185614 0.0282108
4304	0 1	0.0850079 0.672742	0.00186010 0.0282493
4305	0 1	0.0780433 0.655649	0.00187019 0.0282563
4306	0 1	0.0793791 0.656088	0.00188167 0.0282458
4307	0 1	0.0835251 0.672589	0.00189722 0.0282644
4308	0 1	0.0771788 0.654529	0.00190236 0.0282604
4309	0 1	0.0745823 0.648795	0.00189414 0.0282147
4310	0 1	0.0810247 0.661981	0.00186791 0.0281802
4311	0 1	0.0757438 0.658326	0.00188558 0.0282184
4312	0 1	0.0851112 0.673781	0.00189231 0.0282393
4313	0 1	0.0802366 0.656035	0.00191776 0.0282590
4314	0 1	0.0768009 0.659263	0.00193260 0.0282886
4315	0 1	0.0883541 0.679416	0.00192751 0.0282791
4316	0 1	0.0764702 0.658632	0.00191869 0.0282795
4317	0 1	0.0781922 0.657399	0.00190801 0.0282691
4318	0 1	0.0752509 0.642334	0.00189657 0.0282591
4319	0 1	0.0755264 0.655249	0.00188682 0.0282932
4320	0 1	0.0848460 0.675743	0.00188818 0.0282861
4321	0 1	0.0798513 0.661603	0.00188038 0.0282567
4322	0 1	0.0814469 0.667709	0.00188229 0.0282570
4323	0 1	0.0770835 0.650321	0.00188548 0.0282554
4324	0 1	0.0763373 0.657577	0.00189621 0.0282372
4325	0 1	0.0707948 0.641563	0.00189232 0.0282405
4326	0 1	0.0735396 0.646564	0.00185857 0.0281829
4327	0 1	0.0785644 0.659696	0.00183131 0.0281550
4328	0 1	0.0767028 0.652209	0.00183424 0.0281745
4329	0 1	0.0755260 0.654728	0.00181069 0.0281290
4330	0 1	0.0722083 0.644652	0.00181534 0.0281537
4331	0 1	0.0798766 0.667743	0.00180506 0.0281627
4332	0 1	0.0735858 0.648744	0.00178818 0.0281124
4333	0 1	0.0707191 0.641915	0.00177037 0.0280821
4334	0 1	0.0726706 0.643585	0.00178259 0.0281085
4335	0 1	0.0722635 0.638356	0.00177971 0.0281288
4336	0 1	0.0817627 0.661974	0.00177713 0.0281228
4337	0 1	0.0816382 0.671502	0.00180542 0.0281922
4338	0 1	0.0688811 0.644564	0.00181388 0.0281985
4339	0 1	0.0724383 0.648406	0.00180948 0.0281930
4340	0 1	0.0790508 0.653385	0.00180166 0.0281769
4341	0 1	0.0710280 0.643266	0.00180212 0.0281799
4342	0 1	0.0669862 0.628425	0.00178731 0.0281822
4343	0 1	0.0775581 0.656156	0.00178425 0.0281612
4344	0 1	0.0744975 0.646284	0.00176765 0.0281532
4345	0 1	0.0804160 0.665780	0.00174405 0.0280854
4346	0 1	0.0766827 0.657589	0.00174908 0.0281085
4347	0 1	0.0805598 0.674988	0.00174170 0.0280814
4348	0 1	0.0780898 0.655520	0.00175139 0.0281114
4349	0 1	0.0804885 0.662953	0.00175642 0.0281007
4350	0 1	0.0802346 0.664662	0.00177621 0.0281448
4351	0 1	0.0726258 0.642284	0.00177709 0.0281763
4352	0 1	0.0714318 0.641105	0.00176809 0.0282001
4353	0 1	0.0769631 0.659942	0.00174500 0.0281757
4354	0 1	0.0776995 0.651694	0.00175066 0.0281814
4355	0 1	0.0872899 0.679493	0.00174340 0.0281328
4356	0 1	0.0781487 0.658895	0.00174357 0.0281661
4357	0 1	0.0780790 0.656535	0.00175263 0.0281782
4358	0 1	0.0717136 0.638460	0.00174818 0.0281833
4359	0 1	0.0793616 0.668156	0.00174893 0.0281968
4360	0 1	0.0832785 0.669875	0.00175050 0.0281859
4361	0 1	0.0792208 0.657299	0.00175551 0.0282071
4362	0 1	0.0749984 0.651038	0.00175312 0.0282318
4363	0 1	0.0825792 0.678841	0.00174305 0.0282057
4364	0 1	0.0714212 0.645138	0.00174265 0.0282082
4365	0 1	0.0811531 0.664959	0.00174875 0.0282564
4366	0 1	0.0776542 0.658423	0.00175275 0.0282933
4367	0 1	0.0849844 0.675065	0.00175664 0.0282533
4368	0 1	0.0890979 0.682015	0.00177167 0.0282561
4369	0 1	0.0763622 0.651216	0.00176262 0.0282498
4370	0 1	0.0773243 0.648801	0.00175197 0.0282481
4371	0 1	0.0768198 0.660003	0.00175064 0.0282578
4372	0 1	0.0867618 0.683653	0.00176239 0.0282857
4373	0 1	0.0769733 0.653337	0.00175908 0.0282479
4374	0 1	0.0758490 0.654282	0.00174827 0.0282133
4375	0 1	0.0758522 0.648240	0.00174020 0.0282150
4376	0 1	0.0790593 0.658651	0.00174874 0.0281839
4377	0 1	0.0769472 0.658248	0.00174608 0.0281568
4378	0 1	0.0802499 0.659446	0.00175371 0.0282160
4379	0 1	0.0845176 0.670271	0.00176647 0.0282108
4380	0 1	0.0778044 0.652467	0.00176051 0.0282116
4381	0 1	0.0743083 0.639102	0.00176139 0.0282219
4382	0 1	0.0741199 0.647574	0.00178582 0.0282985
4383	0 1	0.0717866 0.644577	0.00177903 0.0283278
4384	0 1	0.0851091 0.675271	0.00178903 0.0283476
4385	0 1	0.0803041 0.664020	0.00178885 0.0283179
4386	0 1	0.0790969 0.652579	0.00181309 0.0283791
4387	0 1	0.0767381 0.653325	0.00181482 0.0283851
4388	0 1	0.0809605 0.669019	0.00182186 0.0283822
4389	0 1	0.0758608 0.653411	0.00181838 0.0283872
4390	0 1	0.0763209 0.649120	0.00182255 0.0284571
4391	0 1	0.0775809 0.659891	0.00184198 0.0285124
4392	0 1	0.0753791 0.651027	0.00184515 0.0285214
4393	0 1	0.0794867 0.663405	0.00184996 0.0285167
4394	0 1	0.0750045 0.654306	0.00183758 0.0284680
4395	0 1	0.0806734 0.673022	0.00184249 0.0284498
4396	0 1	0.0758223 0.652558	0.00182393 0.0284279
4397	0 1	0.0756777 0.650867	0.00183447 0.0283836
4398	0 1	0.0774815 0.661622	0.00182907 0.0284065
4399	0 1	0.0760913 0.663017	0.00184875 0.0284549
4400	0 1	0.0742526 0.646275	0.00184644 0.0284456
4401	0 1	0.0770715 0.656346	0.00184167 0.0284277
4402	0 1	0.0752450 0.653653	0.00182287 0.0284090
4403	0 1	0.0724903 0.642874	0.00182391 0.0284258
4404	0 1	0.0773949 0.655432	0.00182470 0.0284210
4405	0 1	0.0809544 0.666947	0.00181122 0.0284145
4406	0 1	0.0720467 0.640110	0.00182412 0.0284172
4407	0 1	0.0807603 0.667293	0.00182267 0.0284057
4408	0 1	0.0780594 0.658322	0.00182134 0.0284151
4409	0 1	0.0803625 0.660503	0.00183749 0.0284532
4410	0 1	0.0783553 0.657075	0.00183211 0.0284080
4411	0 1	0.0766510 0.657497	0.00183494 0.0283764
4412	0 1	0.0803186 0.665034	0.00182755 0.0283415
4413	0 1	0.0732858 0.647772	0.00181585 0.0283328
4414	0 1	0.0749726 0.655438	0.00182187 0.0283584
4415	0 1	0.0722232 0.647575	0.00182864 0.0283649
4416	0 1	0.0705125 0.637626	0.00182933 0.0283590
4417	0 1	0.0717697 0.647243	0.00182442 0.0283697
4418	0 1	0.0820034 0.667583	0.00181911 0.0283336
4419	0 1	0.0842723 0.664834	0.00181644 0.0283201
4420	0 1	0.0752667 0.649869	0.00181003 0.0282936
4421	0 1	0.0730413 0.653550	0.00182154 0.0283378
4422	0 1	0.0742422 0.657933	0.00182962 0.0283433
4423	0 1	0.0796076 0.664289	0.00183438 0.0283670
4424	0 1	0.0758727 0.661532	0.00181555 0.0283183
4425	0 1	0.0739941 0.647309	0.00180503 0.0283065
4426	0 1	0.0776350 0.646169	0.00182187 0.0283357
4427	0 1	0.0758620 0.648229	0.00179419 0.0282746
4428	0 1	0.0768528 0.654270	0.00179696 0.0282759
4429	0 1	0.0737868 0.655530	0.00180392 0.0282830
4430	0 1	0.0688011 0.641564	0.00178407 0.0282675
4431	0 1	0.0844914 0.683392	0.00178032 0.0282619
4432	0 1	0.0761732 0.656291	0.00177467 0.0282438
4433	0 1	0.0702035 0.637656	0.00178502 0.0282359
4434	0 1	0.0831779 0.668033	0.00175131 0.0281650
4435	0 1	0.0806641 0.662487	0.00174672 0.0281377
4436	0 1	0.0855618 0.683042	0.00175003 0.0281685
4437	0 1	0.0856771 0.676295	0.00175420 0.0281584
4438	0 1	0.0801215 0.661754	0.00176806 0.0282062
4439	0 1	0.0762625 0.651819	0.00177398 0.0282091
4440	0 1	0.0808602 0.659319	0.00178872 0.0282026
4441	0 1	0.0782954 0.655621	0.00178150 0.0282208
4442	0 1	0.0732695 0.647981	0.00177087 0.0281997
4443	0 1	0.0758861 0.645065	0.00176727 0.0281654
4444	0 1	0.0717938 0.640243	0.00175766 0.0281198
4445	0 1	0.0727823 0.644502	0.00176844 0.0281548
4446	0 1	0.0783220 0.652508	0.00174528 0.0281000
4447	0 1	0.0741746 0.651633	0.00174511 0.0280787
4448	0 1	0.0802497 0.665336	0.00174004 0.0280750
4449	0 1	0.0818796 0.671957	0.00176768 0.0281337
4450	0 1	0.0814599 0.672985	0.00176766 0.0281037
4451	0 1	0.0733539 0.642362	0.00174348 0.0280630
4452	0 1	0.0784585 0.669706	0.00172585 0.0280433
4453	0 1	0.0751275 0.653116	0.00174126 0.0280721
4454	0 1	0.0778178 0.659257	0.00174184 0.0280978
4455	0 1	0.0773611 0.657573	0.00174896 0.0281427
4456	0 1	0.0750641 0.646463	0.00175076 0.0281602
4457	0 1	0.0755422 0.656317	0.00175323 0.0281631
4458	0 1	0.0801695 0.661033	0.00175768 0.0281719
4459	0 1	0.0742811 0.645893	0.00174649 0.0281363
4460	0 1	0.0751431 0.649448	0.00173906 0.0280907
4461	0 1	0.0792816 0.657474	0.00175749 0.0281079
4462	0 1	0.0815210 0.665948	0.00175206 0.0281202
4463	0 1	0.0794276 0.665263	0.00174835 0.0281229
4464	0 1	0.0770425 0.648504	0.00173524 0.0281240
4465	0 1	0.0793472 0.667828	0.00173206 0.0281060
4466	0 1	0.0732491 0.650954	0.00176226 0.0281249
4467	0 1	0.0665613 0.626105	0.00176285 0.0281400
4468	0 1	0.0756566 0.654418	0.00175308 0.0281286
4469	0 1	0.0719070 0.642711	0.00175186 0.0281642
4470	0 1	0.0739793 0.647818	0.00174425 0.0281646
4471	0 1	0.0701337 0.644229	0.00174467 0.0281417
4472	0 1	0.0787473 0.658793	0.00174594 0.0281037
4473	0 1	0.0807465 0.663462	0.00172864 0.0280831
4474	0 1	0.0827257 0.670658	0.00173523 0.0281128
4475	0 1	0.0763945 0.651992	0.00173580 0.0281320
4476	0 1	0.0788426 0.659966	0.00173439 0.0281177
4477	0 1	0.0812535 0.659727	0.00175444 0.0281504
4478	0 1	0.0791010 0.664991	0.00173435 0.0281097
4479	0 1	0.0799563 0.663306	0.00173662 0.0280681
4480	0 1	0.0779108 0.660998	0.00173636 0.0280418
4481	0 1	0.0731555 0.645019	0.00172258 0.0280603
4482	0 1	0.0761185 0.646854	0.00173262 0.0280820
4483	0 1	0.0767824 0.652149	0.00173393 0.0280717
4484	0 1	0.0820508 0.668855	0.00173426 0.0280701
4485	0 1	0.0792610 0.661246	0.00172410 0.0280534
4486	0 1	0.0756462 0.645918	0.00171642 0.0279884
4487	0 1	0.0791293 0.661377	0.00172610 0.0279785
4488	0 1	0.0821595 0.670025	0.00171713 0.0279815
4489	0 1	0.0728236 0.645062	0.00171907 0.0279861
4490	0 1	0.0740709 0.652354	0.00172886 0.0280052
4491	0 1	0.0746925 0.653552	0.00172985 0.0280303
4492	0 1	0.0894351 0.677887	0.00171954 0.0280083
4493	0 1	0.0840987 0.682788	0.00172226 0.0280031
4494	0 1	0.0791436 0.658329	0.00173347 0.0280810
4495	0 1	0.0754923 0.647642	0.00173910 0.0280717
4496	0 1	0.0751058 0.653283	0.00172046 0.0280525
4497	0 1	0.0778911 0.659005	0.00174235 0.0280877
4498	0 1	0.0727683 0.636270	0.00172418 0.0280901
4499	0 1	0.0736867 0.644973	0.00172606 0.0280725
4500	0 1	0.0811050 0.671892	0.00173295 0.0280853
4501	0 1	0.0815015 0.663872	0.00175828 0.0281449
4502	0 1	0.0773489 0.656037	0.00175153 0.0281003
4503	0 1	0.0686169 0.633203	0.00176424 0.0281186
4504	0 1	0.0706633 0.638582	0.00177712 0.0281461
4505	0 1	0.0774222 0.654773	0.00177913 0.0281408
4506	0 1	0.0749861 0.647629	0.00176334 0.0280980
4507	0 1	0.0721651 0.649408	0.00176031 0.0281207
4508	0 1	0.0780528 0.657338	0.00175626 0.0281318
4509	0 1	0.0774138 0.653610	0.00176124 0.0281532
4510	0 1	0.0708291 0.639859	0.00177011 0.0281491
4511	0 1	0.0763503 0.658921	0.00178038 0.0281627
4512	0 1	0.0759295 0.649209	0.00179065 0.0282048
4513	0 1	0.0720270 0.644042	0.00178830 0.0281869
4514	0 1	0.0798473 0.655232	0.00179520 0.0282414
4515	0 1	0.0812157 0.665730	0.00179347 0.0282453
4516	0 1	0.0749901 0.655135	0.00179203 0.0282208
4517	0 1	0.0771841 0.657225	0.00179947 0.0281816
4518	0 1	0.0753360 0.647868	0.00178753 0.0281981
4519	0 1	0.0738572 0.645939	0.00178818 0.0282158
4520	0 1	0.0807774 0.664186	0.00181014 0.0282723
4521	0 1	0.0816707 0.660629	0.00180959 0.0282815
4522	0 1	0.0806052 0.664028	0.00182149 0.0282959
4523	0 1	0.0831144 0.670612	0.00184529 0.0283451
4524	0 1	0.0763422 0.654518	0.00185797 0.0283559
4525	0 1	0.0780805 0.657725	0.00186417 0.0283695
4526	0 1	0.0757180 0.655432	0.00186172 0.0283259
4527	0 1	0.0754365 0.649302	0.00187160 0.0283346
4528	0 1	0.0819669 0.665372	0.00187429 0.0283551
4529	0 1	0.0771390 0.644761	0.00188874 0.0283775
4530	0 1	0.0725464 0.644630	0.00190357 0.0283820
4531	0 1	0.0773942 0.654182	0.00189681 0.0283845
4532	0 1	0.0769549 0.661458	0.00188682 0.0283355
4533	0 1	0.0764784 0.660821	0.00187868 0.0283126
4534	0 1	0.0749868 0.650604	0.00187495 0.0283407
4535	0 1	0.0799949 0.660786	0.00189982 0.0283668
4536	0 1	0.0819696 0.668428	0.00190399 0.0284260
4537	0 1	0.0770983 0.659755	0.00188905 0.0284276
4538	0 1	0.0740723 0.649079	0.00187717 0.0284437
4539	0 1	0.0812720 0.664624	0.00188847 0.0284299
4540	0 1	0.0742585 0.648555	0.00188597 0.0284626
4541	0 1	0.0751306 0.651605	0.00188684 0.0284634
4542	0 1	0.0748258 0.650822	0.00186923 0.0284317
4543	0 1	0.0858862 0.680304	0.00189108 0.0284825
4544	0 1	0.0759616 0.648409	0.00189489 0.0284986
4545	0 1	0.0737972 0.650915	0.00190149 0.0285094
4546	0 1	0.0779318 0.660978	0.00190969 0.0285096
4547	0 1	0.0791930 0.664012	0.00191939 0.0285039
4548	0 1	0.0710683 0.648739	0.00191774 0.0284641
4549	0 1	0.0768159 0.651801	0.00192768 0.0284948
4550	0 1	0.0738693 0.650432	0.00193289 0.0284933
4551	0 1	0.0778897 0.646272	0.00192658 0.0284865
4552	0 1	0.0815520 0.672586	0.00193028 0.0284908
4553	0 1	0.0805898 0.663691	0.00191079 0.0284527
4554	0 1	0.0805628 0.661469	0.00190222 0.0284307
4555	0 1	0.0792770 0.656607	0.00187029 0.0283803
4556	0 1	0.0766418 0.661463	0.00185998 0.0283732
4557	0 1	0.0727954 0.644050	0.00185219 0.0283693
4558	0 1	0.0718224 0.639696	0.00184953 0.0283763
4559	0 1	0.0764137 0.646358	0.00184143 0.0283646
4560	0 1	0.0825745 0.668102	0.00186742 0.0284058
4561	0 1	0.0826095 0.675023	0.00186602 0.0284032
4562	0 1	0.0698332 0.638403	0.00186480 0.0284169
4563	0 1	0.0805644 0.663810	0.00187036 0.0284325
4564	0 1	0.0713432 0.632464	0.00187193 0.0284183
4565	0 1	0.0835936 0.667844	0.00187552 0.0284025
4566	0 1	0.0734967 0.648941	0.00187145 0.0283395
4567	0 1	0.0803898 0.662723	0.00187961 0.0283220
4568	0 1	0.0772938 0.654994	0.00188110 0.0283069
4569	0 1	0.0734801 0.649751	0.00187394 0.0283401
4570	0 1	0.0754941 0.643926	0.00188440 0.0283649
4571	0 1	0.0703331 0.638027	0.00187807 0.0283613
4572	0 1	0.0776725 0.659564	0.00189546 0.0283482
4573	0 1	0.0814401 0.670440	0.00189563 0.0284172
4574	0 1	0.0796317 0.661552	0.00187222 0.0283955
4575	0 1	0.0709665 0.642225	0.00187070 0.0283828
4576	0 1	0.0798397 0.654661	0.00186206 0.0283680
4577	0 1	0.0841214 0.669279	0.00187179 0.0284222
4578	0 1	0.0795025 0.660668	0.00185079 0.0283368
4579	0 1	0.0752390 0.650221	0.00183417 0.0283094
4580	0 1	0.0773699 0.654692	0.00183847 0.0282921
4581	0 1	0.0797971 0.660576	0.00181287 0.0282405
4582	0 1	0.0805886 0.663319	0.00180719 0.0282280
4583	0 1	0.0754543 0.656152	0.00181091 0.0282397
4584	0 1	0.0737793 0.645723	0.00179510 0.0282090
4585	0 1	0.0750243 0.647668	0.00178128 0.0281587
4586	0 1	0.0728567 0.648163	0.00179108 0.0281462
4587	0 1	0.0698131 0.644167	0.00178736 0.0281784
4588	0 1	0.0751538 0.649952	0.00177294 0.0281702
4589	0 1	0.0796338 0.653861	0.00179878 0.0282184
4590	0 1	0.0827887 0.667973	0.00180029 0.0282154
4591	0 1	0.0712833 0.636096	0.00180252 0.0282095
4592	0 1	0.0811949 0.666159	0.00181766 0.0282562
4593	0 1	0.0843192 0.670474	0.00182783 0.0282454
4594	0 1	0.0832797 0.669321	0.00181630 0.0282373
4595	0 1	0.0816812 0.667948	0.00180405 0.0282180
4596	0 1	0.0747273 0.649689	0.00179785 0.0281821
4597	0 1	0.0883993 0.691805	0.00177671 0.0281524
4598	0 1	0.0768993 0.656212	0.00174014 0.0281175
4599	0 1	0.0776714 0.659935	0.00175475 0.0281562
4600	0 1	0.0774886 0.666964	0.00174887 0.0281454
4601	0 1	0.0837028 0.666151	0.00175484 0.0281125
4602	0 1	0.0727859 0.634405	0.00173929 0.0280805
4603	0 1	0.0785271 0.665939	0.00172885 0.0280492
4604	0 1	0.0794818 0.663051	0.00174602 0.0281036
4605	0 1	0.0813906 0.661852	0.00175071 0.0280998
4606	0 1	0.0780237 0.655535	0.00174480 0.0280770
4607	0 1	0.0734737 0.643911	0.00174328 0.0281258
4608	0 1	0.0790817 0.656375	0.00173247 0.0280787
4609	0 1	0.0780825 0.658964	0.00175058 0.0280910
4610	0 1	0.0764892 0.654309	0.00175011 0.0280870
4611	0 1	0.0754861 0.649877	0.00176014 0.0280893
4612	0 1	0.0786542 0.664907	0.00175918 0.0280409
4613	0 1	0.0831260 0.669134	0.00174773 0.0279918
4614	0 1	0.0799599 0.664962	0.00174037 0.0279409
4615	0 1	0.0758956 0.661017	0.00174425 0.0279414
4616	0 1	0.0759799 0.652213	0.00174296 0.0279109
4617	0 1	0.0765557 0.661233	0.00173332 0.0278542
4618	0 1	0.0789769 0.654153	0.00175340 0.0279046
4619	0 1	0.0733434 0.643400	0.00173918 0.0278558
4620	0 1	0.0709464 0.637037	0.00172711 0.0278361
4621	0 1	0.0824300 0.669451	0.00172013 0.0278342
4622	0 1	0.0726824 0.647243	0.00169012 0.0277922
4623	0 1	0.0844852 0.666484	0.00170328 0.0278141
4624	0 1	0.0750523 0.653925	0.00169831 0.0277984
4625	0 1	0.0716858 0.649144	0.00169418 0.0278004
4626	0 1	0.0830485 0.667641	0.00168589 0.0277968
4627	0 1	0.0812140 0.672354	0.00169966 0.0277880
4628	0 1	0.0791673 0.658607	0.00171262 0.0278044
4629	0 1	0.0794174 0.657243	0.00172929 0.0278339
4630	0 1	0.0729474 0.651885	0.00173156 0.0278060
4631	0 1	0.0823430 0.679862	0.00172129 0.0277810
4632	0 1	0.0767617 0.659009	0.00170129 0.0277798
4633	0 1	0.0752518 0.647233	0.00169915 0.0277704
4634	0 1	0.0747457 0.649616	0.00169246 0.0277895
4635	0 1	0.0715701 0.637898	0.00169840 0.0277993
4636	0 1	0.0772002 0.653216	0.00170140 0.0277692
4637	0 1	0.0728434 0.641909	0.00170206 0.0277692
4638	0 1	0.0818643 0.668897	0.00171443 0.0277662
4639	0 1	0.0811278 0.665725	0.00172559 0.0277879
4640	0 1	0.0757787 0.655298	0.00170952 0.0277901
4641	0 1	0.0851903 0.668575	0.00171435 0.0278043
4642	0 1	0.0753197 0.654659	0.00171192 0.0278019
4643	0 1	0.0817764 0.664767	0.00171072 0.0278033
4644	0 1	0.0772954 0.651092	0.00170572 0.0278187
4645	0 1	0.0796013 0.668123	0.00170387 0.0278529
4646	0 1	0.0775920 0.653077	0.00170186 0.0278486
4647	0 1	0.0795157 0.656599	0.00173006 0.0278937
4648	0 1	0.0746105 0.650913	0.00172248 0.0278365
4649	0 1	0.0771933 0.655303	0.00173348 0.0278551
4650	0 1	0.0671905 0.621893	0.00172608 0.0278456
4651	0 1	0.0766003 0.651714	0.00171963 0.0278602
4652	0 1	0.0822013 0.667971	0.00171010 0.0278414
4653	0 1	0.0731385 0.643157	0.00172914 0.0278881
4654	0 1	0.0772068 0.650675	0.00173859 0.0279629
4655	0 1	0.0811114 0.669179	0.00175143 0.0279959
4656	0 1	0.0727884 0.640636	0.00174844 0.0279812
4657	0 1	0.0812381 0.657981	0.00173607 0.0279670
4658	0 1	0.0785595 0.658824	0.00174381 0.0280220
4659	0 1	0.0816275 0.663621	0.00174229 0.0280109
4660	0 1	0.0783817 0.657336	0.00174500 0.0280190
4661	0 1	0.0774690 0.659076	0.00175241 0.0280748
4662	0 1	0.0721222 0.652645	0.00175100 0.0280514
4663	0 1	0.0810268 0.675508	0.00176617 0.0281202
4664	0 1	0.0856194 0.676437	0.00179022 0.0281380
4665	0 1	0.0816140 0.663538	0.00178950 0.0281592
4666	0 1	0.0715808 0.643651	0.00178234 0.0281277
4667	0 1	0.0819246 0.666070	0.00177829 0.0281224
4668	0 1	0.0862859 0.681628	0.00180022 0.0281400
4669	0 1	0.0754490 0.652570	0.00177760 0.0281156
4670	0 1	0.0770433 0.662136	0.00176988 0.0280690
4671	0 1	0.0791611 0.664635	0.00175599 0.0280682
4672	0 1	0.0718487 0.639746	0.00175876 0.0280930
4673	0 1	0.0813685 0.676397	0.00176692 0.0280640
4674	0 1	0.0784067 0.651087	0.00175501 0.0280565
4675	0 1	0.0760245 0.648390	0.00176886 0.0280547
4676	0 1	0.0807756 0.677562	0.00176868 0.0280495
4677	0 1	0.0754220 0.652785	0.00174955 0.0280491
4678	0 1	0.0765807 0.649523	0.00175108 0.0280830
4679	0 1	0.0773280 0.660318	0.00177072 0.0281217
4680	0 1	0.0751217 0.648395	0.00178451 0.0281472
4681	0 1	0.0782255 0.665035	0.00179355 0.0281691
4682	0 1	0.0776140 0.652267	0.00180042 0.0282225
4683	0 1	0.0733104 0.647425	0.00179345 0.0282315
4684	0 1	0.0810352 0.661802	0.00182301 0.0282826
4685	0 1	0.0849992 0.671849	0.00183489 0.0283054
4686	0 1	0.0832632 0.675846	0.00185228 0.0283464
4687	0 1	0.0722227 0.646530	0.00184581 0.0283010
4688	0 1	0.0789275 0.660791	0.00186035 0.0283169
4689	0 1	0.0754627 0.653998	0.00186499 0.0283298
4690	0 1	0.0747287 0.642588	0.00183278 0.0282562
4691	0 1	0.0797616 0.654546	0.00183309 0.0282198
4692	0 1	0.0795351 0.665038	0.00183685 0.0282343
4693	0 1	0.0804719 0.668410	0.00183265 0.0282532
4694	0 1	0.0869645 0.678188	0.00185756 0.0282922
4695	0 1	0.0757953 0.657237	0.00186952 0.0283408
4696	0 1	0.0810029 0.667934	0.00186080 0.0283254
4697	0 1	0.0813285 0.662807	0.00188728 0.0283865
4698	0 1	0.0731523 0.638228	0.00188178 0.0284060
4699	0 1	0.0779010 0.654957	0.00189953 0.0283846
4700	0 1	0.0788693 0.656902	0.00190579 0.0284079
4701	0 1	0.0746381 0.651209	0.00189285 0.0283720
4702	0 1	0.0765999 0.656261	0.00188875 0.0283451
4703	0 1	0.0826855 0.664514	0.00188446 0.0283311
4704	0 1	0.0734154 0.639472	0.00190409 0.0283495
4705	0 1	0.0864893 0.679026	0.00191948 0.0284079
4706	0 1	0.0795585 0.657919	0.00192325 0.0284001
4707	0 1	0.0697390 0.631169	0.00193180 0.0284392
4708	0 1	0.0850397 0.680749	0.00192770 0.0284122
4709	0 1	0.0738508 0.641882	0.00195212 0.0284591
4710	0 1	0.0770927 0.654038	0.00194389 0.0284794
4711	0 1	0.0777937 0.659652	0.00193941 0.0284703
4712	0 1	0.0807551 0.670728	0.00194282 0.0285174
4713	0 1	0.0769819 0.651631	0.00192989 0.0285183
4714	0 1	0.0775378 0.649742	0.00194483 0.0285398
4715	0 1	0.0733472 0.644740	0.00193006 0.0285480
4716	0 1	0.0719078 0.642936	0.00193726 0.0285629
4717	0 1	0.0761961 0.654394	0.00193583 0.0285801
4718	0 1	0.0807157 0.659905	0.00194034 0.0285607
4719	0 1	0.0777462 0.659434	0.00193409 0.0285078
4720	0 1	0.0826866 0.665785	0.00191263 0.0285102
4721	0 1	0.0834032 0.676164	0.00190688 0.0285328
4722	0 1	0.0766253 0.658801	0.00191224 0.0285786
4723	0 1	0.0810643 0.669571	0.00194761 0.0286714
4724	0 1	0.0780323 0.658056	0.00194046 0.0286917
4725	0 1	0.0724689 0.642788	0.00191753 0.0286753
4726	0 1	0.0811194 0.668790	0.00194166 0.0287547
4727	0 1	0.0764045 0.651487	0.00194002 0.0287511
4728	0 1	0.0794182 0.663505	0.00194627 0.0287824
4729	0 1	0.0701408 0.643966	0.00194585 0.0288021
4730	0 1	0.0736509 0.648879	0.00195350 0.0288047
4731	0 1	0.0754363 0.649160	0.00194733 0.0287883
4732	0 1	0.0779075 0.658372	0.00193965 0.0287468
4733	0 1	0.0760065 0.657175	0.00194282 0.0287343
4734	0 1	0.0781474 0.658757	0.00194550 0.0287342
4735	0 1	0.0762981 0.653178	0.00194129 0.0287365
4736	0 1	0.0845583 0.669928	0.00192836 0.0286630
4737	0 1	0.0731437 0.643697	0.00193346 0.0286740
4738	0 1	0.0729682 0.634731	0.00194117 0.0287086
4739	0 1	0.0843464 0.667775	0.00194683 0.0287010
4740	0 1	0.0767466 0.648830	0.00196143 0.0286872
4741	0 1	0.0771786 0.658801	0.00196764 0.0286922
4742	0 1	0.0763333 0.658617	0.00196756 0.0286939
4743	0 1	0.0776965 0.653637	0.00194565 0.0286562
4744	0 1	0.0703857 0.641897	0.00193436 0.0286516
4745	0 1	0.0816678 0.660505	0.00194366 0.0286480
4746	0 1	0.0828543 0.668793	0.00195222 0.0286557
4747	0 1	0.0782438 0.658178	0.00197484 0.0286845
4748	0 1	0.0762589 0.645629	0.00197983 0.0286536
4749	0 1	0.0665560 0.627863	0.00195597 0.0286046
4750	0 1	0.0858713 0.681946	0.00194167 0.0285677
4751	0 1	0.0701345 0.645258	0.00193730 0.0285360
4752	0 1	0.0796241 0.654062	0.00195408 0.0285791
4753	0 1	0.0727313 0.652944	0.00196758 0.0286009
4754	0 1	0.0710140 0.638647	0.00196063 0.0285900
4755	0 1	0.0766691 0.655709	0.00195034 0.0285349
4756	0 1	0.0746773 0.651595	0.00194073 0.0285368
4757	0 1	0.0785578 0.654902	0.00193450 0.0285199
4758	0 1	0.0671317 0.636303	0.00192436 0.0284992
4759	0 1	0.0748448 0.635022	0.00193704 0.0285360
