NOTE: Picked up JDK_JAVA_OPTIONS: -Xmx16g -Xss1g
bad option '-Ddev.ludovic.netlib.blas.nativeLibPath=/opt/intel/oneapi/mkl/latest/lib/libmkl_rt.so' was ignored
bad option '-Ddev.ludovic.netlib.lapack.nativeLibPath=/opt/intel/oneapi/mkl/latest/lib/libmkl_rt.so' was ignored
bad option '-Djava.library.path=/usr/local/scala/javalib' was ignored
3 warnings found
# ./RunBM.scala . PiaPijab.out.gz representativeMSA.fasta.gz
trying to return java 16 instance
Jul 27, 2024 2:18:33 PM dev.ludovic.netlib.blas.InstanceBuilder initializeJava
WARNING: Failed to load implementation from:dev.ludovic.netlib.blas.VectorBLAS
return java 11 instance
Intel MKL WARNING: Support of Intel(R) Advanced Vector Extensions (Intel(R) AVX) enabled only processors has been deprecated. Intel oneAPI Math Kernel Library will use Intel(R) Streaming SIMD Extensions 4.2 (Intel(R) SSE4.2) instructions instead.
step= 1  sqrt(max_i v^_i)  = 0.217465  sqrt(sum_i v^_i)  = 2.810620  ratio= 0.077373  learning rate= 0.000276
step= 1  sqrt(max_i m^_i^2)= 0.217465  sqrt(sum_i m^_i^2)= 2.810620  ratio= 0.077373  learning rate= 0.000276
step= 2  sqrt(max_i v^_i)  = 0.193630  sqrt(sum_i v^_i)  = 2.794381  ratio= 0.069293  learning rate= 0.000620
step= 2  sqrt(max_i m^_i^2)= 0.190612  sqrt(sum_i m^_i^2)= 2.167647  ratio= 0.087935  learning rate= 0.000620
step= 3  sqrt(max_i v^_i)  = 0.203056  sqrt(sum_i v^_i)  = 2.793442  ratio= 0.072690  learning rate= 0.000886
step= 3  sqrt(max_i m^_i^2)= 0.201707  sqrt(sum_i m^_i^2)= 1.912654  ratio= 0.105459  learning rate= 0.000886
step= 4  sqrt(max_i v^_i)  = 0.213211  sqrt(sum_i v^_i)  = 2.798515  ratio= 0.076187  learning rate= 0.001126
step= 4  sqrt(max_i m^_i^2)= 0.213153  sqrt(sum_i m^_i^2)= 1.789417  ratio= 0.119119  learning rate= 0.001126
step= 5  sqrt(max_i v^_i)  = 0.210518  sqrt(sum_i v^_i)  = 2.797415  ratio= 0.075254  learning rate= 0.001425
step= 5  sqrt(max_i m^_i^2)= 0.209797  sqrt(sum_i m^_i^2)= 1.700770  ratio= 0.123354  learning rate= 0.001425
step= 6  sqrt(max_i v^_i)  = 0.206345  sqrt(sum_i v^_i)  = 2.804522  ratio= 0.073576  learning rate= 0.001745
step= 6  sqrt(max_i m^_i^2)= 0.204321  sqrt(sum_i m^_i^2)= 1.650902  ratio= 0.123763  learning rate= 0.001745
step= 7  sqrt(max_i v^_i)  = 0.209113  sqrt(sum_i v^_i)  = 2.803594  ratio= 0.074588  learning rate= 0.002008
step= 7  sqrt(max_i m^_i^2)= 0.208276  sqrt(sum_i m^_i^2)= 1.608417  ratio= 0.129491  learning rate= 0.002008
step= 8  sqrt(max_i v^_i)  = 0.208300  sqrt(sum_i v^_i)  = 2.802170  ratio= 0.074335  learning rate= 0.002304
step= 8  sqrt(max_i m^_i^2)= 0.207268  sqrt(sum_i m^_i^2)= 1.575511  ratio= 0.131556  learning rate= 0.002304
step= 9  sqrt(max_i v^_i)  = 0.206490  sqrt(sum_i v^_i)  = 2.796739  ratio= 0.073832  learning rate= 0.002615
step= 9  sqrt(max_i m^_i^2)= 0.204689  sqrt(sum_i m^_i^2)= 1.543806  ratio= 0.132587  learning rate= 0.002615
step= 10  sqrt(max_i v^_i)  = 0.207362  sqrt(sum_i v^_i)  = 2.798764  ratio= 0.074091  learning rate= 0.002893
step= 10  sqrt(max_i m^_i^2)= 0.206274  sqrt(sum_i m^_i^2)= 1.525871  ratio= 0.135185  learning rate= 0.002893
step= 11  sqrt(max_i v^_i)  = 0.207615  sqrt(sum_i v^_i)  = 2.797411  ratio= 0.074217  learning rate= 0.003179
step= 11  sqrt(max_i m^_i^2)= 0.206834  sqrt(sum_i m^_i^2)= 1.505794  ratio= 0.137359  learning rate= 0.003179
step= 12  sqrt(max_i v^_i)  = 0.206245  sqrt(sum_i v^_i)  = 2.794881  ratio= 0.073794  learning rate= 0.003491
step= 12  sqrt(max_i m^_i^2)= 0.204576  sqrt(sum_i m^_i^2)= 1.486529  ratio= 0.137620  learning rate= 0.003491
step= 13  sqrt(max_i v^_i)  = 0.206316  sqrt(sum_i v^_i)  = 2.792555  ratio= 0.073881  learning rate= 0.003781
step= 13  sqrt(max_i m^_i^2)= 0.204922  sqrt(sum_i m^_i^2)= 1.473392  ratio= 0.139082  learning rate= 0.003781
step= 14  sqrt(max_i v^_i)  = 0.204566  sqrt(sum_i v^_i)  = 2.793078  ratio= 0.073240  learning rate= 0.004106
step= 14  sqrt(max_i m^_i^2)= 0.201750  sqrt(sum_i m^_i^2)= 1.468068  ratio= 0.137425  learning rate= 0.004106
step= 15  sqrt(max_i v^_i)  = 0.205081  sqrt(sum_i v^_i)  = 2.791610  ratio= 0.073463  learning rate= 0.004388
step= 15  sqrt(max_i m^_i^2)= 0.203054  sqrt(sum_i m^_i^2)= 1.457378  ratio= 0.139329  learning rate= 0.004388
step= 16  sqrt(max_i v^_i)  = 0.206016  sqrt(sum_i v^_i)  = 2.789869  ratio= 0.073844  learning rate= 0.004660
step= 16  sqrt(max_i m^_i^2)= 0.205068  sqrt(sum_i m^_i^2)= 1.448679  ratio= 0.141555  learning rate= 0.004660
step= 17  sqrt(max_i v^_i)  = 0.206626  sqrt(sum_i v^_i)  = 2.791988  ratio= 0.074007  learning rate= 0.004936
step= 17  sqrt(max_i m^_i^2)= 0.206388  sqrt(sum_i m^_i^2)= 1.441764  ratio= 0.143150  learning rate= 0.004936
step= 18  sqrt(max_i v^_i)  = 0.206893  sqrt(sum_i v^_i)  = 2.791591  ratio= 0.074113  learning rate= 0.005220
step= 18  sqrt(max_i m^_i^2)= 0.206971  sqrt(sum_i m^_i^2)= 1.438243  ratio= 0.143905  learning rate= 0.005220
step= 19  sqrt(max_i v^_i)  = 0.207704  sqrt(sum_i v^_i)  = 2.791144  ratio= 0.074415  learning rate= 0.005489
step= 19  sqrt(max_i m^_i^2)= 0.208669  sqrt(sum_i m^_i^2)= 1.430696  ratio= 0.145851  learning rate= 0.005489
step= 20  sqrt(max_i v^_i)  = 0.208230  sqrt(sum_i v^_i)  = 2.792143  ratio= 0.074577  learning rate= 0.005763
step= 20  sqrt(max_i m^_i^2)= 0.209720  sqrt(sum_i m^_i^2)= 1.430534  ratio= 0.146603  learning rate= 0.005763
step= 21  sqrt(max_i v^_i)  = 0.209254  sqrt(sum_i v^_i)  = 2.791020  ratio= 0.074974  learning rate= 0.006021
step= 21  sqrt(max_i m^_i^2)= 0.211836  sqrt(sum_i m^_i^2)= 1.426463  ratio= 0.148505  learning rate= 0.006021
step= 22  sqrt(max_i v^_i)  = 0.208132  sqrt(sum_i v^_i)  = 2.790039  ratio= 0.074598  learning rate= 0.006342
step= 22  sqrt(max_i m^_i^2)= 0.208671  sqrt(sum_i m^_i^2)= 1.424625  ratio= 0.146474  learning rate= 0.006342
step= 23  sqrt(max_i v^_i)  = 0.209317  sqrt(sum_i v^_i)  = 2.790533  ratio= 0.075010  learning rate= 0.006593
step= 23  sqrt(max_i m^_i^2)= 0.211405  sqrt(sum_i m^_i^2)= 1.425308  ratio= 0.148323  learning rate= 0.006593
step= 24  sqrt(max_i v^_i)  = 0.208749  sqrt(sum_i v^_i)  = 2.790301  ratio= 0.074813  learning rate= 0.006898
step= 24  sqrt(max_i m^_i^2)= 0.209668  sqrt(sum_i m^_i^2)= 1.425856  ratio= 0.147047  learning rate= 0.006898
step= 25  sqrt(max_i v^_i)  = 0.208216  sqrt(sum_i v^_i)  = 2.789954  ratio= 0.074631  learning rate= 0.007204
step= 25  sqrt(max_i m^_i^2)= 0.208103  sqrt(sum_i m^_i^2)= 1.420559  ratio= 0.146494  learning rate= 0.007204
step= 26  sqrt(max_i v^_i)  = 0.206632  sqrt(sum_i v^_i)  = 2.788877  ratio= 0.074092  learning rate= 0.007550
step= 26  sqrt(max_i m^_i^2)= 0.203253  sqrt(sum_i m^_i^2)= 1.417621  ratio= 0.143376  learning rate= 0.007550
step= 27  sqrt(max_i v^_i)  = 0.206563  sqrt(sum_i v^_i)  = 2.788663  ratio= 0.074073  learning rate= 0.007843
step= 27  sqrt(max_i m^_i^2)= 0.203416  sqrt(sum_i m^_i^2)= 1.414861  ratio= 0.143771  learning rate= 0.007843
step= 28  sqrt(max_i v^_i)  = 0.207168  sqrt(sum_i v^_i)  = 2.788377  ratio= 0.074297  learning rate= 0.008109
step= 28  sqrt(max_i m^_i^2)= 0.205446  sqrt(sum_i m^_i^2)= 1.410317  ratio= 0.145674  learning rate= 0.008109
step= 29  sqrt(max_i v^_i)  = 0.206824  sqrt(sum_i v^_i)  = 2.788363  ratio= 0.074174  learning rate= 0.008413
step= 29  sqrt(max_i m^_i^2)= 0.204572  sqrt(sum_i m^_i^2)= 1.409996  ratio= 0.145087  learning rate= 0.008413
step= 30  sqrt(max_i v^_i)  = 0.207855  sqrt(sum_i v^_i)  = 2.788699  ratio= 0.074535  learning rate= 0.008660
step= 30  sqrt(max_i m^_i^2)= 0.207792  sqrt(sum_i m^_i^2)= 1.409357  ratio= 0.147438  learning rate= 0.008660
step= 31  sqrt(max_i v^_i)  = 0.206541  sqrt(sum_i v^_i)  = 2.789184  ratio= 0.074051  learning rate= 0.009005
step= 31  sqrt(max_i m^_i^2)= 0.203138  sqrt(sum_i m^_i^2)= 1.408503  ratio= 0.144222  learning rate= 0.009005
step= 32  sqrt(max_i v^_i)  = 0.206640  sqrt(sum_i v^_i)  = 2.789471  ratio= 0.074078  learning rate= 0.009291
step= 32  sqrt(max_i m^_i^2)= 0.203808  sqrt(sum_i m^_i^2)= 1.409488  ratio= 0.144597  learning rate= 0.009291
step= 33  sqrt(max_i v^_i)  = 0.206311  sqrt(sum_i v^_i)  = 2.789192  ratio= 0.073968  learning rate= 0.009597
step= 33  sqrt(max_i m^_i^2)= 0.202970  sqrt(sum_i m^_i^2)= 1.406301  ratio= 0.144329  learning rate= 0.009597
step= 34  sqrt(max_i v^_i)  = 0.205047  sqrt(sum_i v^_i)  = 2.788857  ratio= 0.073524  learning rate= 0.009949
step= 34  sqrt(max_i m^_i^2)= 0.198415  sqrt(sum_i m^_i^2)= 1.405950  ratio= 0.141125  learning rate= 0.009949
step= 35  sqrt(max_i v^_i)  = 0.203975  sqrt(sum_i v^_i)  = 2.788414  ratio= 0.073151  learning rate= 0.010295
step= 35  sqrt(max_i m^_i^2)= 0.194902  sqrt(sum_i m^_i^2)= 1.403716  ratio= 0.138847  learning rate= 0.010295
step= 36  sqrt(max_i v^_i)  = 0.203966  sqrt(sum_i v^_i)  = 2.788139  ratio= 0.073155  learning rate= 0.010590
step= 36  sqrt(max_i m^_i^2)= 0.195796  sqrt(sum_i m^_i^2)= 1.403016  ratio= 0.139553  learning rate= 0.010590
step= 37  sqrt(max_i v^_i)  = 0.204360  sqrt(sum_i v^_i)  = 2.788351  ratio= 0.073291  learning rate= 0.010863
step= 37  sqrt(max_i m^_i^2)= 0.198047  sqrt(sum_i m^_i^2)= 1.403517  ratio= 0.141107  learning rate= 0.010863
step= 38  sqrt(max_i v^_i)  = 0.203767  sqrt(sum_i v^_i)  = 2.786879  ratio= 0.073117  learning rate= 0.011189
step= 38  sqrt(max_i m^_i^2)= 0.196303  sqrt(sum_i m^_i^2)= 1.396196  ratio= 0.140599  learning rate= 0.011189
step= 39  sqrt(max_i v^_i)  = 0.203116  sqrt(sum_i v^_i)  = 2.786692  ratio= 0.072888  learning rate= 0.011520
step= 39  sqrt(max_i m^_i^2)= 0.194357  sqrt(sum_i m^_i^2)= 1.394473  ratio= 0.139377  learning rate= 0.011520
step= 40  sqrt(max_i v^_i)  = 0.203289  sqrt(sum_i v^_i)  = 2.786423  ratio= 0.072957  learning rate= 0.011806
step= 40  sqrt(max_i m^_i^2)= 0.195925  sqrt(sum_i m^_i^2)= 1.395437  ratio= 0.140404  learning rate= 0.011806
step= 41  sqrt(max_i v^_i)  = 0.202859  sqrt(sum_i v^_i)  = 2.785943  ratio= 0.072815  learning rate= 0.012127
step= 41  sqrt(max_i m^_i^2)= 0.194838  sqrt(sum_i m^_i^2)= 1.392974  ratio= 0.139872  learning rate= 0.012127
step= 42  sqrt(max_i v^_i)  = 0.202774  sqrt(sum_i v^_i)  = 2.785683  ratio= 0.072792  learning rate= 0.012428
step= 42  sqrt(max_i m^_i^2)= 0.195295  sqrt(sum_i m^_i^2)= 1.391096  ratio= 0.140389  learning rate= 0.012428
step= 43  sqrt(max_i v^_i)  = 0.202646  sqrt(sum_i v^_i)  = 2.785551  ratio= 0.072749  learning rate= 0.012732
step= 43  sqrt(max_i m^_i^2)= 0.195495  sqrt(sum_i m^_i^2)= 1.392127  ratio= 0.140429  learning rate= 0.012732
step= 44  sqrt(max_i v^_i)  = 0.203637  sqrt(sum_i v^_i)  = 2.786007  ratio= 0.073093  learning rate= 0.012964
step= 44  sqrt(max_i m^_i^2)= 0.200160  sqrt(sum_i m^_i^2)= 1.393559  ratio= 0.143632  learning rate= 0.012964
step= 45  sqrt(max_i v^_i)  = 0.202854  sqrt(sum_i v^_i)  = 2.786448  ratio= 0.072800  learning rate= 0.013310
step= 45  sqrt(max_i m^_i^2)= 0.196683  sqrt(sum_i m^_i^2)= 1.392937  ratio= 0.141200  learning rate= 0.013310
step= 46  sqrt(max_i v^_i)  = 0.203181  sqrt(sum_i v^_i)  = 2.786283  ratio= 0.072922  learning rate= 0.013584
step= 46  sqrt(max_i m^_i^2)= 0.198737  sqrt(sum_i m^_i^2)= 1.392194  ratio= 0.142751  learning rate= 0.013584
step= 47  sqrt(max_i v^_i)  = 0.202749  sqrt(sum_i v^_i)  = 2.786650  ratio= 0.072757  learning rate= 0.013909
step= 47  sqrt(max_i m^_i^2)= 0.197080  sqrt(sum_i m^_i^2)= 1.392996  ratio= 0.141479  learning rate= 0.013909
step= 48  sqrt(max_i v^_i)  = 0.203273  sqrt(sum_i v^_i)  = 2.787024  ratio= 0.072935  learning rate= 0.014168
step= 48  sqrt(max_i m^_i^2)= 0.199991  sqrt(sum_i m^_i^2)= 1.394663  ratio= 0.143398  learning rate= 0.014168
step= 49  sqrt(max_i v^_i)  = 0.203566  sqrt(sum_i v^_i)  = 2.786756  ratio= 0.073048  learning rate= 0.014442
step= 49  sqrt(max_i m^_i^2)= 0.201688  sqrt(sum_i m^_i^2)= 1.390289  ratio= 0.145069  learning rate= 0.014442
step= 50  sqrt(max_i v^_i)  = 0.203516  sqrt(sum_i v^_i)  = 2.785992  ratio= 0.073050  learning rate= 0.014741
step= 50  sqrt(max_i m^_i^2)= 0.201629  sqrt(sum_i m^_i^2)= 1.385577  ratio= 0.145520  learning rate= 0.014741
step= 51  sqrt(max_i v^_i)  = 0.203659  sqrt(sum_i v^_i)  = 2.786258  ratio= 0.073094  learning rate= 0.015025
step= 51  sqrt(max_i m^_i^2)= 0.202521  sqrt(sum_i m^_i^2)= 1.386908  ratio= 0.146023  learning rate= 0.015025
step= 52  sqrt(max_i v^_i)  = 0.203620  sqrt(sum_i v^_i)  = 2.785400  ratio= 0.073103  learning rate= 0.015323
step= 52  sqrt(max_i m^_i^2)= 0.202437  sqrt(sum_i m^_i^2)= 1.385990  ratio= 0.146060  learning rate= 0.015323
step= 53  sqrt(max_i v^_i)  = 0.203812  sqrt(sum_i v^_i)  = 2.784702  ratio= 0.073190  learning rate= 0.015603
step= 53  sqrt(max_i m^_i^2)= 0.203530  sqrt(sum_i m^_i^2)= 1.387039  ratio= 0.146737  learning rate= 0.015603
step= 54  sqrt(max_i v^_i)  = 0.203548  sqrt(sum_i v^_i)  = 2.784845  ratio= 0.073091  learning rate= 0.015918
step= 54  sqrt(max_i m^_i^2)= 0.202114  sqrt(sum_i m^_i^2)= 1.386624  ratio= 0.145760  learning rate= 0.015918
step= 55  sqrt(max_i v^_i)  = 0.203448  sqrt(sum_i v^_i)  = 2.784612  ratio= 0.073062  learning rate= 0.016220
step= 55  sqrt(max_i m^_i^2)= 0.201713  sqrt(sum_i m^_i^2)= 1.384110  ratio= 0.145735  learning rate= 0.016220
step= 56  sqrt(max_i v^_i)  = 0.203642  sqrt(sum_i v^_i)  = 2.784337  ratio= 0.073138  learning rate= 0.016499
step= 56  sqrt(max_i m^_i^2)= 0.202921  sqrt(sum_i m^_i^2)= 1.384552  ratio= 0.146561  learning rate= 0.016499
step= 57  sqrt(max_i v^_i)  = 0.203026  sqrt(sum_i v^_i)  = 2.784138  ratio= 0.072922  learning rate= 0.016845
step= 57  sqrt(max_i m^_i^2)= 0.199229  sqrt(sum_i m^_i^2)= 1.383143  ratio= 0.144040  learning rate= 0.016845
step= 58  sqrt(max_i v^_i)  = 0.203376  sqrt(sum_i v^_i)  = 2.783905  ratio= 0.073054  learning rate= 0.017111
step= 58  sqrt(max_i m^_i^2)= 0.201499  sqrt(sum_i m^_i^2)= 1.380843  ratio= 0.145925  learning rate= 0.017111
step= 59  sqrt(max_i v^_i)  = 0.204156  sqrt(sum_i v^_i)  = 2.783977  ratio= 0.073333  learning rate= 0.017340
step= 59  sqrt(max_i m^_i^2)= 0.205771  sqrt(sum_i m^_i^2)= 1.383793  ratio= 0.148701  learning rate= 0.017340
step= 60  sqrt(max_i v^_i)  = 0.203841  sqrt(sum_i v^_i)  = 2.783822  ratio= 0.073223  learning rate= 0.017661
step= 60  sqrt(max_i m^_i^2)= 0.203678  sqrt(sum_i m^_i^2)= 1.384780  ratio= 0.147083  learning rate= 0.017661
step= 61  sqrt(max_i v^_i)  = 0.203545  sqrt(sum_i v^_i)  = 2.783265  ratio= 0.073132  learning rate= 0.017981
step= 61  sqrt(max_i m^_i^2)= 0.201856  sqrt(sum_i m^_i^2)= 1.381780  ratio= 0.146084  learning rate= 0.017981
step= 62  sqrt(max_i v^_i)  = 0.203134  sqrt(sum_i v^_i)  = 2.782616  ratio= 0.073001  learning rate= 0.018313
step= 62  sqrt(max_i m^_i^2)= 0.199382  sqrt(sum_i m^_i^2)= 1.379155  ratio= 0.144568  learning rate= 0.018313
step= 63  sqrt(max_i v^_i)  = 0.203053  sqrt(sum_i v^_i)  = 2.782960  ratio= 0.072963  learning rate= 0.018616
step= 63  sqrt(max_i m^_i^2)= 0.199256  sqrt(sum_i m^_i^2)= 1.379999  ratio= 0.144388  learning rate= 0.018616
step= 64  sqrt(max_i v^_i)  = 0.202854  sqrt(sum_i v^_i)  = 2.783178  ratio= 0.072886  learning rate= 0.018930
step= 64  sqrt(max_i m^_i^2)= 0.198363  sqrt(sum_i m^_i^2)= 1.381464  ratio= 0.143589  learning rate= 0.018930
step= 65  sqrt(max_i v^_i)  = 0.203034  sqrt(sum_i v^_i)  = 2.783341  ratio= 0.072946  learning rate= 0.019209
step= 65  sqrt(max_i m^_i^2)= 0.199916  sqrt(sum_i m^_i^2)= 1.381775  ratio= 0.144681  learning rate= 0.019209
step= 66  sqrt(max_i v^_i)  = 0.203010  sqrt(sum_i v^_i)  = 2.783118  ratio= 0.072943  learning rate= 0.019506
step= 66  sqrt(max_i m^_i^2)= 0.200072  sqrt(sum_i m^_i^2)= 1.380165  ratio= 0.144963  learning rate= 0.019506
step= 67  sqrt(max_i v^_i)  = 0.202756  sqrt(sum_i v^_i)  = 2.782796  ratio= 0.072860  learning rate= 0.019827
step= 67  sqrt(max_i m^_i^2)= 0.198645  sqrt(sum_i m^_i^2)= 1.376712  ratio= 0.144290  learning rate= 0.019827
step= 68  sqrt(max_i v^_i)  = 0.202467  sqrt(sum_i v^_i)  = 2.781692  ratio= 0.072785  learning rate= 0.020151
step= 68  sqrt(max_i m^_i^2)= 0.197059  sqrt(sum_i m^_i^2)= 1.372298  ratio= 0.143598  learning rate= 0.020151
step= 69  sqrt(max_i v^_i)  = 0.202214  sqrt(sum_i v^_i)  = 2.781166  ratio= 0.072708  learning rate= 0.020473
step= 69  sqrt(max_i m^_i^2)= 0.195834  sqrt(sum_i m^_i^2)= 1.370627  ratio= 0.142879  learning rate= 0.020473
step= 70  sqrt(max_i v^_i)  = 0.201922  sqrt(sum_i v^_i)  = 2.781246  ratio= 0.072601  learning rate= 0.020800
step= 70  sqrt(max_i m^_i^2)= 0.194394  sqrt(sum_i m^_i^2)= 1.369422  ratio= 0.141953  learning rate= 0.020800
step= 71  sqrt(max_i v^_i)  = 0.201605  sqrt(sum_i v^_i)  = 2.780812  ratio= 0.072499  learning rate= 0.021130
step= 71  sqrt(max_i m^_i^2)= 0.192845  sqrt(sum_i m^_i^2)= 1.368762  ratio= 0.140890  learning rate= 0.021130
step= 72  sqrt(max_i v^_i)  = 0.201385  sqrt(sum_i v^_i)  = 2.780872  ratio= 0.072418  learning rate= 0.021451
step= 72  sqrt(max_i m^_i^2)= 0.192125  sqrt(sum_i m^_i^2)= 1.367252  ratio= 0.140519  learning rate= 0.021451
step= 73  sqrt(max_i v^_i)  = 0.201258  sqrt(sum_i v^_i)  = 2.780566  ratio= 0.072380  learning rate= 0.021763
step= 73  sqrt(max_i m^_i^2)= 0.192138  sqrt(sum_i m^_i^2)= 1.366408  ratio= 0.140615  learning rate= 0.021763
step= 74  sqrt(max_i v^_i)  = 0.201113  sqrt(sum_i v^_i)  = 2.780527  ratio= 0.072329  learning rate= 0.022077
step= 74  sqrt(max_i m^_i^2)= 0.191984  sqrt(sum_i m^_i^2)= 1.364895  ratio= 0.140658  learning rate= 0.022077
step= 75  sqrt(max_i v^_i)  = 0.200596  sqrt(sum_i v^_i)  = 2.780733  ratio= 0.072138  learning rate= 0.022433
step= 75  sqrt(max_i m^_i^2)= 0.188736  sqrt(sum_i m^_i^2)= 1.365659  ratio= 0.138202  learning rate= 0.022433
step= 76  sqrt(max_i v^_i)  = 0.200178  sqrt(sum_i v^_i)  = 2.780643  ratio= 0.071990  learning rate= 0.022780
step= 76  sqrt(max_i m^_i^2)= 0.186585  sqrt(sum_i m^_i^2)= 1.367438  ratio= 0.136449  learning rate= 0.022780
step= 77  sqrt(max_i v^_i)  = 0.199578  sqrt(sum_i v^_i)  = 2.780042  ratio= 0.071790  learning rate= 0.023149
step= 77  sqrt(max_i m^_i^2)= 0.182860  sqrt(sum_i m^_i^2)= 1.366050  ratio= 0.133860  learning rate= 0.023149
step= 78  sqrt(max_i v^_i)  = 0.199478  sqrt(sum_i v^_i)  = 2.779766  ratio= 0.071761  learning rate= 0.023461
step= 78  sqrt(max_i m^_i^2)= 0.183767  sqrt(sum_i m^_i^2)= 1.366073  ratio= 0.134522  learning rate= 0.023461
step= 79  sqrt(max_i v^_i)  = 0.199521  sqrt(sum_i v^_i)  = 2.779358  ratio= 0.071787  learning rate= 0.023757
step= 79  sqrt(max_i m^_i^2)= 0.185661  sqrt(sum_i m^_i^2)= 1.364374  ratio= 0.136078  learning rate= 0.023757
step= 80  sqrt(max_i v^_i)  = 0.199102  sqrt(sum_i v^_i)  = 2.779196  ratio= 0.071640  learning rate= 0.024108
step= 80  sqrt(max_i m^_i^2)= 0.183511  sqrt(sum_i m^_i^2)= 1.364923  ratio= 0.134448  learning rate= 0.024108
step= 81  sqrt(max_i v^_i)  = 0.198822  sqrt(sum_i v^_i)  = 2.779086  ratio= 0.071542  learning rate= 0.024444
step= 81  sqrt(max_i m^_i^2)= 0.182756  sqrt(sum_i m^_i^2)= 1.360031  ratio= 0.134377  learning rate= 0.024444
step= 82  sqrt(max_i v^_i)  = 0.199122  sqrt(sum_i v^_i)  = 2.778551  ratio= 0.071664  learning rate= 0.024708
step= 82  sqrt(max_i m^_i^2)= 0.186604  sqrt(sum_i m^_i^2)= 1.360024  ratio= 0.137206  learning rate= 0.024708
step= 83  sqrt(max_i v^_i)  = 0.198481  sqrt(sum_i v^_i)  = 2.778387  ratio= 0.071438  learning rate= 0.025090
step= 83  sqrt(max_i m^_i^2)= 0.181852  sqrt(sum_i m^_i^2)= 1.356459  ratio= 0.134064  learning rate= 0.025090
step= 84  sqrt(max_i v^_i)  = 0.198376  sqrt(sum_i v^_i)  = 2.778133  ratio= 0.071406  learning rate= 0.025406
step= 84  sqrt(max_i m^_i^2)= 0.182646  sqrt(sum_i m^_i^2)= 1.355635  ratio= 0.134731  learning rate= 0.025406
step= 85  sqrt(max_i v^_i)  = 0.198130  sqrt(sum_i v^_i)  = 2.777923  ratio= 0.071323  learning rate= 0.025741
step= 85  sqrt(max_i m^_i^2)= 0.182106  sqrt(sum_i m^_i^2)= 1.354238  ratio= 0.134471  learning rate= 0.025741
step= 86  sqrt(max_i v^_i)  = 0.197935  sqrt(sum_i v^_i)  = 2.777450  ratio= 0.071265  learning rate= 0.026069
step= 86  sqrt(max_i m^_i^2)= 0.182027  sqrt(sum_i m^_i^2)= 1.351800  ratio= 0.134655  learning rate= 0.026069
step= 87  sqrt(max_i v^_i)  = 0.197721  sqrt(sum_i v^_i)  = 2.777034  ratio= 0.071199  learning rate= 0.026401
step= 87  sqrt(max_i m^_i^2)= 0.181749  sqrt(sum_i m^_i^2)= 1.346075  ratio= 0.135021  learning rate= 0.026401
step= 88  sqrt(max_i v^_i)  = 0.197698  sqrt(sum_i v^_i)  = 2.776919  ratio= 0.071193  learning rate= 0.026707
step= 88  sqrt(max_i m^_i^2)= 0.183155  sqrt(sum_i m^_i^2)= 1.348580  ratio= 0.135813  learning rate= 0.026707
step= 89  sqrt(max_i v^_i)  = 0.197230  sqrt(sum_i v^_i)  = 2.776593  ratio= 0.071033  learning rate= 0.027075
step= 89  sqrt(max_i m^_i^2)= 0.180109  sqrt(sum_i m^_i^2)= 1.346950  ratio= 0.133716  learning rate= 0.027075
step= 90  sqrt(max_i v^_i)  = 0.196755  sqrt(sum_i v^_i)  = 2.776096  ratio= 0.070875  learning rate= 0.027445
step= 90  sqrt(max_i m^_i^2)= 0.177195  sqrt(sum_i m^_i^2)= 1.344850  ratio= 0.131758  learning rate= 0.027445
step= 91  sqrt(max_i v^_i)  = 0.196445  sqrt(sum_i v^_i)  = 2.776079  ratio= 0.070763  learning rate= 0.027794
step= 91  sqrt(max_i m^_i^2)= 0.176237  sqrt(sum_i m^_i^2)= 1.344289  ratio= 0.131100  learning rate= 0.027794
step= 92  sqrt(max_i v^_i)  = 0.196043  sqrt(sum_i v^_i)  = 2.775917  ratio= 0.070623  learning rate= 0.028157
step= 92  sqrt(max_i m^_i^2)= 0.174342  sqrt(sum_i m^_i^2)= 1.339126  ratio= 0.130191  learning rate= 0.028157
step= 93  sqrt(max_i v^_i)  = 0.195892  sqrt(sum_i v^_i)  = 2.775625  ratio= 0.070576  learning rate= 0.028485
step= 93  sqrt(max_i m^_i^2)= 0.175121  sqrt(sum_i m^_i^2)= 1.338299  ratio= 0.130853  learning rate= 0.028485
step= 94  sqrt(max_i v^_i)  = 0.195662  sqrt(sum_i v^_i)  = 2.774991  ratio= 0.070509  learning rate= 0.028825
step= 94  sqrt(max_i m^_i^2)= 0.175014  sqrt(sum_i m^_i^2)= 1.334174  ratio= 0.131177  learning rate= 0.028825
step= 95  sqrt(max_i v^_i)  = 0.195205  sqrt(sum_i v^_i)  = 2.774857  ratio= 0.070348  learning rate= 0.029200
step= 95  sqrt(max_i m^_i^2)= 0.172370  sqrt(sum_i m^_i^2)= 1.333021  ratio= 0.129308  learning rate= 0.029200
step= 96  sqrt(max_i v^_i)  = 0.194819  sqrt(sum_i v^_i)  = 2.774364  ratio= 0.070221  learning rate= 0.029566
step= 96  sqrt(max_i m^_i^2)= 0.170726  sqrt(sum_i m^_i^2)= 1.330771  ratio= 0.128291  learning rate= 0.029566
step= 97  sqrt(max_i v^_i)  = 0.194491  sqrt(sum_i v^_i)  = 2.774258  ratio= 0.070106  learning rate= 0.029924
step= 97  sqrt(max_i m^_i^2)= 0.169827  sqrt(sum_i m^_i^2)= 1.330307  ratio= 0.127660  learning rate= 0.029924
step= 98  sqrt(max_i v^_i)  = 0.194090  sqrt(sum_i v^_i)  = 2.774105  ratio= 0.069965  learning rate= 0.030295
step= 98  sqrt(max_i m^_i^2)= 0.168100  sqrt(sum_i m^_i^2)= 1.331463  ratio= 0.126252  learning rate= 0.030295
step= 99  sqrt(max_i v^_i)  = 0.193726  sqrt(sum_i v^_i)  = 2.773825  ratio= 0.069841  learning rate= 0.030662
step= 99  sqrt(max_i m^_i^2)= 0.166889  sqrt(sum_i m^_i^2)= 1.332867  ratio= 0.125210  learning rate= 0.030662
step= 100  sqrt(max_i v^_i)  = 0.193263  sqrt(sum_i v^_i)  = 2.773465  ratio= 0.069683  learning rate= 0.031046
step= 100  sqrt(max_i m^_i^2)= 0.164516  sqrt(sum_i m^_i^2)= 1.328661  ratio= 0.123821  learning rate= 0.031046
step= 101  sqrt(max_i v^_i)  = 0.193273  sqrt(sum_i v^_i)  = 2.773685  ratio= 0.069681  learning rate= 0.031044
step= 101  sqrt(max_i m^_i^2)= 0.167486  sqrt(sum_i m^_i^2)= 1.331389  ratio= 0.125798  learning rate= 0.031044
step= 102  sqrt(max_i v^_i)  = 0.192832  sqrt(sum_i v^_i)  = 2.773395  ratio= 0.069529  learning rate= 0.031115
step= 102  sqrt(max_i m^_i^2)= 0.165175  sqrt(sum_i m^_i^2)= 1.330353  ratio= 0.124158  learning rate= 0.031115
step= 103  sqrt(max_i v^_i)  = 0.192448  sqrt(sum_i v^_i)  = 2.773169  ratio= 0.069396  learning rate= 0.031177
step= 103  sqrt(max_i m^_i^2)= 0.163714  sqrt(sum_i m^_i^2)= 1.330166  ratio= 0.123078  learning rate= 0.031177
step= 104  sqrt(max_i v^_i)  = 0.192083  sqrt(sum_i v^_i)  = 2.773016  ratio= 0.069269  learning rate= 0.031236
step= 104  sqrt(max_i m^_i^2)= 0.162569  sqrt(sum_i m^_i^2)= 1.327038  ratio= 0.122505  learning rate= 0.031236
step= 105  sqrt(max_i v^_i)  = 0.191924  sqrt(sum_i v^_i)  = 2.772580  ratio= 0.069222  learning rate= 0.031262
step= 105  sqrt(max_i m^_i^2)= 0.163861  sqrt(sum_i m^_i^2)= 1.323314  ratio= 0.123827  learning rate= 0.031262
step= 106  sqrt(max_i v^_i)  = 0.191487  sqrt(sum_i v^_i)  = 2.772023  ratio= 0.069079  learning rate= 0.031333
step= 106  sqrt(max_i m^_i^2)= 0.161615  sqrt(sum_i m^_i^2)= 1.318351  ratio= 0.122589  learning rate= 0.031333
step= 107  sqrt(max_i v^_i)  = 0.191167  sqrt(sum_i v^_i)  = 2.771668  ratio= 0.068972  learning rate= 0.031386
step= 107  sqrt(max_i m^_i^2)= 0.161022  sqrt(sum_i m^_i^2)= 1.315822  ratio= 0.122373  learning rate= 0.031386
step= 108  sqrt(max_i v^_i)  = 0.190614  sqrt(sum_i v^_i)  = 2.771390  ratio= 0.068779  learning rate= 0.031477
step= 108  sqrt(max_i m^_i^2)= 0.157133  sqrt(sum_i m^_i^2)= 1.314024  ratio= 0.119582  learning rate= 0.031477
step= 109  sqrt(max_i v^_i)  = 0.190198  sqrt(sum_i v^_i)  = 2.771001  ratio= 0.068639  learning rate= 0.031546
step= 109  sqrt(max_i m^_i^2)= 0.155546  sqrt(sum_i m^_i^2)= 1.310821  ratio= 0.118663  learning rate= 0.031546
step= 110  sqrt(max_i v^_i)  = 0.190012  sqrt(sum_i v^_i)  = 2.770867  ratio= 0.068575  learning rate= 0.031577
step= 110  sqrt(max_i m^_i^2)= 0.156962  sqrt(sum_i m^_i^2)= 1.311306  ratio= 0.119699  learning rate= 0.031577
step= 111  sqrt(max_i v^_i)  = 0.189680  sqrt(sum_i v^_i)  = 2.770678  ratio= 0.068460  learning rate= 0.031632
step= 111  sqrt(max_i m^_i^2)= 0.156385  sqrt(sum_i m^_i^2)= 1.310050  ratio= 0.119374  learning rate= 0.031632
step= 112  sqrt(max_i v^_i)  = 0.189270  sqrt(sum_i v^_i)  = 2.770080  ratio= 0.068326  learning rate= 0.031701
step= 112  sqrt(max_i m^_i^2)= 0.154711  sqrt(sum_i m^_i^2)= 1.304467  ratio= 0.118601  learning rate= 0.031701
step= 113  sqrt(max_i v^_i)  = 0.189366  sqrt(sum_i v^_i)  = 2.769625  ratio= 0.068373  learning rate= 0.031684
step= 113  sqrt(max_i m^_i^2)= 0.159171  sqrt(sum_i m^_i^2)= 1.303860  ratio= 0.122077  learning rate= 0.031684
step= 114  sqrt(max_i v^_i)  = 0.189042  sqrt(sum_i v^_i)  = 2.769070  ratio= 0.068269  learning rate= 0.031739
step= 114  sqrt(max_i m^_i^2)= 0.158295  sqrt(sum_i m^_i^2)= 1.298707  ratio= 0.121887  learning rate= 0.031739
step= 115  sqrt(max_i v^_i)  = 0.188809  sqrt(sum_i v^_i)  = 2.768778  ratio= 0.068192  learning rate= 0.031778
step= 115  sqrt(max_i m^_i^2)= 0.158646  sqrt(sum_i m^_i^2)= 1.294158  ratio= 0.122586  learning rate= 0.031778
step= 116  sqrt(max_i v^_i)  = 0.188374  sqrt(sum_i v^_i)  = 2.768353  ratio= 0.068046  learning rate= 0.031851
step= 116  sqrt(max_i m^_i^2)= 0.156080  sqrt(sum_i m^_i^2)= 1.294766  ratio= 0.120547  learning rate= 0.031851
step= 117  sqrt(max_i v^_i)  = 0.188310  sqrt(sum_i v^_i)  = 2.768086  ratio= 0.068029  learning rate= 0.031862
step= 117  sqrt(max_i m^_i^2)= 0.158580  sqrt(sum_i m^_i^2)= 1.295738  ratio= 0.122386  learning rate= 0.031862
step= 118  sqrt(max_i v^_i)  = 0.188218  sqrt(sum_i v^_i)  = 2.767705  ratio= 0.068005  learning rate= 0.031878
step= 118  sqrt(max_i m^_i^2)= 0.160508  sqrt(sum_i m^_i^2)= 1.297373  ratio= 0.123718  learning rate= 0.031878
step= 119  sqrt(max_i v^_i)  = 0.187803  sqrt(sum_i v^_i)  = 2.767510  ratio= 0.067860  learning rate= 0.031948
step= 119  sqrt(max_i m^_i^2)= 0.157840  sqrt(sum_i m^_i^2)= 1.299234  ratio= 0.121487  learning rate= 0.031948
step= 120  sqrt(max_i v^_i)  = 0.187509  sqrt(sum_i v^_i)  = 2.767036  ratio= 0.067765  learning rate= 0.031998
step= 120  sqrt(max_i m^_i^2)= 0.157151  sqrt(sum_i m^_i^2)= 1.296952  ratio= 0.121170  learning rate= 0.031998
step= 121  sqrt(max_i v^_i)  = 0.186966  sqrt(sum_i v^_i)  = 2.766381  ratio= 0.067585  learning rate= 0.032091
step= 121  sqrt(max_i m^_i^2)= 0.152371  sqrt(sum_i m^_i^2)= 1.288656  ratio= 0.118241  learning rate= 0.032091
step= 122  sqrt(max_i v^_i)  = 0.186676  sqrt(sum_i v^_i)  = 2.766330  ratio= 0.067482  learning rate= 0.032141
step= 122  sqrt(max_i m^_i^2)= 0.152137  sqrt(sum_i m^_i^2)= 1.289103  ratio= 0.118018  learning rate= 0.032141
step= 123  sqrt(max_i v^_i)  = 0.186249  sqrt(sum_i v^_i)  = 2.765735  ratio= 0.067341  learning rate= 0.032215
step= 123  sqrt(max_i m^_i^2)= 0.149725  sqrt(sum_i m^_i^2)= 1.284945  ratio= 0.116522  learning rate= 0.032215
step= 124  sqrt(max_i v^_i)  = 0.185973  sqrt(sum_i v^_i)  = 2.764971  ratio= 0.067261  learning rate= 0.032262
step= 124  sqrt(max_i m^_i^2)= 0.149833  sqrt(sum_i m^_i^2)= 1.279994  ratio= 0.117057  learning rate= 0.032262
step= 125  sqrt(max_i v^_i)  = 0.185677  sqrt(sum_i v^_i)  = 2.764497  ratio= 0.067165  learning rate= 0.032314
step= 125  sqrt(max_i m^_i^2)= 0.149563  sqrt(sum_i m^_i^2)= 1.276859  ratio= 0.117134  learning rate= 0.032314
step= 126  sqrt(max_i v^_i)  = 0.185271  sqrt(sum_i v^_i)  = 2.763659  ratio= 0.067038  learning rate= 0.032385
step= 126  sqrt(max_i m^_i^2)= 0.147506  sqrt(sum_i m^_i^2)= 1.268908  ratio= 0.116247  learning rate= 0.032385
step= 127  sqrt(max_i v^_i)  = 0.185271  sqrt(sum_i v^_i)  = 2.763344  ratio= 0.067046  learning rate= 0.032385
step= 127  sqrt(max_i m^_i^2)= 0.151276  sqrt(sum_i m^_i^2)= 1.270031  ratio= 0.119112  learning rate= 0.032385
step= 128  sqrt(max_i v^_i)  = 0.184914  sqrt(sum_i v^_i)  = 2.762837  ratio= 0.066929  learning rate= 0.032447
step= 128  sqrt(max_i m^_i^2)= 0.149722  sqrt(sum_i m^_i^2)= 1.265952  ratio= 0.118268  learning rate= 0.032447
step= 129  sqrt(max_i v^_i)  = 0.184670  sqrt(sum_i v^_i)  = 2.762371  ratio= 0.066852  learning rate= 0.032490
step= 129  sqrt(max_i m^_i^2)= 0.150011  sqrt(sum_i m^_i^2)= 1.262099  ratio= 0.118858  learning rate= 0.032490
step= 130  sqrt(max_i v^_i)  = 0.184493  sqrt(sum_i v^_i)  = 2.761817  ratio= 0.066801  learning rate= 0.032521
step= 130  sqrt(max_i m^_i^2)= 0.151174  sqrt(sum_i m^_i^2)= 1.258914  ratio= 0.120083  learning rate= 0.032521
step= 131  sqrt(max_i v^_i)  = 0.184446  sqrt(sum_i v^_i)  = 2.761622  ratio= 0.066789  learning rate= 0.032530
step= 131  sqrt(max_i m^_i^2)= 0.153927  sqrt(sum_i m^_i^2)= 1.258149  ratio= 0.122344  learning rate= 0.032530
step= 132  sqrt(max_i v^_i)  = 0.184027  sqrt(sum_i v^_i)  = 2.761365  ratio= 0.066644  learning rate= 0.032604
step= 132  sqrt(max_i m^_i^2)= 0.150748  sqrt(sum_i m^_i^2)= 1.256892  ratio= 0.119937  learning rate= 0.032604
step= 133  sqrt(max_i v^_i)  = 0.183777  sqrt(sum_i v^_i)  = 2.760927  ratio= 0.066564  learning rate= 0.032648
step= 133  sqrt(max_i m^_i^2)= 0.150646  sqrt(sum_i m^_i^2)= 1.254710  ratio= 0.120064  learning rate= 0.032648
step= 134  sqrt(max_i v^_i)  = 0.183447  sqrt(sum_i v^_i)  = 2.760821  ratio= 0.066446  learning rate= 0.032707
step= 134  sqrt(max_i m^_i^2)= 0.149193  sqrt(sum_i m^_i^2)= 1.252160  ratio= 0.119148  learning rate= 0.032707
step= 135  sqrt(max_i v^_i)  = 0.183021  sqrt(sum_i v^_i)  = 2.760234  ratio= 0.066306  learning rate= 0.032783
step= 135  sqrt(max_i m^_i^2)= 0.146089  sqrt(sum_i m^_i^2)= 1.249090  ratio= 0.116956  learning rate= 0.032783
step= 136  sqrt(max_i v^_i)  = 0.182721  sqrt(sum_i v^_i)  = 2.759484  ratio= 0.066216  learning rate= 0.032837
step= 136  sqrt(max_i m^_i^2)= 0.145460  sqrt(sum_i m^_i^2)= 1.245357  ratio= 0.116802  learning rate= 0.032837
step= 137  sqrt(max_i v^_i)  = 0.182504  sqrt(sum_i v^_i)  = 2.759369  ratio= 0.066140  learning rate= 0.032876
step= 137  sqrt(max_i m^_i^2)= 0.146153  sqrt(sum_i m^_i^2)= 1.245300  ratio= 0.117364  learning rate= 0.032876
step= 138  sqrt(max_i v^_i)  = 0.182113  sqrt(sum_i v^_i)  = 2.758891  ratio= 0.066009  learning rate= 0.032946
step= 138  sqrt(max_i m^_i^2)= 0.143742  sqrt(sum_i m^_i^2)= 1.240921  ratio= 0.115835  learning rate= 0.032946
step= 139  sqrt(max_i v^_i)  = 0.181919  sqrt(sum_i v^_i)  = 2.758512  ratio= 0.065948  learning rate= 0.032982
step= 139  sqrt(max_i m^_i^2)= 0.144868  sqrt(sum_i m^_i^2)= 1.240411  ratio= 0.116790  learning rate= 0.032982
step= 140  sqrt(max_i v^_i)  = 0.181532  sqrt(sum_i v^_i)  = 2.758181  ratio= 0.065816  learning rate= 0.033052
step= 140  sqrt(max_i m^_i^2)= 0.142511  sqrt(sum_i m^_i^2)= 1.236387  ratio= 0.115264  learning rate= 0.033052
step= 141  sqrt(max_i v^_i)  = 0.181400  sqrt(sum_i v^_i)  = 2.757691  ratio= 0.065780  learning rate= 0.033076
step= 141  sqrt(max_i m^_i^2)= 0.144578  sqrt(sum_i m^_i^2)= 1.231642  ratio= 0.117387  learning rate= 0.033076
step= 142  sqrt(max_i v^_i)  = 0.181111  sqrt(sum_i v^_i)  = 2.757613  ratio= 0.065677  learning rate= 0.033129
step= 142  sqrt(max_i m^_i^2)= 0.143916  sqrt(sum_i m^_i^2)= 1.233517  ratio= 0.116671  learning rate= 0.033129
step= 143  sqrt(max_i v^_i)  = 0.180660  sqrt(sum_i v^_i)  = 2.757429  ratio= 0.065518  learning rate= 0.033211
step= 143  sqrt(max_i m^_i^2)= 0.140039  sqrt(sum_i m^_i^2)= 1.230523  ratio= 0.113804  learning rate= 0.033211
step= 144  sqrt(max_i v^_i)  = 0.180295  sqrt(sum_i v^_i)  = 2.756976  ratio= 0.065396  learning rate= 0.033279
step= 144  sqrt(max_i m^_i^2)= 0.138271  sqrt(sum_i m^_i^2)= 1.227518  ratio= 0.112643  learning rate= 0.033279
step= 145  sqrt(max_i v^_i)  = 0.179967  sqrt(sum_i v^_i)  = 2.756507  ratio= 0.065288  learning rate= 0.033339
step= 145  sqrt(max_i m^_i^2)= 0.137299  sqrt(sum_i m^_i^2)= 1.223613  ratio= 0.112208  learning rate= 0.033339
step= 146  sqrt(max_i v^_i)  = 0.179759  sqrt(sum_i v^_i)  = 2.756154  ratio= 0.065221  learning rate= 0.033378
step= 146  sqrt(max_i m^_i^2)= 0.138480  sqrt(sum_i m^_i^2)= 1.222605  ratio= 0.113266  learning rate= 0.033378
step= 147  sqrt(max_i v^_i)  = 0.179503  sqrt(sum_i v^_i)  = 2.755751  ratio= 0.065138  learning rate= 0.033425
step= 147  sqrt(max_i m^_i^2)= 0.138680  sqrt(sum_i m^_i^2)= 1.225110  ratio= 0.113198  learning rate= 0.033425
step= 148  sqrt(max_i v^_i)  = 0.179016  sqrt(sum_i v^_i)  = 2.755222  ratio= 0.064973  learning rate= 0.033516
step= 148  sqrt(max_i m^_i^2)= 0.133874  sqrt(sum_i m^_i^2)= 1.221390  ratio= 0.109608  learning rate= 0.033516
step= 149  sqrt(max_i v^_i)  = 0.178760  sqrt(sum_i v^_i)  = 2.754809  ratio= 0.064890  learning rate= 0.033564
step= 149  sqrt(max_i m^_i^2)= 0.134397  sqrt(sum_i m^_i^2)= 1.216814  ratio= 0.110450  learning rate= 0.033564
step= 150  sqrt(max_i v^_i)  = 0.178525  sqrt(sum_i v^_i)  = 2.754443  ratio= 0.064814  learning rate= 0.033608
step= 150  sqrt(max_i m^_i^2)= 0.135196  sqrt(sum_i m^_i^2)= 1.218227  ratio= 0.110978  learning rate= 0.033608
step= 151  sqrt(max_i v^_i)  = 0.178015  sqrt(sum_i v^_i)  = 2.753974  ratio= 0.064639  learning rate= 0.033705
step= 151  sqrt(max_i m^_i^2)= 0.129660  sqrt(sum_i m^_i^2)= 1.215242  ratio= 0.106695  learning rate= 0.033705
step= 152  sqrt(max_i v^_i)  = 0.177887  sqrt(sum_i v^_i)  = 2.753805  ratio= 0.064597  learning rate= 0.033729
step= 152  sqrt(max_i m^_i^2)= 0.132587  sqrt(sum_i m^_i^2)= 1.215197  ratio= 0.109107  learning rate= 0.033729
step= 153  sqrt(max_i v^_i)  = 0.177555  sqrt(sum_i v^_i)  = 2.753298  ratio= 0.064488  learning rate= 0.033792
step= 153  sqrt(max_i m^_i^2)= 0.131517  sqrt(sum_i m^_i^2)= 1.212686  ratio= 0.108451  learning rate= 0.033792
step= 154  sqrt(max_i v^_i)  = 0.177112  sqrt(sum_i v^_i)  = 2.752753  ratio= 0.064340  learning rate= 0.033877
step= 154  sqrt(max_i m^_i^2)= 0.127901  sqrt(sum_i m^_i^2)= 1.206592  ratio= 0.106002  learning rate= 0.033877
step= 155  sqrt(max_i v^_i)  = 0.176766  sqrt(sum_i v^_i)  = 2.752508  ratio= 0.064220  learning rate= 0.033943
step= 155  sqrt(max_i m^_i^2)= 0.126858  sqrt(sum_i m^_i^2)= 1.201240  ratio= 0.105606  learning rate= 0.033943
step= 156  sqrt(max_i v^_i)  = 0.176364  sqrt(sum_i v^_i)  = 2.752093  ratio= 0.064083  learning rate= 0.034020
step= 156  sqrt(max_i m^_i^2)= 0.124522  sqrt(sum_i m^_i^2)= 1.200309  ratio= 0.103742  learning rate= 0.034020
step= 157  sqrt(max_i v^_i)  = 0.175929  sqrt(sum_i v^_i)  = 2.751495  ratio= 0.063939  learning rate= 0.034104
step= 157  sqrt(max_i m^_i^2)= 0.121478  sqrt(sum_i m^_i^2)= 1.192341  ratio= 0.101882  learning rate= 0.034104
step= 158  sqrt(max_i v^_i)  = 0.175735  sqrt(sum_i v^_i)  = 2.751114  ratio= 0.063878  learning rate= 0.034142
step= 158  sqrt(max_i m^_i^2)= 0.123805  sqrt(sum_i m^_i^2)= 1.188812  ratio= 0.104142  learning rate= 0.034142
step= 159  sqrt(max_i v^_i)  = 0.175405  sqrt(sum_i v^_i)  = 2.750608  ratio= 0.063769  learning rate= 0.034206
step= 159  sqrt(max_i m^_i^2)= 0.123187  sqrt(sum_i m^_i^2)= 1.186185  ratio= 0.103851  learning rate= 0.034206
step= 160  sqrt(max_i v^_i)  = 0.175151  sqrt(sum_i v^_i)  = 2.750311  ratio= 0.063684  learning rate= 0.034256
step= 160  sqrt(max_i m^_i^2)= 0.124135  sqrt(sum_i m^_i^2)= 1.185212  ratio= 0.104736  learning rate= 0.034256
step= 161  sqrt(max_i v^_i)  = 0.174954  sqrt(sum_i v^_i)  = 2.749563  ratio= 0.063630  learning rate= 0.034295
step= 161  sqrt(max_i m^_i^2)= 0.126014  sqrt(sum_i m^_i^2)= 1.177913  ratio= 0.106980  learning rate= 0.034295
step= 162  sqrt(max_i v^_i)  = 0.174731  sqrt(sum_i v^_i)  = 2.748995  ratio= 0.063562  learning rate= 0.034338
step= 162  sqrt(max_i m^_i^2)= 0.127184  sqrt(sum_i m^_i^2)= 1.174795  ratio= 0.108261  learning rate= 0.034338
step= 163  sqrt(max_i v^_i)  = 0.174247  sqrt(sum_i v^_i)  = 2.748466  ratio= 0.063398  learning rate= 0.034434
step= 163  sqrt(max_i m^_i^2)= 0.121586  sqrt(sum_i m^_i^2)= 1.173085  ratio= 0.103647  learning rate= 0.034434
step= 164  sqrt(max_i v^_i)  = 0.173940  sqrt(sum_i v^_i)  = 2.748084  ratio= 0.063295  learning rate= 0.034494
step= 164  sqrt(max_i m^_i^2)= 0.121349  sqrt(sum_i m^_i^2)= 1.170842  ratio= 0.103643  learning rate= 0.034494
step= 165  sqrt(max_i v^_i)  = 0.173588  sqrt(sum_i v^_i)  = 2.747881  ratio= 0.063172  learning rate= 0.034564
step= 165  sqrt(max_i m^_i^2)= 0.120004  sqrt(sum_i m^_i^2)= 1.168336  ratio= 0.102714  learning rate= 0.034564
step= 166  sqrt(max_i v^_i)  = 0.173393  sqrt(sum_i v^_i)  = 2.747337  ratio= 0.063113  learning rate= 0.034603
step= 166  sqrt(max_i m^_i^2)= 0.122060  sqrt(sum_i m^_i^2)= 1.164772  ratio= 0.104793  learning rate= 0.034603
step= 167  sqrt(max_i v^_i)  = 0.173056  sqrt(sum_i v^_i)  = 2.746625  ratio= 0.063007  learning rate= 0.034671
step= 167  sqrt(max_i m^_i^2)= 0.120851  sqrt(sum_i m^_i^2)= 1.160172  ratio= 0.104167  learning rate= 0.034671
step= 168  sqrt(max_i v^_i)  = 0.172616  sqrt(sum_i v^_i)  = 2.746150  ratio= 0.062857  learning rate= 0.034759
step= 168  sqrt(max_i m^_i^2)= 0.116784  sqrt(sum_i m^_i^2)= 1.157163  ratio= 0.100923  learning rate= 0.034759
step= 169  sqrt(max_i v^_i)  = 0.172191  sqrt(sum_i v^_i)  = 2.745660  ratio= 0.062714  learning rate= 0.034845
step= 169  sqrt(max_i m^_i^2)= 0.113465  sqrt(sum_i m^_i^2)= 1.148232  ratio= 0.098817  learning rate= 0.034845
step= 170  sqrt(max_i v^_i)  = 0.171769  sqrt(sum_i v^_i)  = 2.745060  ratio= 0.062574  learning rate= 0.034931
step= 170  sqrt(max_i m^_i^2)= 0.110456  sqrt(sum_i m^_i^2)= 1.142185  ratio= 0.096706  learning rate= 0.034931
step= 171  sqrt(max_i v^_i)  = 0.171431  sqrt(sum_i v^_i)  = 2.744377  ratio= 0.062466  learning rate= 0.034999
step= 171  sqrt(max_i m^_i^2)= 0.110026  sqrt(sum_i m^_i^2)= 1.135063  ratio= 0.096933  learning rate= 0.034999
step= 172  sqrt(max_i v^_i)  = 0.171185  sqrt(sum_i v^_i)  = 2.743954  ratio= 0.062386  learning rate= 0.035050
step= 172  sqrt(max_i m^_i^2)= 0.111701  sqrt(sum_i m^_i^2)= 1.137212  ratio= 0.098224  learning rate= 0.035050
step= 173  sqrt(max_i v^_i)  = 0.170841  sqrt(sum_i v^_i)  = 2.743805  ratio= 0.062264  learning rate= 0.035120
step= 173  sqrt(max_i m^_i^2)= 0.110834  sqrt(sum_i m^_i^2)= 1.138713  ratio= 0.097333  learning rate= 0.035120
step= 174  sqrt(max_i v^_i)  = 0.170540  sqrt(sum_i v^_i)  = 2.743472  ratio= 0.062162  learning rate= 0.035182
step= 174  sqrt(max_i m^_i^2)= 0.111039  sqrt(sum_i m^_i^2)= 1.138526  ratio= 0.097529  learning rate= 0.035182
step= 175  sqrt(max_i v^_i)  = 0.170227  sqrt(sum_i v^_i)  = 2.743129  ratio= 0.062056  learning rate= 0.035247
step= 175  sqrt(max_i m^_i^2)= 0.110887  sqrt(sum_i m^_i^2)= 1.132865  ratio= 0.097882  learning rate= 0.035247
step= 176  sqrt(max_i v^_i)  = 0.170093  sqrt(sum_i v^_i)  = 2.742687  ratio= 0.062017  learning rate= 0.035275
step= 176  sqrt(max_i m^_i^2)= 0.114489  sqrt(sum_i m^_i^2)= 1.130710  ratio= 0.101254  learning rate= 0.035275
step= 177  sqrt(max_i v^_i)  = 0.169796  sqrt(sum_i v^_i)  = 2.742132  ratio= 0.061921  learning rate= 0.035336
step= 177  sqrt(max_i m^_i^2)= 0.114237  sqrt(sum_i m^_i^2)= 1.128302  ratio= 0.101246  learning rate= 0.035336
step= 178  sqrt(max_i v^_i)  = 0.169460  sqrt(sum_i v^_i)  = 2.741779  ratio= 0.061806  learning rate= 0.035406
step= 178  sqrt(max_i m^_i^2)= 0.112931  sqrt(sum_i m^_i^2)= 1.127562  ratio= 0.100155  learning rate= 0.035406
step= 179  sqrt(max_i v^_i)  = 0.169141  sqrt(sum_i v^_i)  = 2.741254  ratio= 0.061702  learning rate= 0.035473
step= 179  sqrt(max_i m^_i^2)= 0.112138  sqrt(sum_i m^_i^2)= 1.123387  ratio= 0.099821  learning rate= 0.035473
step= 180  sqrt(max_i v^_i)  = 0.168927  sqrt(sum_i v^_i)  = 2.740802  ratio= 0.061634  learning rate= 0.035518
step= 180  sqrt(max_i m^_i^2)= 0.113849  sqrt(sum_i m^_i^2)= 1.121704  ratio= 0.101496  learning rate= 0.035518
step= 181  sqrt(max_i v^_i)  = 0.168775  sqrt(sum_i v^_i)  = 2.740335  ratio= 0.061589  learning rate= 0.035550
step= 181  sqrt(max_i m^_i^2)= 0.116613  sqrt(sum_i m^_i^2)= 1.120955  ratio= 0.104030  learning rate= 0.035550
step= 182  sqrt(max_i v^_i)  = 0.168425  sqrt(sum_i v^_i)  = 2.739881  ratio= 0.061472  learning rate= 0.035624
step= 182  sqrt(max_i m^_i^2)= 0.114351  sqrt(sum_i m^_i^2)= 1.117104  ratio= 0.102364  learning rate= 0.035624
step= 183  sqrt(max_i v^_i)  = 0.168073  sqrt(sum_i v^_i)  = 2.739115  ratio= 0.061360  learning rate= 0.035699
step= 183  sqrt(max_i m^_i^2)= 0.112169  sqrt(sum_i m^_i^2)= 1.106764  ratio= 0.101349  learning rate= 0.035699
step= 184  sqrt(max_i v^_i)  = 0.167746  sqrt(sum_i v^_i)  = 2.738544  ratio= 0.061254  learning rate= 0.035768
step= 184  sqrt(max_i m^_i^2)= 0.110834  sqrt(sum_i m^_i^2)= 1.105480  ratio= 0.100259  learning rate= 0.035768
step= 185  sqrt(max_i v^_i)  = 0.167402  sqrt(sum_i v^_i)  = 2.738212  ratio= 0.061135  learning rate= 0.035842
step= 185  sqrt(max_i m^_i^2)= 0.109058  sqrt(sum_i m^_i^2)= 1.105788  ratio= 0.098625  learning rate= 0.035842
step= 186  sqrt(max_i v^_i)  = 0.167075  sqrt(sum_i v^_i)  = 2.737810  ratio= 0.061025  learning rate= 0.035912
step= 186  sqrt(max_i m^_i^2)= 0.107867  sqrt(sum_i m^_i^2)= 1.103396  ratio= 0.097759  learning rate= 0.035912
step= 187  sqrt(max_i v^_i)  = 0.166851  sqrt(sum_i v^_i)  = 2.737301  ratio= 0.060955  learning rate= 0.035960
step= 187  sqrt(max_i m^_i^2)= 0.109395  sqrt(sum_i m^_i^2)= 1.103894  ratio= 0.099099  learning rate= 0.035960
step= 188  sqrt(max_i v^_i)  = 0.166471  sqrt(sum_i v^_i)  = 2.736794  ratio= 0.060827  learning rate= 0.036042
step= 188  sqrt(max_i m^_i^2)= 0.106279  sqrt(sum_i m^_i^2)= 1.098568  ratio= 0.096744  learning rate= 0.036042
step= 189  sqrt(max_i v^_i)  = 0.166302  sqrt(sum_i v^_i)  = 2.736272  ratio= 0.060777  learning rate= 0.036079
step= 189  sqrt(max_i m^_i^2)= 0.109088  sqrt(sum_i m^_i^2)= 1.094071  ratio= 0.099708  learning rate= 0.036079
step= 190  sqrt(max_i v^_i)  = 0.166044  sqrt(sum_i v^_i)  = 2.735872  ratio= 0.060692  learning rate= 0.036135
step= 190  sqrt(max_i m^_i^2)= 0.109492  sqrt(sum_i m^_i^2)= 1.090931  ratio= 0.100365  learning rate= 0.036135
step= 191  sqrt(max_i v^_i)  = 0.165718  sqrt(sum_i v^_i)  = 2.735424  ratio= 0.060582  learning rate= 0.036206
step= 191  sqrt(max_i m^_i^2)= 0.107889  sqrt(sum_i m^_i^2)= 1.089458  ratio= 0.099030  learning rate= 0.036206
step= 192  sqrt(max_i v^_i)  = 0.165295  sqrt(sum_i v^_i)  = 2.735031  ratio= 0.060436  learning rate= 0.036299
step= 192  sqrt(max_i m^_i^2)= 0.102556  sqrt(sum_i m^_i^2)= 1.085096  ratio= 0.094513  learning rate= 0.036299
step= 193  sqrt(max_i v^_i)  = 0.164929  sqrt(sum_i v^_i)  = 2.734336  ratio= 0.060318  learning rate= 0.036379
step= 193  sqrt(max_i m^_i^2)= 0.100134  sqrt(sum_i m^_i^2)= 1.078602  ratio= 0.092837  learning rate= 0.036379
step= 194  sqrt(max_i v^_i)  = 0.164692  sqrt(sum_i v^_i)  = 2.733750  ratio= 0.060244  learning rate= 0.036431
step= 194  sqrt(max_i m^_i^2)= 0.101706  sqrt(sum_i m^_i^2)= 1.075550  ratio= 0.094562  learning rate= 0.036431
step= 195  sqrt(max_i v^_i)  = 0.164316  sqrt(sum_i v^_i)  = 2.733261  ratio= 0.060117  learning rate= 0.036515
step= 195  sqrt(max_i m^_i^2)= 0.098741  sqrt(sum_i m^_i^2)= 1.074455  ratio= 0.091898  learning rate= 0.036515
step= 196  sqrt(max_i v^_i)  = 0.164096  sqrt(sum_i v^_i)  = 2.732547  ratio= 0.060052  learning rate= 0.036564
step= 196  sqrt(max_i m^_i^2)= 0.100751  sqrt(sum_i m^_i^2)= 1.068062  ratio= 0.094331  learning rate= 0.036564
step= 197  sqrt(max_i v^_i)  = 0.163787  sqrt(sum_i v^_i)  = 2.732048  ratio= 0.059950  learning rate= 0.036633
step= 197  sqrt(max_i m^_i^2)= 0.100053  sqrt(sum_i m^_i^2)= 1.066238  ratio= 0.093837  learning rate= 0.036633
step= 198  sqrt(max_i v^_i)  = 0.163423  sqrt(sum_i v^_i)  = 2.731494  ratio= 0.059829  learning rate= 0.036714
step= 198  sqrt(max_i m^_i^2)= 0.097436  sqrt(sum_i m^_i^2)= 1.068398  ratio= 0.091198  learning rate= 0.036714
step= 199  sqrt(max_i v^_i)  = 0.163208  sqrt(sum_i v^_i)  = 2.731064  ratio= 0.059760  learning rate= 0.036763
step= 199  sqrt(max_i m^_i^2)= 0.099515  sqrt(sum_i m^_i^2)= 1.065246  ratio= 0.093420  learning rate= 0.036763
step= 200  sqrt(max_i v^_i)  = 0.162927  sqrt(sum_i v^_i)  = 2.730627  ratio= 0.059667  learning rate= 0.036826
step= 200  sqrt(max_i m^_i^2)= 0.099591  sqrt(sum_i m^_i^2)= 1.056236  ratio= 0.094289  learning rate= 0.036826
step= 201  sqrt(max_i v^_i)  = 0.162637  sqrt(sum_i v^_i)  = 2.730007  ratio= 0.059574  learning rate= 0.036892
step= 201  sqrt(max_i m^_i^2)= 0.099291  sqrt(sum_i m^_i^2)= 1.055632  ratio= 0.094058  learning rate= 0.036892
step= 202  sqrt(max_i v^_i)  = 0.162380  sqrt(sum_i v^_i)  = 2.729590  ratio= 0.059489  learning rate= 0.036950
step= 202  sqrt(max_i m^_i^2)= 0.099939  sqrt(sum_i m^_i^2)= 1.055593  ratio= 0.094676  learning rate= 0.036950
step= 203  sqrt(max_i v^_i)  = 0.162254  sqrt(sum_i v^_i)  = 2.729199  ratio= 0.059451  learning rate= 0.036979
step= 203  sqrt(max_i m^_i^2)= 0.103673  sqrt(sum_i m^_i^2)= 1.058380  ratio= 0.097954  learning rate= 0.036979
step= 204  sqrt(max_i v^_i)  = 0.162034  sqrt(sum_i v^_i)  = 2.728524  ratio= 0.059385  learning rate= 0.037029
step= 204  sqrt(max_i m^_i^2)= 0.104774  sqrt(sum_i m^_i^2)= 1.053516  ratio= 0.099452  learning rate= 0.037029
step= 205  sqrt(max_i v^_i)  = 0.161713  sqrt(sum_i v^_i)  = 2.728072  ratio= 0.059277  learning rate= 0.037103
step= 205  sqrt(max_i m^_i^2)= 0.102649  sqrt(sum_i m^_i^2)= 1.053061  ratio= 0.097477  learning rate= 0.037103
step= 206  sqrt(max_i v^_i)  = 0.161393  sqrt(sum_i v^_i)  = 2.727457  ratio= 0.059173  learning rate= 0.037176
step= 206  sqrt(max_i m^_i^2)= 0.100685  sqrt(sum_i m^_i^2)= 1.047414  ratio= 0.096127  learning rate= 0.037176
step= 207  sqrt(max_i v^_i)  = 0.161084  sqrt(sum_i v^_i)  = 2.727002  ratio= 0.059070  learning rate= 0.037247
step= 207  sqrt(max_i m^_i^2)= 0.099215  sqrt(sum_i m^_i^2)= 1.046472  ratio= 0.094809  learning rate= 0.037247
step= 208  sqrt(max_i v^_i)  = 0.160716  sqrt(sum_i v^_i)  = 2.726369  ratio= 0.058949  learning rate= 0.037333
step= 208  sqrt(max_i m^_i^2)= 0.095390  sqrt(sum_i m^_i^2)= 1.044328  ratio= 0.091341  learning rate= 0.037333
step= 209  sqrt(max_i v^_i)  = 0.160361  sqrt(sum_i v^_i)  = 2.725813  ratio= 0.058830  learning rate= 0.037415
step= 209  sqrt(max_i m^_i^2)= 0.092416  sqrt(sum_i m^_i^2)= 1.041692  ratio= 0.088717  learning rate= 0.037415
step= 210  sqrt(max_i v^_i)  = 0.160179  sqrt(sum_i v^_i)  = 2.725376  ratio= 0.058773  learning rate= 0.037458
step= 210  sqrt(max_i m^_i^2)= 0.095281  sqrt(sum_i m^_i^2)= 1.039416  ratio= 0.091668  learning rate= 0.037458
step= 211  sqrt(max_i v^_i)  = 0.159886  sqrt(sum_i v^_i)  = 2.724915  ratio= 0.058676  learning rate= 0.037526
step= 211  sqrt(max_i m^_i^2)= 0.094611  sqrt(sum_i m^_i^2)= 1.033710  ratio= 0.091526  learning rate= 0.037526
step= 212  sqrt(max_i v^_i)  = 0.159684  sqrt(sum_i v^_i)  = 2.724215  ratio= 0.058617  learning rate= 0.037574
step= 212  sqrt(max_i m^_i^2)= 0.096645  sqrt(sum_i m^_i^2)= 1.031362  ratio= 0.093706  learning rate= 0.037574
step= 213  sqrt(max_i v^_i)  = 0.159538  sqrt(sum_i v^_i)  = 2.723619  ratio= 0.058576  learning rate= 0.037608
step= 213  sqrt(max_i m^_i^2)= 0.099837  sqrt(sum_i m^_i^2)= 1.025555  ratio= 0.097350  learning rate= 0.037608
step= 214  sqrt(max_i v^_i)  = 0.159224  sqrt(sum_i v^_i)  = 2.723206  ratio= 0.058469  learning rate= 0.037682
step= 214  sqrt(max_i m^_i^2)= 0.097727  sqrt(sum_i m^_i^2)= 1.024453  ratio= 0.095394  learning rate= 0.037682
step= 215  sqrt(max_i v^_i)  = 0.158966  sqrt(sum_i v^_i)  = 2.722805  ratio= 0.058383  learning rate= 0.037744
step= 215  sqrt(max_i m^_i^2)= 0.097669  sqrt(sum_i m^_i^2)= 1.022583  ratio= 0.095512  learning rate= 0.037744
step= 216  sqrt(max_i v^_i)  = 0.158642  sqrt(sum_i v^_i)  = 2.722420  ratio= 0.058272  learning rate= 0.037821
step= 216  sqrt(max_i m^_i^2)= 0.095161  sqrt(sum_i m^_i^2)= 1.019620  ratio= 0.093330  learning rate= 0.037821
step= 217  sqrt(max_i v^_i)  = 0.158354  sqrt(sum_i v^_i)  = 2.722080  ratio= 0.058174  learning rate= 0.037889
step= 217  sqrt(max_i m^_i^2)= 0.094228  sqrt(sum_i m^_i^2)= 1.019259  ratio= 0.092447  learning rate= 0.037889
step= 218  sqrt(max_i v^_i)  = 0.158075  sqrt(sum_i v^_i)  = 2.721504  ratio= 0.058084  learning rate= 0.037956
step= 218  sqrt(max_i m^_i^2)= 0.093602  sqrt(sum_i m^_i^2)= 1.017958  ratio= 0.091951  learning rate= 0.037956
step= 219  sqrt(max_i v^_i)  = 0.157692  sqrt(sum_i v^_i)  = 2.720994  ratio= 0.057954  learning rate= 0.038049
step= 219  sqrt(max_i m^_i^2)= 0.087693  sqrt(sum_i m^_i^2)= 1.019555  ratio= 0.086011  learning rate= 0.038049
step= 220  sqrt(max_i v^_i)  = 0.157476  sqrt(sum_i v^_i)  = 2.720539  ratio= 0.057884  learning rate= 0.038101
step= 220  sqrt(max_i m^_i^2)= 0.089616  sqrt(sum_i m^_i^2)= 1.017019  ratio= 0.088117  learning rate= 0.038101
step= 221  sqrt(max_i v^_i)  = 0.157155  sqrt(sum_i v^_i)  = 2.719942  ratio= 0.057779  learning rate= 0.038179
step= 221  sqrt(max_i m^_i^2)= 0.087577  sqrt(sum_i m^_i^2)= 1.015790  ratio= 0.086215  learning rate= 0.038179
step= 222  sqrt(max_i v^_i)  = 0.156819  sqrt(sum_i v^_i)  = 2.719452  ratio= 0.057666  learning rate= 0.038261
step= 222  sqrt(max_i m^_i^2)= 0.084854  sqrt(sum_i m^_i^2)= 1.014729  ratio= 0.083623  learning rate= 0.038261
step= 223  sqrt(max_i v^_i)  = 0.156677  sqrt(sum_i v^_i)  = 2.719050  ratio= 0.057622  learning rate= 0.038295
step= 223  sqrt(max_i m^_i^2)= 0.088897  sqrt(sum_i m^_i^2)= 1.014445  ratio= 0.087631  learning rate= 0.038295
step= 224  sqrt(max_i v^_i)  = 0.156382  sqrt(sum_i v^_i)  = 2.718539  ratio= 0.057524  learning rate= 0.038367
step= 224  sqrt(max_i m^_i^2)= 0.087754  sqrt(sum_i m^_i^2)= 1.011740  ratio= 0.086736  learning rate= 0.038367
step= 225  sqrt(max_i v^_i)  = 0.156153  sqrt(sum_i v^_i)  = 2.718049  ratio= 0.057451  learning rate= 0.038424
step= 225  sqrt(max_i m^_i^2)= 0.089014  sqrt(sum_i m^_i^2)= 1.012242  ratio= 0.087938  learning rate= 0.038424
step= 226  sqrt(max_i v^_i)  = 0.155863  sqrt(sum_i v^_i)  = 2.717750  ratio= 0.057350  learning rate= 0.038495
step= 226  sqrt(max_i m^_i^2)= 0.087886  sqrt(sum_i m^_i^2)= 1.012810  ratio= 0.086774  learning rate= 0.038495
step= 227  sqrt(max_i v^_i)  = 0.155646  sqrt(sum_i v^_i)  = 2.717264  ratio= 0.057280  learning rate= 0.038549
step= 227  sqrt(max_i m^_i^2)= 0.089377  sqrt(sum_i m^_i^2)= 1.010496  ratio= 0.088449  learning rate= 0.038549
step= 228  sqrt(max_i v^_i)  = 0.155328  sqrt(sum_i v^_i)  = 2.716595  ratio= 0.057177  learning rate= 0.038628
step= 228  sqrt(max_i m^_i^2)= 0.086782  sqrt(sum_i m^_i^2)= 1.004207  ratio= 0.086418  learning rate= 0.038628
step= 229  sqrt(max_i v^_i)  = 0.155054  sqrt(sum_i v^_i)  = 2.716061  ratio= 0.057088  learning rate= 0.038696
step= 229  sqrt(max_i m^_i^2)= 0.086319  sqrt(sum_i m^_i^2)= 1.004135  ratio= 0.085964  learning rate= 0.038696
step= 230  sqrt(max_i v^_i)  = 0.154735  sqrt(sum_i v^_i)  = 2.715535  ratio= 0.056981  learning rate= 0.038776
step= 230  sqrt(max_i m^_i^2)= 0.083776  sqrt(sum_i m^_i^2)= 1.000553  ratio= 0.083730  learning rate= 0.038776
step= 231  sqrt(max_i v^_i)  = 0.154450  sqrt(sum_i v^_i)  = 2.715138  ratio= 0.056885  learning rate= 0.038847
step= 231  sqrt(max_i m^_i^2)= 0.083007  sqrt(sum_i m^_i^2)= 1.000715  ratio= 0.082948  learning rate= 0.038847
step= 232  sqrt(max_i v^_i)  = 0.154260  sqrt(sum_i v^_i)  = 2.714777  ratio= 0.056822  learning rate= 0.038895
step= 232  sqrt(max_i m^_i^2)= 0.085514  sqrt(sum_i m^_i^2)= 0.999548  ratio= 0.085552  learning rate= 0.038895
step= 233  sqrt(max_i v^_i)  = 0.153930  sqrt(sum_i v^_i)  = 2.714359  ratio= 0.056709  learning rate= 0.038979
step= 233  sqrt(max_i m^_i^2)= 0.082089  sqrt(sum_i m^_i^2)= 0.996853  ratio= 0.082348  learning rate= 0.038979
step= 234  sqrt(max_i v^_i)  = 0.153747  sqrt(sum_i v^_i)  = 2.713865  ratio= 0.056652  learning rate= 0.039025
step= 234  sqrt(max_i m^_i^2)= 0.084825  sqrt(sum_i m^_i^2)= 0.991166  ratio= 0.085581  learning rate= 0.039025
step= 235  sqrt(max_i v^_i)  = 0.153448  sqrt(sum_i v^_i)  = 2.713459  ratio= 0.056551  learning rate= 0.039101
step= 235  sqrt(max_i m^_i^2)= 0.082953  sqrt(sum_i m^_i^2)= 0.988646  ratio= 0.083906  learning rate= 0.039101
step= 236  sqrt(max_i v^_i)  = 0.153223  sqrt(sum_i v^_i)  = 2.712995  ratio= 0.056478  learning rate= 0.039158
step= 236  sqrt(max_i m^_i^2)= 0.084181  sqrt(sum_i m^_i^2)= 0.992194  ratio= 0.084843  learning rate= 0.039158
step= 237  sqrt(max_i v^_i)  = 0.153054  sqrt(sum_i v^_i)  = 2.712718  ratio= 0.056421  learning rate= 0.039202
step= 237  sqrt(max_i m^_i^2)= 0.086952  sqrt(sum_i m^_i^2)= 0.994098  ratio= 0.087468  learning rate= 0.039202
step= 238  sqrt(max_i v^_i)  = 0.152752  sqrt(sum_i v^_i)  = 2.712234  ratio= 0.056320  learning rate= 0.039279
step= 238  sqrt(max_i m^_i^2)= 0.084491  sqrt(sum_i m^_i^2)= 0.988273  ratio= 0.085493  learning rate= 0.039279
step= 239  sqrt(max_i v^_i)  = 0.152472  sqrt(sum_i v^_i)  = 2.711762  ratio= 0.056226  learning rate= 0.039351
step= 239  sqrt(max_i m^_i^2)= 0.083233  sqrt(sum_i m^_i^2)= 0.987658  ratio= 0.084273  learning rate= 0.039351
step= 240  sqrt(max_i v^_i)  = 0.152188  sqrt(sum_i v^_i)  = 2.711254  ratio= 0.056132  learning rate= 0.039425
step= 240  sqrt(max_i m^_i^2)= 0.081787  sqrt(sum_i m^_i^2)= 0.985870  ratio= 0.082959  learning rate= 0.039425
step= 241  sqrt(max_i v^_i)  = 0.151948  sqrt(sum_i v^_i)  = 2.710803  ratio= 0.056053  learning rate= 0.039487
step= 241  sqrt(max_i m^_i^2)= 0.082284  sqrt(sum_i m^_i^2)= 0.983794  ratio= 0.083640  learning rate= 0.039487
step= 242  sqrt(max_i v^_i)  = 0.151696  sqrt(sum_i v^_i)  = 2.710417  ratio= 0.055968  learning rate= 0.039552
step= 242  sqrt(max_i m^_i^2)= 0.082218  sqrt(sum_i m^_i^2)= 0.986790  ratio= 0.083318  learning rate= 0.039552
step= 243  sqrt(max_i v^_i)  = 0.151416  sqrt(sum_i v^_i)  = 2.709963  ratio= 0.055874  learning rate= 0.039626
step= 243  sqrt(max_i m^_i^2)= 0.080836  sqrt(sum_i m^_i^2)= 0.984164  ratio= 0.082137  learning rate= 0.039626
step= 244  sqrt(max_i v^_i)  = 0.151133  sqrt(sum_i v^_i)  = 2.709687  ratio= 0.055775  learning rate= 0.039700
step= 244  sqrt(max_i m^_i^2)= 0.079369  sqrt(sum_i m^_i^2)= 0.980031  ratio= 0.080987  learning rate= 0.039700
step= 245  sqrt(max_i v^_i)  = 0.150847  sqrt(sum_i v^_i)  = 2.709314  ratio= 0.055677  learning rate= 0.039775
step= 245  sqrt(max_i m^_i^2)= 0.078925  sqrt(sum_i m^_i^2)= 0.982130  ratio= 0.080361  learning rate= 0.039775
step= 246  sqrt(max_i v^_i)  = 0.150574  sqrt(sum_i v^_i)  = 2.708908  ratio= 0.055585  learning rate= 0.039847
step= 246  sqrt(max_i m^_i^2)= 0.077546  sqrt(sum_i m^_i^2)= 0.982092  ratio= 0.078960  learning rate= 0.039847
step= 247  sqrt(max_i v^_i)  = 0.150403  sqrt(sum_i v^_i)  = 2.708290  ratio= 0.055534  learning rate= 0.039893
step= 247  sqrt(max_i m^_i^2)= 0.082130  sqrt(sum_i m^_i^2)= 0.975396  ratio= 0.084202  learning rate= 0.039893
step= 248  sqrt(max_i v^_i)  = 0.150137  sqrt(sum_i v^_i)  = 2.707859  ratio= 0.055445  learning rate= 0.039963
step= 248  sqrt(max_i m^_i^2)= 0.080430  sqrt(sum_i m^_i^2)= 0.972849  ratio= 0.082675  learning rate= 0.039963
step= 249  sqrt(max_i v^_i)  = 0.149813  sqrt(sum_i v^_i)  = 2.707381  ratio= 0.055335  learning rate= 0.040050
step= 249  sqrt(max_i m^_i^2)= 0.074462  sqrt(sum_i m^_i^2)= 0.968472  ratio= 0.076886  learning rate= 0.040050
step= 250  sqrt(max_i v^_i)  = 0.149565  sqrt(sum_i v^_i)  = 2.706883  ratio= 0.055253  learning rate= 0.040116
step= 250  sqrt(max_i m^_i^2)= 0.074763  sqrt(sum_i m^_i^2)= 0.968728  ratio= 0.077177  learning rate= 0.040116
step= 251  sqrt(max_i v^_i)  = 0.149251  sqrt(sum_i v^_i)  = 2.706264  ratio= 0.055150  learning rate= 0.040200
step= 251  sqrt(max_i m^_i^2)= 0.071259  sqrt(sum_i m^_i^2)= 0.963706  ratio= 0.073942  learning rate= 0.040200
step= 252  sqrt(max_i v^_i)  = 0.149052  sqrt(sum_i v^_i)  = 2.705837  ratio= 0.055085  learning rate= 0.040254
step= 252  sqrt(max_i m^_i^2)= 0.073627  sqrt(sum_i m^_i^2)= 0.959482  ratio= 0.076736  learning rate= 0.040254
step= 253  sqrt(max_i v^_i)  = 0.148837  sqrt(sum_i v^_i)  = 2.705521  ratio= 0.055012  learning rate= 0.040312
step= 253  sqrt(max_i m^_i^2)= 0.075137  sqrt(sum_i m^_i^2)= 0.958223  ratio= 0.078413  learning rate= 0.040312
step= 254  sqrt(max_i v^_i)  = 0.148556  sqrt(sum_i v^_i)  = 2.705006  ratio= 0.054919  learning rate= 0.040388
step= 254  sqrt(max_i m^_i^2)= 0.073490  sqrt(sum_i m^_i^2)= 0.953847  ratio= 0.077046  learning rate= 0.040388
step= 255  sqrt(max_i v^_i)  = 0.148277  sqrt(sum_i v^_i)  = 2.704508  ratio= 0.054826  learning rate= 0.040465
step= 255  sqrt(max_i m^_i^2)= 0.071970  sqrt(sum_i m^_i^2)= 0.950539  ratio= 0.075715  learning rate= 0.040465
step= 256  sqrt(max_i v^_i)  = 0.147988  sqrt(sum_i v^_i)  = 2.704218  ratio= 0.054725  learning rate= 0.040544
step= 256  sqrt(max_i m^_i^2)= 0.069923  sqrt(sum_i m^_i^2)= 0.953444  ratio= 0.073337  learning rate= 0.040544
step= 257  sqrt(max_i v^_i)  = 0.147682  sqrt(sum_i v^_i)  = 2.703873  ratio= 0.054619  learning rate= 0.040627
step= 257  sqrt(max_i m^_i^2)= 0.071354  sqrt(sum_i m^_i^2)= 0.952035  ratio= 0.074949  learning rate= 0.040627
step= 258  sqrt(max_i v^_i)  = 0.147445  sqrt(sum_i v^_i)  = 2.703477  ratio= 0.054539  learning rate= 0.040693
step= 258  sqrt(max_i m^_i^2)= 0.073643  sqrt(sum_i m^_i^2)= 0.945379  ratio= 0.077898  learning rate= 0.040693
step= 259  sqrt(max_i v^_i)  = 0.147175  sqrt(sum_i v^_i)  = 2.702882  ratio= 0.054451  learning rate= 0.040768
step= 259  sqrt(max_i m^_i^2)= 0.068908  sqrt(sum_i m^_i^2)= 0.943289  ratio= 0.073051  learning rate= 0.040768
step= 260  sqrt(max_i v^_i)  = 0.146892  sqrt(sum_i v^_i)  = 2.702573  ratio= 0.054353  learning rate= 0.040846
step= 260  sqrt(max_i m^_i^2)= 0.069500  sqrt(sum_i m^_i^2)= 0.939710  ratio= 0.073959  learning rate= 0.040846
step= 261  sqrt(max_i v^_i)  = 0.146710  sqrt(sum_i v^_i)  = 2.702215  ratio= 0.054293  learning rate= 0.040897
step= 261  sqrt(max_i m^_i^2)= 0.069062  sqrt(sum_i m^_i^2)= 0.941628  ratio= 0.073343  learning rate= 0.040897
step= 262  sqrt(max_i v^_i)  = 0.146417  sqrt(sum_i v^_i)  = 2.701592  ratio= 0.054197  learning rate= 0.040979
step= 262  sqrt(max_i m^_i^2)= 0.065708  sqrt(sum_i m^_i^2)= 0.939014  ratio= 0.069975  learning rate= 0.040979
step= 263  sqrt(max_i v^_i)  = 0.146228  sqrt(sum_i v^_i)  = 2.701073  ratio= 0.054137  learning rate= 0.041031
step= 263  sqrt(max_i m^_i^2)= 0.068437  sqrt(sum_i m^_i^2)= 0.936458  ratio= 0.073081  learning rate= 0.041031
step= 264  sqrt(max_i v^_i)  = 0.145959  sqrt(sum_i v^_i)  = 2.700588  ratio= 0.054047  learning rate= 0.041107
step= 264  sqrt(max_i m^_i^2)= 0.067202  sqrt(sum_i m^_i^2)= 0.936872  ratio= 0.071730  learning rate= 0.041107
step= 265  sqrt(max_i v^_i)  = 0.145757  sqrt(sum_i v^_i)  = 2.700256  ratio= 0.053979  learning rate= 0.041164
step= 265  sqrt(max_i m^_i^2)= 0.069195  sqrt(sum_i m^_i^2)= 0.938048  ratio= 0.073765  learning rate= 0.041164
step= 266  sqrt(max_i v^_i)  = 0.145479  sqrt(sum_i v^_i)  = 2.699640  ratio= 0.053888  learning rate= 0.041243
step= 266  sqrt(max_i m^_i^2)= 0.067059  sqrt(sum_i m^_i^2)= 0.932707  ratio= 0.071897  learning rate= 0.041243
step= 267  sqrt(max_i v^_i)  = 0.145312  sqrt(sum_i v^_i)  = 2.699334  ratio= 0.053833  learning rate= 0.041290
step= 267  sqrt(max_i m^_i^2)= 0.070250  sqrt(sum_i m^_i^2)= 0.936486  ratio= 0.075015  learning rate= 0.041290
step= 268  sqrt(max_i v^_i)  = 0.145094  sqrt(sum_i v^_i)  = 2.698917  ratio= 0.053760  learning rate= 0.041352
step= 268  sqrt(max_i m^_i^2)= 0.071104  sqrt(sum_i m^_i^2)= 0.933717  ratio= 0.076151  learning rate= 0.041352
step= 269  sqrt(max_i v^_i)  = 0.144832  sqrt(sum_i v^_i)  = 2.698405  ratio= 0.053673  learning rate= 0.041427
step= 269  sqrt(max_i m^_i^2)= 0.069586  sqrt(sum_i m^_i^2)= 0.935620  ratio= 0.074374  learning rate= 0.041427
step= 270  sqrt(max_i v^_i)  = 0.144595  sqrt(sum_i v^_i)  = 2.698054  ratio= 0.053592  learning rate= 0.041495
step= 270  sqrt(max_i m^_i^2)= 0.069512  sqrt(sum_i m^_i^2)= 0.935046  ratio= 0.074341  learning rate= 0.041495
step= 271  sqrt(max_i v^_i)  = 0.144324  sqrt(sum_i v^_i)  = 2.697790  ratio= 0.053497  learning rate= 0.041573
step= 271  sqrt(max_i m^_i^2)= 0.067412  sqrt(sum_i m^_i^2)= 0.932563  ratio= 0.072287  learning rate= 0.041573
step= 272  sqrt(max_i v^_i)  = 0.144083  sqrt(sum_i v^_i)  = 2.697228  ratio= 0.053419  learning rate= 0.041642
step= 272  sqrt(max_i m^_i^2)= 0.067170  sqrt(sum_i m^_i^2)= 0.928474  ratio= 0.072344  learning rate= 0.041642
step= 273  sqrt(max_i v^_i)  = 0.143843  sqrt(sum_i v^_i)  = 2.696709  ratio= 0.053340  learning rate= 0.041712
step= 273  sqrt(max_i m^_i^2)= 0.066970  sqrt(sum_i m^_i^2)= 0.924528  ratio= 0.072437  learning rate= 0.041712
step= 274  sqrt(max_i v^_i)  = 0.143672  sqrt(sum_i v^_i)  = 2.696424  ratio= 0.053282  learning rate= 0.041762
step= 274  sqrt(max_i m^_i^2)= 0.069697  sqrt(sum_i m^_i^2)= 0.928873  ratio= 0.075034  learning rate= 0.041762
step= 275  sqrt(max_i v^_i)  = 0.143401  sqrt(sum_i v^_i)  = 2.696116  ratio= 0.053188  learning rate= 0.041840
step= 275  sqrt(max_i m^_i^2)= 0.071039  sqrt(sum_i m^_i^2)= 0.925314  ratio= 0.076772  learning rate= 0.041840
step= 276  sqrt(max_i v^_i)  = 0.143230  sqrt(sum_i v^_i)  = 2.695693  ratio= 0.053133  learning rate= 0.041890
step= 276  sqrt(max_i m^_i^2)= 0.069774  sqrt(sum_i m^_i^2)= 0.921026  ratio= 0.075757  learning rate= 0.041890
step= 277  sqrt(max_i v^_i)  = 0.142994  sqrt(sum_i v^_i)  = 2.695327  ratio= 0.053053  learning rate= 0.041959
step= 277  sqrt(max_i m^_i^2)= 0.069291  sqrt(sum_i m^_i^2)= 0.920697  ratio= 0.075259  learning rate= 0.041959
step= 278  sqrt(max_i v^_i)  = 0.142729  sqrt(sum_i v^_i)  = 2.694855  ratio= 0.052964  learning rate= 0.042037
step= 278  sqrt(max_i m^_i^2)= 0.066900  sqrt(sum_i m^_i^2)= 0.916141  ratio= 0.073023  learning rate= 0.042037
step= 279  sqrt(max_i v^_i)  = 0.142514  sqrt(sum_i v^_i)  = 2.694410  ratio= 0.052893  learning rate= 0.042101
step= 279  sqrt(max_i m^_i^2)= 0.067577  sqrt(sum_i m^_i^2)= 0.915012  ratio= 0.073853  learning rate= 0.042101
step= 280  sqrt(max_i v^_i)  = 0.142306  sqrt(sum_i v^_i)  = 2.694088  ratio= 0.052822  learning rate= 0.042162
step= 280  sqrt(max_i m^_i^2)= 0.068437  sqrt(sum_i m^_i^2)= 0.915106  ratio= 0.074786  learning rate= 0.042162
step= 281  sqrt(max_i v^_i)  = 0.142051  sqrt(sum_i v^_i)  = 2.693751  ratio= 0.052733  learning rate= 0.042238
step= 281  sqrt(max_i m^_i^2)= 0.066575  sqrt(sum_i m^_i^2)= 0.917035  ratio= 0.072598  learning rate= 0.042238
step= 282  sqrt(max_i v^_i)  = 0.141785  sqrt(sum_i v^_i)  = 2.693359  ratio= 0.052643  learning rate= 0.042317
step= 282  sqrt(max_i m^_i^2)= 0.064552  sqrt(sum_i m^_i^2)= 0.916175  ratio= 0.070458  learning rate= 0.042317
step= 283  sqrt(max_i v^_i)  = 0.141560  sqrt(sum_i v^_i)  = 2.693015  ratio= 0.052566  learning rate= 0.042385
step= 283  sqrt(max_i m^_i^2)= 0.066633  sqrt(sum_i m^_i^2)= 0.917882  ratio= 0.072594  learning rate= 0.042385
step= 284  sqrt(max_i v^_i)  = 0.141319  sqrt(sum_i v^_i)  = 2.692594  ratio= 0.052484  learning rate= 0.042457
step= 284  sqrt(max_i m^_i^2)= 0.066564  sqrt(sum_i m^_i^2)= 0.916709  ratio= 0.072612  learning rate= 0.042457
step= 285  sqrt(max_i v^_i)  = 0.141069  sqrt(sum_i v^_i)  = 2.692272  ratio= 0.052398  learning rate= 0.042532
step= 285  sqrt(max_i m^_i^2)= 0.064560  sqrt(sum_i m^_i^2)= 0.914437  ratio= 0.070601  learning rate= 0.042532
step= 286  sqrt(max_i v^_i)  = 0.140805  sqrt(sum_i v^_i)  = 2.691863  ratio= 0.052308  learning rate= 0.042612
step= 286  sqrt(max_i m^_i^2)= 0.066257  sqrt(sum_i m^_i^2)= 0.916278  ratio= 0.072311  learning rate= 0.042612
step= 287  sqrt(max_i v^_i)  = 0.140596  sqrt(sum_i v^_i)  = 2.691373  ratio= 0.052239  learning rate= 0.042675
step= 287  sqrt(max_i m^_i^2)= 0.070024  sqrt(sum_i m^_i^2)= 0.914250  ratio= 0.076592  learning rate= 0.042675
step= 288  sqrt(max_i v^_i)  = 0.140398  sqrt(sum_i v^_i)  = 2.691012  ratio= 0.052173  learning rate= 0.042735
step= 288  sqrt(max_i m^_i^2)= 0.072920  sqrt(sum_i m^_i^2)= 0.913458  ratio= 0.079829  learning rate= 0.042735
step= 289  sqrt(max_i v^_i)  = 0.140204  sqrt(sum_i v^_i)  = 2.690586  ratio= 0.052109  learning rate= 0.042795
step= 289  sqrt(max_i m^_i^2)= 0.072395  sqrt(sum_i m^_i^2)= 0.911615  ratio= 0.079414  learning rate= 0.042795
step= 290  sqrt(max_i v^_i)  = 0.139943  sqrt(sum_i v^_i)  = 2.690176  ratio= 0.052020  learning rate= 0.042874
step= 290  sqrt(max_i m^_i^2)= 0.072893  sqrt(sum_i m^_i^2)= 0.908419  ratio= 0.080241  learning rate= 0.042874
step= 291  sqrt(max_i v^_i)  = 0.139681  sqrt(sum_i v^_i)  = 2.689644  ratio= 0.051933  learning rate= 0.042955
step= 291  sqrt(max_i m^_i^2)= 0.070428  sqrt(sum_i m^_i^2)= 0.905278  ratio= 0.077797  learning rate= 0.042955
step= 292  sqrt(max_i v^_i)  = 0.139463  sqrt(sum_i v^_i)  = 2.689100  ratio= 0.051862  learning rate= 0.043022
step= 292  sqrt(max_i m^_i^2)= 0.067092  sqrt(sum_i m^_i^2)= 0.904376  ratio= 0.074186  learning rate= 0.043022
step= 293  sqrt(max_i v^_i)  = 0.139266  sqrt(sum_i v^_i)  = 2.688719  ratio= 0.051796  learning rate= 0.043083
step= 293  sqrt(max_i m^_i^2)= 0.063092  sqrt(sum_i m^_i^2)= 0.901697  ratio= 0.069971  learning rate= 0.043083
step= 294  sqrt(max_i v^_i)  = 0.139016  sqrt(sum_i v^_i)  = 2.688195  ratio= 0.051714  learning rate= 0.043160
step= 294  sqrt(max_i m^_i^2)= 0.060962  sqrt(sum_i m^_i^2)= 0.896410  ratio= 0.068007  learning rate= 0.043160
step= 295  sqrt(max_i v^_i)  = 0.138763  sqrt(sum_i v^_i)  = 2.687770  ratio= 0.051628  learning rate= 0.043239
step= 295  sqrt(max_i m^_i^2)= 0.058462  sqrt(sum_i m^_i^2)= 0.898055  ratio= 0.065098  learning rate= 0.043239
step= 296  sqrt(max_i v^_i)  = 0.138545  sqrt(sum_i v^_i)  = 2.687221  ratio= 0.051557  learning rate= 0.043307
step= 296  sqrt(max_i m^_i^2)= 0.056735  sqrt(sum_i m^_i^2)= 0.894874  ratio= 0.063400  learning rate= 0.043307
step= 297  sqrt(max_i v^_i)  = 0.138298  sqrt(sum_i v^_i)  = 2.686689  ratio= 0.051475  learning rate= 0.043384
step= 297  sqrt(max_i m^_i^2)= 0.059849  sqrt(sum_i m^_i^2)= 0.894881  ratio= 0.066879  learning rate= 0.043384
step= 298  sqrt(max_i v^_i)  = 0.138044  sqrt(sum_i v^_i)  = 2.686528  ratio= 0.051384  learning rate= 0.043464
step= 298  sqrt(max_i m^_i^2)= 0.058712  sqrt(sum_i m^_i^2)= 0.896412  ratio= 0.065497  learning rate= 0.043464
step= 299  sqrt(max_i v^_i)  = 0.137815  sqrt(sum_i v^_i)  = 2.686119  ratio= 0.051307  learning rate= 0.043536
step= 299  sqrt(max_i m^_i^2)= 0.059349  sqrt(sum_i m^_i^2)= 0.896712  ratio= 0.066185  learning rate= 0.043536
step= 300  sqrt(max_i v^_i)  = 0.137556  sqrt(sum_i v^_i)  = 2.685819  ratio= 0.051216  learning rate= 0.043618
step= 300  sqrt(max_i m^_i^2)= 0.062364  sqrt(sum_i m^_i^2)= 0.896422  ratio= 0.069570  learning rate= 0.043618
step= 301  sqrt(max_i v^_i)  = 0.137311  sqrt(sum_i v^_i)  = 2.685484  ratio= 0.051131  learning rate= 0.043696
step= 301  sqrt(max_i m^_i^2)= 0.058127  sqrt(sum_i m^_i^2)= 0.892563  ratio= 0.065124  learning rate= 0.043696
step= 302  sqrt(max_i v^_i)  = 0.137079  sqrt(sum_i v^_i)  = 2.685025  ratio= 0.051053  learning rate= 0.043770
step= 302  sqrt(max_i m^_i^2)= 0.057886  sqrt(sum_i m^_i^2)= 0.892635  ratio= 0.064848  learning rate= 0.043770
step= 303  sqrt(max_i v^_i)  = 0.136858  sqrt(sum_i v^_i)  = 2.684672  ratio= 0.050978  learning rate= 0.043841
step= 303  sqrt(max_i m^_i^2)= 0.057881  sqrt(sum_i m^_i^2)= 0.889741  ratio= 0.065054  learning rate= 0.043841
step= 304  sqrt(max_i v^_i)  = 0.136671  sqrt(sum_i v^_i)  = 2.684341  ratio= 0.050914  learning rate= 0.043901
step= 304  sqrt(max_i m^_i^2)= 0.057734  sqrt(sum_i m^_i^2)= 0.889469  ratio= 0.064908  learning rate= 0.043901
step= 305  sqrt(max_i v^_i)  = 0.136418  sqrt(sum_i v^_i)  = 2.684036  ratio= 0.050826  learning rate= 0.043982
step= 305  sqrt(max_i m^_i^2)= 0.062151  sqrt(sum_i m^_i^2)= 0.890213  ratio= 0.069816  learning rate= 0.043982
step= 306  sqrt(max_i v^_i)  = 0.136212  sqrt(sum_i v^_i)  = 2.683560  ratio= 0.050758  learning rate= 0.044049
step= 306  sqrt(max_i m^_i^2)= 0.057589  sqrt(sum_i m^_i^2)= 0.888205  ratio= 0.064837  learning rate= 0.044049
step= 307  sqrt(max_i v^_i)  = 0.135999  sqrt(sum_i v^_i)  = 2.683027  ratio= 0.050689  learning rate= 0.044118
step= 307  sqrt(max_i m^_i^2)= 0.059308  sqrt(sum_i m^_i^2)= 0.884601  ratio= 0.067045  learning rate= 0.044118
step= 308  sqrt(max_i v^_i)  = 0.135847  sqrt(sum_i v^_i)  = 2.682787  ratio= 0.050637  learning rate= 0.044167
step= 308  sqrt(max_i m^_i^2)= 0.063768  sqrt(sum_i m^_i^2)= 0.886272  ratio= 0.071951  learning rate= 0.044167
step= 309  sqrt(max_i v^_i)  = 0.135707  sqrt(sum_i v^_i)  = 2.682247  ratio= 0.050594  learning rate= 0.044213
step= 309  sqrt(max_i m^_i^2)= 0.060015  sqrt(sum_i m^_i^2)= 0.881955  ratio= 0.068048  learning rate= 0.044213
step= 310  sqrt(max_i v^_i)  = 0.135536  sqrt(sum_i v^_i)  = 2.681758  ratio= 0.050540  learning rate= 0.044268
step= 310  sqrt(max_i m^_i^2)= 0.059819  sqrt(sum_i m^_i^2)= 0.878656  ratio= 0.068081  learning rate= 0.044268
step= 311  sqrt(max_i v^_i)  = 0.135299  sqrt(sum_i v^_i)  = 2.681349  ratio= 0.050459  learning rate= 0.044346
step= 311  sqrt(max_i m^_i^2)= 0.057312  sqrt(sum_i m^_i^2)= 0.876519  ratio= 0.065386  learning rate= 0.044346
step= 312  sqrt(max_i v^_i)  = 0.135109  sqrt(sum_i v^_i)  = 2.681051  ratio= 0.050394  learning rate= 0.044408
step= 312  sqrt(max_i m^_i^2)= 0.058336  sqrt(sum_i m^_i^2)= 0.876497  ratio= 0.066556  learning rate= 0.044408
step= 313  sqrt(max_i v^_i)  = 0.134898  sqrt(sum_i v^_i)  = 2.680643  ratio= 0.050323  learning rate= 0.044478
step= 313  sqrt(max_i m^_i^2)= 0.057880  sqrt(sum_i m^_i^2)= 0.875909  ratio= 0.066081  learning rate= 0.044478
step= 314  sqrt(max_i v^_i)  = 0.134692  sqrt(sum_i v^_i)  = 2.680303  ratio= 0.050253  learning rate= 0.044546
step= 314  sqrt(max_i m^_i^2)= 0.057792  sqrt(sum_i m^_i^2)= 0.879710  ratio= 0.065694  learning rate= 0.044546
step= 315  sqrt(max_i v^_i)  = 0.134480  sqrt(sum_i v^_i)  = 2.679910  ratio= 0.050181  learning rate= 0.044616
step= 315  sqrt(max_i m^_i^2)= 0.057232  sqrt(sum_i m^_i^2)= 0.880633  ratio= 0.064989  learning rate= 0.044616
step= 316  sqrt(max_i v^_i)  = 0.134348  sqrt(sum_i v^_i)  = 2.679617  ratio= 0.050137  learning rate= 0.044660
step= 316  sqrt(max_i m^_i^2)= 0.060718  sqrt(sum_i m^_i^2)= 0.879354  ratio= 0.069048  learning rate= 0.044660
step= 317  sqrt(max_i v^_i)  = 0.134154  sqrt(sum_i v^_i)  = 2.679294  ratio= 0.050071  learning rate= 0.044724
step= 317  sqrt(max_i m^_i^2)= 0.060849  sqrt(sum_i m^_i^2)= 0.880936  ratio= 0.069073  learning rate= 0.044724
step= 318  sqrt(max_i v^_i)  = 0.133942  sqrt(sum_i v^_i)  = 2.678861  ratio= 0.050000  learning rate= 0.044795
step= 318  sqrt(max_i m^_i^2)= 0.061028  sqrt(sum_i m^_i^2)= 0.878011  ratio= 0.069508  learning rate= 0.044795
step= 319  sqrt(max_i v^_i)  = 0.133739  sqrt(sum_i v^_i)  = 2.678393  ratio= 0.049933  learning rate= 0.044863
step= 319  sqrt(max_i m^_i^2)= 0.060718  sqrt(sum_i m^_i^2)= 0.876070  ratio= 0.069308  learning rate= 0.044863
step= 320  sqrt(max_i v^_i)  = 0.133504  sqrt(sum_i v^_i)  = 2.678227  ratio= 0.049848  learning rate= 0.044942
step= 320  sqrt(max_i m^_i^2)= 0.061410  sqrt(sum_i m^_i^2)= 0.875556  ratio= 0.070139  learning rate= 0.044942
step= 321  sqrt(max_i v^_i)  = 0.133402  sqrt(sum_i v^_i)  = 2.677993  ratio= 0.049814  learning rate= 0.044976
step= 321  sqrt(max_i m^_i^2)= 0.060578  sqrt(sum_i m^_i^2)= 0.874776  ratio= 0.069249  learning rate= 0.044976
step= 322  sqrt(max_i v^_i)  = 0.133223  sqrt(sum_i v^_i)  = 2.677637  ratio= 0.049754  learning rate= 0.045037
step= 322  sqrt(max_i m^_i^2)= 0.062919  sqrt(sum_i m^_i^2)= 0.875800  ratio= 0.071842  learning rate= 0.045037
step= 323  sqrt(max_i v^_i)  = 0.133007  sqrt(sum_i v^_i)  = 2.677111  ratio= 0.049683  learning rate= 0.045110
step= 323  sqrt(max_i m^_i^2)= 0.064104  sqrt(sum_i m^_i^2)= 0.871980  ratio= 0.073515  learning rate= 0.045110
step= 324  sqrt(max_i v^_i)  = 0.132837  sqrt(sum_i v^_i)  = 2.677015  ratio= 0.049621  learning rate= 0.045168
step= 324  sqrt(max_i m^_i^2)= 0.061286  sqrt(sum_i m^_i^2)= 0.874230  ratio= 0.070103  learning rate= 0.045168
step= 325  sqrt(max_i v^_i)  = 0.132633  sqrt(sum_i v^_i)  = 2.676674  ratio= 0.049551  learning rate= 0.045237
step= 325  sqrt(max_i m^_i^2)= 0.059798  sqrt(sum_i m^_i^2)= 0.871016  ratio= 0.068653  learning rate= 0.045237
step= 326  sqrt(max_i v^_i)  = 0.132478  sqrt(sum_i v^_i)  = 2.676211  ratio= 0.049502  learning rate= 0.045290
step= 326  sqrt(max_i m^_i^2)= 0.062931  sqrt(sum_i m^_i^2)= 0.868845  ratio= 0.072431  learning rate= 0.045290
step= 327  sqrt(max_i v^_i)  = 0.132296  sqrt(sum_i v^_i)  = 2.675838  ratio= 0.049441  learning rate= 0.045352
step= 327  sqrt(max_i m^_i^2)= 0.061935  sqrt(sum_i m^_i^2)= 0.867440  ratio= 0.071400  learning rate= 0.045352
step= 328  sqrt(max_i v^_i)  = 0.132132  sqrt(sum_i v^_i)  = 2.675524  ratio= 0.049386  learning rate= 0.045409
step= 328  sqrt(max_i m^_i^2)= 0.063071  sqrt(sum_i m^_i^2)= 0.867024  ratio= 0.072744  learning rate= 0.045409
step= 329  sqrt(max_i v^_i)  = 0.131901  sqrt(sum_i v^_i)  = 2.675062  ratio= 0.049308  learning rate= 0.045488
step= 329  sqrt(max_i m^_i^2)= 0.059602  sqrt(sum_i m^_i^2)= 0.864139  ratio= 0.068973  learning rate= 0.045488
step= 330  sqrt(max_i v^_i)  = 0.131689  sqrt(sum_i v^_i)  = 2.674973  ratio= 0.049230  learning rate= 0.045562
step= 330  sqrt(max_i m^_i^2)= 0.056824  sqrt(sum_i m^_i^2)= 0.867404  ratio= 0.065510  learning rate= 0.045562
step= 331  sqrt(max_i v^_i)  = 0.131456  sqrt(sum_i v^_i)  = 2.674520  ratio= 0.049151  learning rate= 0.045642
step= 331  sqrt(max_i m^_i^2)= 0.057145  sqrt(sum_i m^_i^2)= 0.861129  ratio= 0.066361  learning rate= 0.045642
step= 332  sqrt(max_i v^_i)  = 0.131256  sqrt(sum_i v^_i)  = 2.674071  ratio= 0.049085  learning rate= 0.045712
step= 332  sqrt(max_i m^_i^2)= 0.052980  sqrt(sum_i m^_i^2)= 0.859013  ratio= 0.061676  learning rate= 0.045712
step= 333  sqrt(max_i v^_i)  = 0.131060  sqrt(sum_i v^_i)  = 2.673769  ratio= 0.049017  learning rate= 0.045780
step= 333  sqrt(max_i m^_i^2)= 0.057970  sqrt(sum_i m^_i^2)= 0.860590  ratio= 0.067361  learning rate= 0.045780
step= 334  sqrt(max_i v^_i)  = 0.130896  sqrt(sum_i v^_i)  = 2.673271  ratio= 0.048965  learning rate= 0.045838
step= 334  sqrt(max_i m^_i^2)= 0.053260  sqrt(sum_i m^_i^2)= 0.859835  ratio= 0.061942  learning rate= 0.045838
step= 335  sqrt(max_i v^_i)  = 0.130721  sqrt(sum_i v^_i)  = 2.672786  ratio= 0.048908  learning rate= 0.045899
step= 335  sqrt(max_i m^_i^2)= 0.054328  sqrt(sum_i m^_i^2)= 0.858833  ratio= 0.063258  learning rate= 0.045899
step= 336  sqrt(max_i v^_i)  = 0.130495  sqrt(sum_i v^_i)  = 2.672456  ratio= 0.048830  learning rate= 0.045978
step= 336  sqrt(max_i m^_i^2)= 0.050481  sqrt(sum_i m^_i^2)= 0.856040  ratio= 0.058971  learning rate= 0.045978
step= 337  sqrt(max_i v^_i)  = 0.130317  sqrt(sum_i v^_i)  = 2.672034  ratio= 0.048771  learning rate= 0.046041
step= 337  sqrt(max_i m^_i^2)= 0.051583  sqrt(sum_i m^_i^2)= 0.853281  ratio= 0.060452  learning rate= 0.046041
step= 338  sqrt(max_i v^_i)  = 0.130102  sqrt(sum_i v^_i)  = 2.671693  ratio= 0.048697  learning rate= 0.046117
step= 338  sqrt(max_i m^_i^2)= 0.050041  sqrt(sum_i m^_i^2)= 0.855361  ratio= 0.058503  learning rate= 0.046117
step= 339  sqrt(max_i v^_i)  = 0.129922  sqrt(sum_i v^_i)  = 2.671320  ratio= 0.048636  learning rate= 0.046181
step= 339  sqrt(max_i m^_i^2)= 0.050470  sqrt(sum_i m^_i^2)= 0.853708  ratio= 0.059119  learning rate= 0.046181
step= 340  sqrt(max_i v^_i)  = 0.129725  sqrt(sum_i v^_i)  = 2.670848  ratio= 0.048571  learning rate= 0.046251
step= 340  sqrt(max_i m^_i^2)= 0.051304  sqrt(sum_i m^_i^2)= 0.851893  ratio= 0.060224  learning rate= 0.046251
step= 341  sqrt(max_i v^_i)  = 0.129561  sqrt(sum_i v^_i)  = 2.670486  ratio= 0.048516  learning rate= 0.046310
step= 341  sqrt(max_i m^_i^2)= 0.053548  sqrt(sum_i m^_i^2)= 0.849823  ratio= 0.063011  learning rate= 0.046310
step= 342  sqrt(max_i v^_i)  = 0.129378  sqrt(sum_i v^_i)  = 2.670132  ratio= 0.048454  learning rate= 0.046375
step= 342  sqrt(max_i m^_i^2)= 0.052655  sqrt(sum_i m^_i^2)= 0.848881  ratio= 0.062029  learning rate= 0.046375
step= 343  sqrt(max_i v^_i)  = 0.129169  sqrt(sum_i v^_i)  = 2.669685  ratio= 0.048383  learning rate= 0.046451
step= 343  sqrt(max_i m^_i^2)= 0.056705  sqrt(sum_i m^_i^2)= 0.847091  ratio= 0.066941  learning rate= 0.046451
step= 344  sqrt(max_i v^_i)  = 0.128982  sqrt(sum_i v^_i)  = 2.669334  ratio= 0.048320  learning rate= 0.046518
step= 344  sqrt(max_i m^_i^2)= 0.050642  sqrt(sum_i m^_i^2)= 0.847149  ratio= 0.059779  learning rate= 0.046518
step= 345  sqrt(max_i v^_i)  = 0.128812  sqrt(sum_i v^_i)  = 2.669011  ratio= 0.048262  learning rate= 0.046579
step= 345  sqrt(max_i m^_i^2)= 0.052951  sqrt(sum_i m^_i^2)= 0.845443  ratio= 0.062632  learning rate= 0.046579
step= 346  sqrt(max_i v^_i)  = 0.128597  sqrt(sum_i v^_i)  = 2.668741  ratio= 0.048186  learning rate= 0.046657
step= 346  sqrt(max_i m^_i^2)= 0.051146  sqrt(sum_i m^_i^2)= 0.846291  ratio= 0.060436  learning rate= 0.046657
step= 347  sqrt(max_i v^_i)  = 0.128456  sqrt(sum_i v^_i)  = 2.668558  ratio= 0.048137  learning rate= 0.046708
step= 347  sqrt(max_i m^_i^2)= 0.051107  sqrt(sum_i m^_i^2)= 0.845169  ratio= 0.060470  learning rate= 0.046708
step= 348  sqrt(max_i v^_i)  = 0.128239  sqrt(sum_i v^_i)  = 2.668257  ratio= 0.048061  learning rate= 0.046787
step= 348  sqrt(max_i m^_i^2)= 0.051167  sqrt(sum_i m^_i^2)= 0.845560  ratio= 0.060512  learning rate= 0.046787
step= 349  sqrt(max_i v^_i)  = 0.128064  sqrt(sum_i v^_i)  = 2.668168  ratio= 0.047997  learning rate= 0.046851
step= 349  sqrt(max_i m^_i^2)= 0.058219  sqrt(sum_i m^_i^2)= 0.849380  ratio= 0.068542  learning rate= 0.046851
step= 350  sqrt(max_i v^_i)  = 0.127874  sqrt(sum_i v^_i)  = 2.667797  ratio= 0.047932  learning rate= 0.046921
step= 350  sqrt(max_i m^_i^2)= 0.057817  sqrt(sum_i m^_i^2)= 0.850463  ratio= 0.067983  learning rate= 0.046921
step= 351  sqrt(max_i v^_i)  = 0.127676  sqrt(sum_i v^_i)  = 2.667387  ratio= 0.047866  learning rate= 0.046994
step= 351  sqrt(max_i m^_i^2)= 0.056484  sqrt(sum_i m^_i^2)= 0.847346  ratio= 0.066660  learning rate= 0.046994
step= 352  sqrt(max_i v^_i)  = 0.127472  sqrt(sum_i v^_i)  = 2.667071  ratio= 0.047795  learning rate= 0.047069
step= 352  sqrt(max_i m^_i^2)= 0.056256  sqrt(sum_i m^_i^2)= 0.843333  ratio= 0.066707  learning rate= 0.047069
step= 353  sqrt(max_i v^_i)  = 0.127266  sqrt(sum_i v^_i)  = 2.666700  ratio= 0.047724  learning rate= 0.047145
step= 353  sqrt(max_i m^_i^2)= 0.055955  sqrt(sum_i m^_i^2)= 0.840415  ratio= 0.066580  learning rate= 0.047145
step= 354  sqrt(max_i v^_i)  = 0.127126  sqrt(sum_i v^_i)  = 2.666446  ratio= 0.047676  learning rate= 0.047197
step= 354  sqrt(max_i m^_i^2)= 0.057733  sqrt(sum_i m^_i^2)= 0.841446  ratio= 0.068611  learning rate= 0.047197
step= 355  sqrt(max_i v^_i)  = 0.126964  sqrt(sum_i v^_i)  = 2.666014  ratio= 0.047623  learning rate= 0.047257
step= 355  sqrt(max_i m^_i^2)= 0.053507  sqrt(sum_i m^_i^2)= 0.837213  ratio= 0.063911  learning rate= 0.047257
step= 356  sqrt(max_i v^_i)  = 0.126778  sqrt(sum_i v^_i)  = 2.665708  ratio= 0.047559  learning rate= 0.047326
step= 356  sqrt(max_i m^_i^2)= 0.056500  sqrt(sum_i m^_i^2)= 0.839048  ratio= 0.067338  learning rate= 0.047326
step= 357  sqrt(max_i v^_i)  = 0.126582  sqrt(sum_i v^_i)  = 2.665216  ratio= 0.047494  learning rate= 0.047400
step= 357  sqrt(max_i m^_i^2)= 0.051572  sqrt(sum_i m^_i^2)= 0.834772  ratio= 0.061780  learning rate= 0.047400
step= 358  sqrt(max_i v^_i)  = 0.126391  sqrt(sum_i v^_i)  = 2.664743  ratio= 0.047431  learning rate= 0.047472
step= 358  sqrt(max_i m^_i^2)= 0.053142  sqrt(sum_i m^_i^2)= 0.831448  ratio= 0.063915  learning rate= 0.047472
step= 359  sqrt(max_i v^_i)  = 0.126190  sqrt(sum_i v^_i)  = 2.664445  ratio= 0.047361  learning rate= 0.047547
step= 359  sqrt(max_i m^_i^2)= 0.052705  sqrt(sum_i m^_i^2)= 0.832095  ratio= 0.063340  learning rate= 0.047547
step= 360  sqrt(max_i v^_i)  = 0.125990  sqrt(sum_i v^_i)  = 2.664075  ratio= 0.047292  learning rate= 0.047622
step= 360  sqrt(max_i m^_i^2)= 0.058902  sqrt(sum_i m^_i^2)= 0.835760  ratio= 0.070477  learning rate= 0.047622
step= 361  sqrt(max_i v^_i)  = 0.125790  sqrt(sum_i v^_i)  = 2.663856  ratio= 0.047221  learning rate= 0.047698
step= 361  sqrt(max_i m^_i^2)= 0.055741  sqrt(sum_i m^_i^2)= 0.840467  ratio= 0.066322  learning rate= 0.047698
step= 362  sqrt(max_i v^_i)  = 0.125613  sqrt(sum_i v^_i)  = 2.663486  ratio= 0.047161  learning rate= 0.047765
step= 362  sqrt(max_i m^_i^2)= 0.055927  sqrt(sum_i m^_i^2)= 0.841123  ratio= 0.066491  learning rate= 0.047765
step= 363  sqrt(max_i v^_i)  = 0.125412  sqrt(sum_i v^_i)  = 2.663082  ratio= 0.047093  learning rate= 0.047842
step= 363  sqrt(max_i m^_i^2)= 0.055617  sqrt(sum_i m^_i^2)= 0.838569  ratio= 0.066323  learning rate= 0.047842
step= 364  sqrt(max_i v^_i)  = 0.125211  sqrt(sum_i v^_i)  = 2.662737  ratio= 0.047023  learning rate= 0.047919
step= 364  sqrt(max_i m^_i^2)= 0.057279  sqrt(sum_i m^_i^2)= 0.836534  ratio= 0.068472  learning rate= 0.047919
step= 365  sqrt(max_i v^_i)  = 0.125086  sqrt(sum_i v^_i)  = 2.662553  ratio= 0.046980  learning rate= 0.047967
step= 365  sqrt(max_i m^_i^2)= 0.055862  sqrt(sum_i m^_i^2)= 0.837918  ratio= 0.066668  learning rate= 0.047967
step= 366  sqrt(max_i v^_i)  = 0.124889  sqrt(sum_i v^_i)  = 2.662112  ratio= 0.046914  learning rate= 0.048042
step= 366  sqrt(max_i m^_i^2)= 0.056529  sqrt(sum_i m^_i^2)= 0.834725  ratio= 0.067721  learning rate= 0.048042
step= 367  sqrt(max_i v^_i)  = 0.124698  sqrt(sum_i v^_i)  = 2.661784  ratio= 0.046847  learning rate= 0.048116
step= 367  sqrt(max_i m^_i^2)= 0.055874  sqrt(sum_i m^_i^2)= 0.831911  ratio= 0.067163  learning rate= 0.048116
step= 368  sqrt(max_i v^_i)  = 0.124497  sqrt(sum_i v^_i)  = 2.661414  ratio= 0.046779  learning rate= 0.048193
step= 368  sqrt(max_i m^_i^2)= 0.050103  sqrt(sum_i m^_i^2)= 0.825005  ratio= 0.060730  learning rate= 0.048193
step= 369  sqrt(max_i v^_i)  = 0.124348  sqrt(sum_i v^_i)  = 2.661125  ratio= 0.046728  learning rate= 0.048251
step= 369  sqrt(max_i m^_i^2)= 0.050368  sqrt(sum_i m^_i^2)= 0.827671  ratio= 0.060855  learning rate= 0.048251
step= 370  sqrt(max_i v^_i)  = 0.124147  sqrt(sum_i v^_i)  = 2.660699  ratio= 0.046660  learning rate= 0.048329
step= 370  sqrt(max_i m^_i^2)= 0.048671  sqrt(sum_i m^_i^2)= 0.824275  ratio= 0.059047  learning rate= 0.048329
step= 371  sqrt(max_i v^_i)  = 0.123953  sqrt(sum_i v^_i)  = 2.660376  ratio= 0.046592  learning rate= 0.048405
step= 371  sqrt(max_i m^_i^2)= 0.049697  sqrt(sum_i m^_i^2)= 0.821851  ratio= 0.060470  learning rate= 0.048405
step= 372  sqrt(max_i v^_i)  = 0.123777  sqrt(sum_i v^_i)  = 2.660064  ratio= 0.046532  learning rate= 0.048474
step= 372  sqrt(max_i m^_i^2)= 0.051314  sqrt(sum_i m^_i^2)= 0.819083  ratio= 0.062648  learning rate= 0.048474
step= 373  sqrt(max_i v^_i)  = 0.123611  sqrt(sum_i v^_i)  = 2.659727  ratio= 0.046475  learning rate= 0.048539
step= 373  sqrt(max_i m^_i^2)= 0.049284  sqrt(sum_i m^_i^2)= 0.815407  ratio= 0.060441  learning rate= 0.048539
step= 374  sqrt(max_i v^_i)  = 0.123422  sqrt(sum_i v^_i)  = 2.659322  ratio= 0.046411  learning rate= 0.048613
step= 374  sqrt(max_i m^_i^2)= 0.050398  sqrt(sum_i m^_i^2)= 0.814153  ratio= 0.061903  learning rate= 0.048613
step= 375  sqrt(max_i v^_i)  = 0.123266  sqrt(sum_i v^_i)  = 2.659057  ratio= 0.046357  learning rate= 0.048675
step= 375  sqrt(max_i m^_i^2)= 0.048630  sqrt(sum_i m^_i^2)= 0.815736  ratio= 0.059615  learning rate= 0.048675
step= 376  sqrt(max_i v^_i)  = 0.123070  sqrt(sum_i v^_i)  = 2.658714  ratio= 0.046289  learning rate= 0.048752
step= 376  sqrt(max_i m^_i^2)= 0.049935  sqrt(sum_i m^_i^2)= 0.812105  ratio= 0.061488  learning rate= 0.048752
step= 377  sqrt(max_i v^_i)  = 0.122876  sqrt(sum_i v^_i)  = 2.658383  ratio= 0.046222  learning rate= 0.048829
step= 377  sqrt(max_i m^_i^2)= 0.049184  sqrt(sum_i m^_i^2)= 0.814007  ratio= 0.060422  learning rate= 0.048829
step= 378  sqrt(max_i v^_i)  = 0.122690  sqrt(sum_i v^_i)  = 2.658035  ratio= 0.046158  learning rate= 0.048903
step= 378  sqrt(max_i m^_i^2)= 0.052263  sqrt(sum_i m^_i^2)= 0.815932  ratio= 0.064053  learning rate= 0.048903
step= 379  sqrt(max_i v^_i)  = 0.122510  sqrt(sum_i v^_i)  = 2.657683  ratio= 0.046097  learning rate= 0.048975
step= 379  sqrt(max_i m^_i^2)= 0.050883  sqrt(sum_i m^_i^2)= 0.814342  ratio= 0.062483  learning rate= 0.048975
step= 380  sqrt(max_i v^_i)  = 0.122318  sqrt(sum_i v^_i)  = 2.657344  ratio= 0.046030  learning rate= 0.049052
step= 380  sqrt(max_i m^_i^2)= 0.050611  sqrt(sum_i m^_i^2)= 0.811432  ratio= 0.062373  learning rate= 0.049052
step= 381  sqrt(max_i v^_i)  = 0.122175  sqrt(sum_i v^_i)  = 2.657156  ratio= 0.045980  learning rate= 0.049109
step= 381  sqrt(max_i m^_i^2)= 0.050201  sqrt(sum_i m^_i^2)= 0.815065  ratio= 0.061592  learning rate= 0.049109
step= 382  sqrt(max_i v^_i)  = 0.122008  sqrt(sum_i v^_i)  = 2.656758  ratio= 0.045924  learning rate= 0.049177
step= 382  sqrt(max_i m^_i^2)= 0.048496  sqrt(sum_i m^_i^2)= 0.815024  ratio= 0.059502  learning rate= 0.049177
step= 383  sqrt(max_i v^_i)  = 0.121832  sqrt(sum_i v^_i)  = 2.656310  ratio= 0.045865  learning rate= 0.049248
step= 383  sqrt(max_i m^_i^2)= 0.045720  sqrt(sum_i m^_i^2)= 0.810853  ratio= 0.056385  learning rate= 0.049248
step= 384  sqrt(max_i v^_i)  = 0.121666  sqrt(sum_i v^_i)  = 2.656041  ratio= 0.045807  learning rate= 0.049315
step= 384  sqrt(max_i m^_i^2)= 0.048380  sqrt(sum_i m^_i^2)= 0.815260  ratio= 0.059343  learning rate= 0.049315
step= 385  sqrt(max_i v^_i)  = 0.121494  sqrt(sum_i v^_i)  = 2.655882  ratio= 0.045745  learning rate= 0.049385
step= 385  sqrt(max_i m^_i^2)= 0.049891  sqrt(sum_i m^_i^2)= 0.817871  ratio= 0.061000  learning rate= 0.049385
step= 386  sqrt(max_i v^_i)  = 0.121369  sqrt(sum_i v^_i)  = 2.655699  ratio= 0.045701  learning rate= 0.049435
step= 386  sqrt(max_i m^_i^2)= 0.049046  sqrt(sum_i m^_i^2)= 0.814352  ratio= 0.060228  learning rate= 0.049435
step= 387  sqrt(max_i v^_i)  = 0.121194  sqrt(sum_i v^_i)  = 2.655381  ratio= 0.045641  learning rate= 0.049507
step= 387  sqrt(max_i m^_i^2)= 0.047928  sqrt(sum_i m^_i^2)= 0.813830  ratio= 0.058891  learning rate= 0.049507
step= 388  sqrt(max_i v^_i)  = 0.121011  sqrt(sum_i v^_i)  = 2.655065  ratio= 0.045577  learning rate= 0.049582
step= 388  sqrt(max_i m^_i^2)= 0.045023  sqrt(sum_i m^_i^2)= 0.808439  ratio= 0.055691  learning rate= 0.049582
step= 389  sqrt(max_i v^_i)  = 0.120828  sqrt(sum_i v^_i)  = 2.654678  ratio= 0.045515  learning rate= 0.049657
step= 389  sqrt(max_i m^_i^2)= 0.044909  sqrt(sum_i m^_i^2)= 0.807865  ratio= 0.055590  learning rate= 0.049657
step= 390  sqrt(max_i v^_i)  = 0.120674  sqrt(sum_i v^_i)  = 2.654259  ratio= 0.045464  learning rate= 0.049720
step= 390  sqrt(max_i m^_i^2)= 0.047385  sqrt(sum_i m^_i^2)= 0.804875  ratio= 0.058872  learning rate= 0.049720
step= 391  sqrt(max_i v^_i)  = 0.120518  sqrt(sum_i v^_i)  = 2.653914  ratio= 0.045411  learning rate= 0.049785
step= 391  sqrt(max_i m^_i^2)= 0.045778  sqrt(sum_i m^_i^2)= 0.803729  ratio= 0.056957  learning rate= 0.049785
step= 392  sqrt(max_i v^_i)  = 0.120364  sqrt(sum_i v^_i)  = 2.653599  ratio= 0.045359  learning rate= 0.049848
step= 392  sqrt(max_i m^_i^2)= 0.051465  sqrt(sum_i m^_i^2)= 0.805245  ratio= 0.063912  learning rate= 0.049848
step= 393  sqrt(max_i v^_i)  = 0.120188  sqrt(sum_i v^_i)  = 2.653382  ratio= 0.045296  learning rate= 0.049921
step= 393  sqrt(max_i m^_i^2)= 0.054871  sqrt(sum_i m^_i^2)= 0.806679  ratio= 0.068021  learning rate= 0.049921
step= 394  sqrt(max_i v^_i)  = 0.120007  sqrt(sum_i v^_i)  = 2.653171  ratio= 0.045231  learning rate= 0.049997
step= 394  sqrt(max_i m^_i^2)= 0.053082  sqrt(sum_i m^_i^2)= 0.806128  ratio= 0.065848  learning rate= 0.049997
step= 395  sqrt(max_i v^_i)  = 0.119873  sqrt(sum_i v^_i)  = 2.652935  ratio= 0.045185  learning rate= 0.050052
step= 395  sqrt(max_i m^_i^2)= 0.056326  sqrt(sum_i m^_i^2)= 0.804815  ratio= 0.069986  learning rate= 0.050052
step= 396  sqrt(max_i v^_i)  = 0.119710  sqrt(sum_i v^_i)  = 2.652502  ratio= 0.045131  learning rate= 0.050121
step= 396  sqrt(max_i m^_i^2)= 0.052449  sqrt(sum_i m^_i^2)= 0.801157  ratio= 0.065466  learning rate= 0.050121
step= 397  sqrt(max_i v^_i)  = 0.119544  sqrt(sum_i v^_i)  = 2.652153  ratio= 0.045074  learning rate= 0.050190
step= 397  sqrt(max_i m^_i^2)= 0.050901  sqrt(sum_i m^_i^2)= 0.803171  ratio= 0.063376  learning rate= 0.050190
step= 398  sqrt(max_i v^_i)  = 0.119373  sqrt(sum_i v^_i)  = 2.651888  ratio= 0.045014  learning rate= 0.050262
step= 398  sqrt(max_i m^_i^2)= 0.050479  sqrt(sum_i m^_i^2)= 0.803627  ratio= 0.062815  learning rate= 0.050262
step= 399  sqrt(max_i v^_i)  = 0.119209  sqrt(sum_i v^_i)  = 2.651471  ratio= 0.044960  learning rate= 0.050331
step= 399  sqrt(max_i m^_i^2)= 0.053983  sqrt(sum_i m^_i^2)= 0.802061  ratio= 0.067306  learning rate= 0.050331
step= 400  sqrt(max_i v^_i)  = 0.119034  sqrt(sum_i v^_i)  = 2.651083  ratio= 0.044900  learning rate= 0.050405
step= 400  sqrt(max_i m^_i^2)= 0.050340  sqrt(sum_i m^_i^2)= 0.803135  ratio= 0.062680  learning rate= 0.050405
step= 401  sqrt(max_i v^_i)  = 0.118908  sqrt(sum_i v^_i)  = 2.650822  ratio= 0.044857  learning rate= 0.050459
step= 401  sqrt(max_i m^_i^2)= 0.049974  sqrt(sum_i m^_i^2)= 0.805131  ratio= 0.062070  learning rate= 0.050459
step= 402  sqrt(max_i v^_i)  = 0.118785  sqrt(sum_i v^_i)  = 2.650535  ratio= 0.044815  learning rate= 0.050511
step= 402  sqrt(max_i m^_i^2)= 0.045761  sqrt(sum_i m^_i^2)= 0.806907  ratio= 0.056712  learning rate= 0.050511
step= 403  sqrt(max_i v^_i)  = 0.118616  sqrt(sum_i v^_i)  = 2.650369  ratio= 0.044755  learning rate= 0.050583
step= 403  sqrt(max_i m^_i^2)= 0.050856  sqrt(sum_i m^_i^2)= 0.805050  ratio= 0.063171  learning rate= 0.050583
step= 404  sqrt(max_i v^_i)  = 0.118448  sqrt(sum_i v^_i)  = 2.649942  ratio= 0.044698  learning rate= 0.050655
step= 404  sqrt(max_i m^_i^2)= 0.052527  sqrt(sum_i m^_i^2)= 0.802214  ratio= 0.065477  learning rate= 0.050655
step= 405  sqrt(max_i v^_i)  = 0.118286  sqrt(sum_i v^_i)  = 2.649566  ratio= 0.044643  learning rate= 0.050724
step= 405  sqrt(max_i m^_i^2)= 0.048205  sqrt(sum_i m^_i^2)= 0.804695  ratio= 0.059905  learning rate= 0.050724
step= 406  sqrt(max_i v^_i)  = 0.118123  sqrt(sum_i v^_i)  = 2.649303  ratio= 0.044587  learning rate= 0.050794
step= 406  sqrt(max_i m^_i^2)= 0.045286  sqrt(sum_i m^_i^2)= 0.803277  ratio= 0.056377  learning rate= 0.050794
step= 407  sqrt(max_i v^_i)  = 0.117954  sqrt(sum_i v^_i)  = 2.648967  ratio= 0.044528  learning rate= 0.050867
step= 407  sqrt(max_i m^_i^2)= 0.045572  sqrt(sum_i m^_i^2)= 0.799848  ratio= 0.056976  learning rate= 0.050867
step= 408  sqrt(max_i v^_i)  = 0.117805  sqrt(sum_i v^_i)  = 2.648435  ratio= 0.044481  learning rate= 0.050931
step= 408  sqrt(max_i m^_i^2)= 0.045927  sqrt(sum_i m^_i^2)= 0.796605  ratio= 0.057654  learning rate= 0.050931
step= 409  sqrt(max_i v^_i)  = 0.117662  sqrt(sum_i v^_i)  = 2.648216  ratio= 0.044431  learning rate= 0.050993
step= 409  sqrt(max_i m^_i^2)= 0.044955  sqrt(sum_i m^_i^2)= 0.794992  ratio= 0.056548  learning rate= 0.050993
step= 410  sqrt(max_i v^_i)  = 0.117499  sqrt(sum_i v^_i)  = 2.647912  ratio= 0.044374  learning rate= 0.051064
step= 410  sqrt(max_i m^_i^2)= 0.047963  sqrt(sum_i m^_i^2)= 0.792211  ratio= 0.060543  learning rate= 0.051064
step= 411  sqrt(max_i v^_i)  = 0.117333  sqrt(sum_i v^_i)  = 2.647607  ratio= 0.044317  learning rate= 0.051136
step= 411  sqrt(max_i m^_i^2)= 0.042210  sqrt(sum_i m^_i^2)= 0.793470  ratio= 0.053197  learning rate= 0.051136
step= 412  sqrt(max_i v^_i)  = 0.117183  sqrt(sum_i v^_i)  = 2.647342  ratio= 0.044264  learning rate= 0.051202
step= 412  sqrt(max_i m^_i^2)= 0.045744  sqrt(sum_i m^_i^2)= 0.796222  ratio= 0.057451  learning rate= 0.051202
step= 413  sqrt(max_i v^_i)  = 0.117012  sqrt(sum_i v^_i)  = 2.646900  ratio= 0.044207  learning rate= 0.051276
step= 413  sqrt(max_i m^_i^2)= 0.048390  sqrt(sum_i m^_i^2)= 0.792861  ratio= 0.061032  learning rate= 0.051276
step= 414  sqrt(max_i v^_i)  = 0.116840  sqrt(sum_i v^_i)  = 2.646557  ratio= 0.044148  learning rate= 0.051352
step= 414  sqrt(max_i m^_i^2)= 0.042697  sqrt(sum_i m^_i^2)= 0.796645  ratio= 0.053596  learning rate= 0.051352
step= 415  sqrt(max_i v^_i)  = 0.116690  sqrt(sum_i v^_i)  = 2.646203  ratio= 0.044097  learning rate= 0.051418
step= 415  sqrt(max_i m^_i^2)= 0.048095  sqrt(sum_i m^_i^2)= 0.795947  ratio= 0.060425  learning rate= 0.051418
step= 416  sqrt(max_i v^_i)  = 0.116544  sqrt(sum_i v^_i)  = 2.645868  ratio= 0.044048  learning rate= 0.051482
step= 416  sqrt(max_i m^_i^2)= 0.047128  sqrt(sum_i m^_i^2)= 0.792871  ratio= 0.059440  learning rate= 0.051482
step= 417  sqrt(max_i v^_i)  = 0.116381  sqrt(sum_i v^_i)  = 2.645569  ratio= 0.043991  learning rate= 0.051554
step= 417  sqrt(max_i m^_i^2)= 0.048200  sqrt(sum_i m^_i^2)= 0.793209  ratio= 0.060766  learning rate= 0.051554
step= 418  sqrt(max_i v^_i)  = 0.116218  sqrt(sum_i v^_i)  = 2.645213  ratio= 0.043935  learning rate= 0.051627
step= 418  sqrt(max_i m^_i^2)= 0.048193  sqrt(sum_i m^_i^2)= 0.789016  ratio= 0.061080  learning rate= 0.051627
step= 419  sqrt(max_i v^_i)  = 0.116059  sqrt(sum_i v^_i)  = 2.644927  ratio= 0.043880  learning rate= 0.051697
step= 419  sqrt(max_i m^_i^2)= 0.047216  sqrt(sum_i m^_i^2)= 0.787671  ratio= 0.059944  learning rate= 0.051697
step= 420  sqrt(max_i v^_i)  = 0.115898  sqrt(sum_i v^_i)  = 2.644719  ratio= 0.043822  learning rate= 0.051769
step= 420  sqrt(max_i m^_i^2)= 0.043234  sqrt(sum_i m^_i^2)= 0.790450  ratio= 0.054695  learning rate= 0.051769
step= 421  sqrt(max_i v^_i)  = 0.115733  sqrt(sum_i v^_i)  = 2.644391  ratio= 0.043765  learning rate= 0.051843
step= 421  sqrt(max_i m^_i^2)= 0.042188  sqrt(sum_i m^_i^2)= 0.790348  ratio= 0.053379  learning rate= 0.051843
step= 422  sqrt(max_i v^_i)  = 0.115588  sqrt(sum_i v^_i)  = 2.644127  ratio= 0.043715  learning rate= 0.051908
step= 422  sqrt(max_i m^_i^2)= 0.043581  sqrt(sum_i m^_i^2)= 0.791890  ratio= 0.055034  learning rate= 0.051908
step= 423  sqrt(max_i v^_i)  = 0.115422  sqrt(sum_i v^_i)  = 2.643756  ratio= 0.043658  learning rate= 0.051983
step= 423  sqrt(max_i m^_i^2)= 0.044047  sqrt(sum_i m^_i^2)= 0.790387  ratio= 0.055728  learning rate= 0.051983
step= 424  sqrt(max_i v^_i)  = 0.115270  sqrt(sum_i v^_i)  = 2.643411  ratio= 0.043607  learning rate= 0.052051
step= 424  sqrt(max_i m^_i^2)= 0.041184  sqrt(sum_i m^_i^2)= 0.790773  ratio= 0.052081  learning rate= 0.052051
step= 425  sqrt(max_i v^_i)  = 0.115129  sqrt(sum_i v^_i)  = 2.643086  ratio= 0.043559  learning rate= 0.052115
step= 425  sqrt(max_i m^_i^2)= 0.038608  sqrt(sum_i m^_i^2)= 0.789594  ratio= 0.048895  learning rate= 0.052115
step= 426  sqrt(max_i v^_i)  = 0.114975  sqrt(sum_i v^_i)  = 2.642834  ratio= 0.043504  learning rate= 0.052185
step= 426  sqrt(max_i m^_i^2)= 0.039316  sqrt(sum_i m^_i^2)= 0.787202  ratio= 0.049944  learning rate= 0.052185
step= 427  sqrt(max_i v^_i)  = 0.114818  sqrt(sum_i v^_i)  = 2.642592  ratio= 0.043449  learning rate= 0.052256
step= 427  sqrt(max_i m^_i^2)= 0.041103  sqrt(sum_i m^_i^2)= 0.789404  ratio= 0.052068  learning rate= 0.052256
step= 428  sqrt(max_i v^_i)  = 0.114658  sqrt(sum_i v^_i)  = 2.642201  ratio= 0.043395  learning rate= 0.052329
step= 428  sqrt(max_i m^_i^2)= 0.042661  sqrt(sum_i m^_i^2)= 0.788537  ratio= 0.054101  learning rate= 0.052329
step= 429  sqrt(max_i v^_i)  = 0.114495  sqrt(sum_i v^_i)  = 2.641960  ratio= 0.043337  learning rate= 0.052404
step= 429  sqrt(max_i m^_i^2)= 0.045320  sqrt(sum_i m^_i^2)= 0.785576  ratio= 0.057690  learning rate= 0.052404
step= 430  sqrt(max_i v^_i)  = 0.114337  sqrt(sum_i v^_i)  = 2.641585  ratio= 0.043284  learning rate= 0.052476
step= 430  sqrt(max_i m^_i^2)= 0.042984  sqrt(sum_i m^_i^2)= 0.782287  ratio= 0.054947  learning rate= 0.052476
step= 431  sqrt(max_i v^_i)  = 0.114178  sqrt(sum_i v^_i)  = 2.641304  ratio= 0.043228  learning rate= 0.052549
step= 431  sqrt(max_i m^_i^2)= 0.043603  sqrt(sum_i m^_i^2)= 0.784707  ratio= 0.055566  learning rate= 0.052549
step= 432  sqrt(max_i v^_i)  = 0.114019  sqrt(sum_i v^_i)  = 2.641111  ratio= 0.043171  learning rate= 0.052622
step= 432  sqrt(max_i m^_i^2)= 0.043018  sqrt(sum_i m^_i^2)= 0.785213  ratio= 0.054785  learning rate= 0.052622
step= 433  sqrt(max_i v^_i)  = 0.113859  sqrt(sum_i v^_i)  = 2.640788  ratio= 0.043116  learning rate= 0.052696
step= 433  sqrt(max_i m^_i^2)= 0.045230  sqrt(sum_i m^_i^2)= 0.781409  ratio= 0.057883  learning rate= 0.052696
step= 434  sqrt(max_i v^_i)  = 0.113742  sqrt(sum_i v^_i)  = 2.640461  ratio= 0.043076  learning rate= 0.052751
step= 434  sqrt(max_i m^_i^2)= 0.046068  sqrt(sum_i m^_i^2)= 0.781621  ratio= 0.058939  learning rate= 0.052751
step= 435  sqrt(max_i v^_i)  = 0.113597  sqrt(sum_i v^_i)  = 2.640151  ratio= 0.043027  learning rate= 0.052818
step= 435  sqrt(max_i m^_i^2)= 0.050470  sqrt(sum_i m^_i^2)= 0.781070  ratio= 0.064617  learning rate= 0.052818
step= 436  sqrt(max_i v^_i)  = 0.113441  sqrt(sum_i v^_i)  = 2.639863  ratio= 0.042972  learning rate= 0.052891
step= 436  sqrt(max_i m^_i^2)= 0.051887  sqrt(sum_i m^_i^2)= 0.782011  ratio= 0.066350  learning rate= 0.052891
step= 437  sqrt(max_i v^_i)  = 0.113284  sqrt(sum_i v^_i)  = 2.639683  ratio= 0.042916  learning rate= 0.052964
step= 437  sqrt(max_i m^_i^2)= 0.054102  sqrt(sum_i m^_i^2)= 0.780758  ratio= 0.069294  learning rate= 0.052964
step= 438  sqrt(max_i v^_i)  = 0.113141  sqrt(sum_i v^_i)  = 2.639480  ratio= 0.042865  learning rate= 0.053031
step= 438  sqrt(max_i m^_i^2)= 0.052000  sqrt(sum_i m^_i^2)= 0.782147  ratio= 0.066484  learning rate= 0.053031
step= 439  sqrt(max_i v^_i)  = 0.112996  sqrt(sum_i v^_i)  = 2.639160  ratio= 0.042815  learning rate= 0.053099
step= 439  sqrt(max_i m^_i^2)= 0.050390  sqrt(sum_i m^_i^2)= 0.782151  ratio= 0.064425  learning rate= 0.053099
step= 440  sqrt(max_i v^_i)  = 0.112862  sqrt(sum_i v^_i)  = 2.638845  ratio= 0.042769  learning rate= 0.053162
step= 440  sqrt(max_i m^_i^2)= 0.053342  sqrt(sum_i m^_i^2)= 0.783127  ratio= 0.068114  learning rate= 0.053162
step= 441  sqrt(max_i v^_i)  = 0.112743  sqrt(sum_i v^_i)  = 2.638649  ratio= 0.042727  learning rate= 0.053218
step= 441  sqrt(max_i m^_i^2)= 0.051020  sqrt(sum_i m^_i^2)= 0.786793  ratio= 0.064846  learning rate= 0.053218
step= 442  sqrt(max_i v^_i)  = 0.112590  sqrt(sum_i v^_i)  = 2.638445  ratio= 0.042673  learning rate= 0.053290
step= 442  sqrt(max_i m^_i^2)= 0.049256  sqrt(sum_i m^_i^2)= 0.787830  ratio= 0.062521  learning rate= 0.053290
step= 443  sqrt(max_i v^_i)  = 0.112452  sqrt(sum_i v^_i)  = 2.638155  ratio= 0.042625  learning rate= 0.053356
step= 443  sqrt(max_i m^_i^2)= 0.053187  sqrt(sum_i m^_i^2)= 0.786374  ratio= 0.067635  learning rate= 0.053356
step= 444  sqrt(max_i v^_i)  = 0.112310  sqrt(sum_i v^_i)  = 2.637861  ratio= 0.042576  learning rate= 0.053423
step= 444  sqrt(max_i m^_i^2)= 0.050737  sqrt(sum_i m^_i^2)= 0.785411  ratio= 0.064600  learning rate= 0.053423
step= 445  sqrt(max_i v^_i)  = 0.112156  sqrt(sum_i v^_i)  = 2.637602  ratio= 0.042522  learning rate= 0.053497
step= 445  sqrt(max_i m^_i^2)= 0.046591  sqrt(sum_i m^_i^2)= 0.781603  ratio= 0.059610  learning rate= 0.053497
step= 446  sqrt(max_i v^_i)  = 0.112016  sqrt(sum_i v^_i)  = 2.637369  ratio= 0.042473  learning rate= 0.053563
step= 446  sqrt(max_i m^_i^2)= 0.046743  sqrt(sum_i m^_i^2)= 0.781824  ratio= 0.059787  learning rate= 0.053563
step= 447  sqrt(max_i v^_i)  = 0.111867  sqrt(sum_i v^_i)  = 2.637072  ratio= 0.042421  learning rate= 0.053635
step= 447  sqrt(max_i m^_i^2)= 0.043967  sqrt(sum_i m^_i^2)= 0.778967  ratio= 0.056442  learning rate= 0.053635
step= 448  sqrt(max_i v^_i)  = 0.111719  sqrt(sum_i v^_i)  = 2.636804  ratio= 0.042369  learning rate= 0.053706
step= 448  sqrt(max_i m^_i^2)= 0.042439  sqrt(sum_i m^_i^2)= 0.779979  ratio= 0.054410  learning rate= 0.053706
step= 449  sqrt(max_i v^_i)  = 0.111592  sqrt(sum_i v^_i)  = 2.636549  ratio= 0.042325  learning rate= 0.053767
step= 449  sqrt(max_i m^_i^2)= 0.041064  sqrt(sum_i m^_i^2)= 0.780943  ratio= 0.052582  learning rate= 0.053767
step= 450  sqrt(max_i v^_i)  = 0.111440  sqrt(sum_i v^_i)  = 2.636328  ratio= 0.042271  learning rate= 0.053840
step= 450  sqrt(max_i m^_i^2)= 0.041768  sqrt(sum_i m^_i^2)= 0.777750  ratio= 0.053703  learning rate= 0.053840
step= 451  sqrt(max_i v^_i)  = 0.111291  sqrt(sum_i v^_i)  = 2.636099  ratio= 0.042218  learning rate= 0.053912
step= 451  sqrt(max_i m^_i^2)= 0.043623  sqrt(sum_i m^_i^2)= 0.778028  ratio= 0.056068  learning rate= 0.053912
step= 452  sqrt(max_i v^_i)  = 0.111138  sqrt(sum_i v^_i)  = 2.635758  ratio= 0.042166  learning rate= 0.053986
step= 452  sqrt(max_i m^_i^2)= 0.042933  sqrt(sum_i m^_i^2)= 0.773376  ratio= 0.055514  learning rate= 0.053986
step= 453  sqrt(max_i v^_i)  = 0.110986  sqrt(sum_i v^_i)  = 2.635419  ratio= 0.042113  learning rate= 0.054060
step= 453  sqrt(max_i m^_i^2)= 0.040251  sqrt(sum_i m^_i^2)= 0.771039  ratio= 0.052204  learning rate= 0.054060
step= 454  sqrt(max_i v^_i)  = 0.110849  sqrt(sum_i v^_i)  = 2.635177  ratio= 0.042065  learning rate= 0.054127
step= 454  sqrt(max_i m^_i^2)= 0.042007  sqrt(sum_i m^_i^2)= 0.769751  ratio= 0.054573  learning rate= 0.054127
step= 455  sqrt(max_i v^_i)  = 0.110699  sqrt(sum_i v^_i)  = 2.635067  ratio= 0.042010  learning rate= 0.054201
step= 455  sqrt(max_i m^_i^2)= 0.040675  sqrt(sum_i m^_i^2)= 0.773628  ratio= 0.052577  learning rate= 0.054201
step= 456  sqrt(max_i v^_i)  = 0.110555  sqrt(sum_i v^_i)  = 2.634834  ratio= 0.041959  learning rate= 0.054271
step= 456  sqrt(max_i m^_i^2)= 0.042388  sqrt(sum_i m^_i^2)= 0.772288  ratio= 0.054886  learning rate= 0.054271
step= 457  sqrt(max_i v^_i)  = 0.110412  sqrt(sum_i v^_i)  = 2.634559  ratio= 0.041909  learning rate= 0.054342
step= 457  sqrt(max_i m^_i^2)= 0.037134  sqrt(sum_i m^_i^2)= 0.770311  ratio= 0.048206  learning rate= 0.054342
step= 458  sqrt(max_i v^_i)  = 0.110263  sqrt(sum_i v^_i)  = 2.634344  ratio= 0.041856  learning rate= 0.054415
step= 458  sqrt(max_i m^_i^2)= 0.047176  sqrt(sum_i m^_i^2)= 0.771162  ratio= 0.061175  learning rate= 0.054415
step= 459  sqrt(max_i v^_i)  = 0.110118  sqrt(sum_i v^_i)  = 2.634019  ratio= 0.041806  learning rate= 0.054487
step= 459  sqrt(max_i m^_i^2)= 0.043186  sqrt(sum_i m^_i^2)= 0.769125  ratio= 0.056149  learning rate= 0.054487
step= 460  sqrt(max_i v^_i)  = 0.110024  sqrt(sum_i v^_i)  = 2.633831  ratio= 0.041773  learning rate= 0.054533
step= 460  sqrt(max_i m^_i^2)= 0.040566  sqrt(sum_i m^_i^2)= 0.768666  ratio= 0.052774  learning rate= 0.054533
step= 461  sqrt(max_i v^_i)  = 0.109875  sqrt(sum_i v^_i)  = 2.633498  ratio= 0.041722  learning rate= 0.054607
step= 461  sqrt(max_i m^_i^2)= 0.034641  sqrt(sum_i m^_i^2)= 0.765188  ratio= 0.045271  learning rate= 0.054607
step= 462  sqrt(max_i v^_i)  = 0.109729  sqrt(sum_i v^_i)  = 2.633239  ratio= 0.041671  learning rate= 0.054680
step= 462  sqrt(max_i m^_i^2)= 0.035263  sqrt(sum_i m^_i^2)= 0.767353  ratio= 0.045953  learning rate= 0.054680
step= 463  sqrt(max_i v^_i)  = 0.109590  sqrt(sum_i v^_i)  = 2.632980  ratio= 0.041622  learning rate= 0.054749
step= 463  sqrt(max_i m^_i^2)= 0.034407  sqrt(sum_i m^_i^2)= 0.765301  ratio= 0.044959  learning rate= 0.054749
step= 464  sqrt(max_i v^_i)  = 0.109457  sqrt(sum_i v^_i)  = 2.632782  ratio= 0.041575  learning rate= 0.054816
step= 464  sqrt(max_i m^_i^2)= 0.035140  sqrt(sum_i m^_i^2)= 0.763404  ratio= 0.046030  learning rate= 0.054816
step= 465  sqrt(max_i v^_i)  = 0.109320  sqrt(sum_i v^_i)  = 2.632546  ratio= 0.041526  learning rate= 0.054884
step= 465  sqrt(max_i m^_i^2)= 0.036436  sqrt(sum_i m^_i^2)= 0.761678  ratio= 0.047836  learning rate= 0.054884
step= 466  sqrt(max_i v^_i)  = 0.109183  sqrt(sum_i v^_i)  = 2.632162  ratio= 0.041480  learning rate= 0.054953
step= 466  sqrt(max_i m^_i^2)= 0.034698  sqrt(sum_i m^_i^2)= 0.759628  ratio= 0.045678  learning rate= 0.054953
step= 467  sqrt(max_i v^_i)  = 0.109053  sqrt(sum_i v^_i)  = 2.632047  ratio= 0.041433  learning rate= 0.055018
step= 467  sqrt(max_i m^_i^2)= 0.039913  sqrt(sum_i m^_i^2)= 0.764595  ratio= 0.052201  learning rate= 0.055018
step= 468  sqrt(max_i v^_i)  = 0.108912  sqrt(sum_i v^_i)  = 2.631812  ratio= 0.041383  learning rate= 0.055090
step= 468  sqrt(max_i m^_i^2)= 0.035876  sqrt(sum_i m^_i^2)= 0.763087  ratio= 0.047014  learning rate= 0.055090
step= 469  sqrt(max_i v^_i)  = 0.108770  sqrt(sum_i v^_i)  = 2.631571  ratio= 0.041333  learning rate= 0.055162
step= 469  sqrt(max_i m^_i^2)= 0.035854  sqrt(sum_i m^_i^2)= 0.760591  ratio= 0.047139  learning rate= 0.055162
step= 470  sqrt(max_i v^_i)  = 0.108625  sqrt(sum_i v^_i)  = 2.631278  ratio= 0.041282  learning rate= 0.055236
step= 470  sqrt(max_i m^_i^2)= 0.034676  sqrt(sum_i m^_i^2)= 0.761607  ratio= 0.045530  learning rate= 0.055236
step= 471  sqrt(max_i v^_i)  = 0.108485  sqrt(sum_i v^_i)  = 2.631226  ratio= 0.041230  learning rate= 0.055307
step= 471  sqrt(max_i m^_i^2)= 0.039995  sqrt(sum_i m^_i^2)= 0.764375  ratio= 0.052324  learning rate= 0.055307
step= 472  sqrt(max_i v^_i)  = 0.108364  sqrt(sum_i v^_i)  = 2.631008  ratio= 0.041187  learning rate= 0.055368
step= 472  sqrt(max_i m^_i^2)= 0.042481  sqrt(sum_i m^_i^2)= 0.764398  ratio= 0.055574  learning rate= 0.055368
step= 473  sqrt(max_i v^_i)  = 0.108245  sqrt(sum_i v^_i)  = 2.630690  ratio= 0.041147  learning rate= 0.055429
step= 473  sqrt(max_i m^_i^2)= 0.040834  sqrt(sum_i m^_i^2)= 0.764319  ratio= 0.053426  learning rate= 0.055429
step= 474  sqrt(max_i v^_i)  = 0.108102  sqrt(sum_i v^_i)  = 2.630418  ratio= 0.041097  learning rate= 0.055502
step= 474  sqrt(max_i m^_i^2)= 0.039352  sqrt(sum_i m^_i^2)= 0.763757  ratio= 0.051525  learning rate= 0.055502
step= 475  sqrt(max_i v^_i)  = 0.107971  sqrt(sum_i v^_i)  = 2.630233  ratio= 0.041050  learning rate= 0.055570
step= 475  sqrt(max_i m^_i^2)= 0.041621  sqrt(sum_i m^_i^2)= 0.766606  ratio= 0.054293  learning rate= 0.055570
step= 476  sqrt(max_i v^_i)  = 0.107841  sqrt(sum_i v^_i)  = 2.629955  ratio= 0.041005  learning rate= 0.055637
step= 476  sqrt(max_i m^_i^2)= 0.042931  sqrt(sum_i m^_i^2)= 0.764665  ratio= 0.056144  learning rate= 0.055637
step= 477  sqrt(max_i v^_i)  = 0.107703  sqrt(sum_i v^_i)  = 2.629664  ratio= 0.040957  learning rate= 0.055708
step= 477  sqrt(max_i m^_i^2)= 0.042825  sqrt(sum_i m^_i^2)= 0.764217  ratio= 0.056038  learning rate= 0.055708
step= 478  sqrt(max_i v^_i)  = 0.107580  sqrt(sum_i v^_i)  = 2.629442  ratio= 0.040914  learning rate= 0.055772
step= 478  sqrt(max_i m^_i^2)= 0.042994  sqrt(sum_i m^_i^2)= 0.763256  ratio= 0.056329  learning rate= 0.055772
step= 479  sqrt(max_i v^_i)  = 0.107496  sqrt(sum_i v^_i)  = 2.629137  ratio= 0.040886  learning rate= 0.055816
step= 479  sqrt(max_i m^_i^2)= 0.043145  sqrt(sum_i m^_i^2)= 0.760395  ratio= 0.056741  learning rate= 0.055816
step= 480  sqrt(max_i v^_i)  = 0.107356  sqrt(sum_i v^_i)  = 2.628883  ratio= 0.040837  learning rate= 0.055888
step= 480  sqrt(max_i m^_i^2)= 0.044490  sqrt(sum_i m^_i^2)= 0.760990  ratio= 0.058464  learning rate= 0.055888
step= 481  sqrt(max_i v^_i)  = 0.107230  sqrt(sum_i v^_i)  = 2.628548  ratio= 0.040794  learning rate= 0.055954
step= 481  sqrt(max_i m^_i^2)= 0.042336  sqrt(sum_i m^_i^2)= 0.758444  ratio= 0.055820  learning rate= 0.055954
step= 482  sqrt(max_i v^_i)  = 0.107091  sqrt(sum_i v^_i)  = 2.628287  ratio= 0.040746  learning rate= 0.056027
step= 482  sqrt(max_i m^_i^2)= 0.042254  sqrt(sum_i m^_i^2)= 0.760343  ratio= 0.055572  learning rate= 0.056027
step= 483  sqrt(max_i v^_i)  = 0.106963  sqrt(sum_i v^_i)  = 2.627902  ratio= 0.040703  learning rate= 0.056093
step= 483  sqrt(max_i m^_i^2)= 0.042114  sqrt(sum_i m^_i^2)= 0.757243  ratio= 0.055614  learning rate= 0.056093
step= 484  sqrt(max_i v^_i)  = 0.106824  sqrt(sum_i v^_i)  = 2.627629  ratio= 0.040654  learning rate= 0.056166
step= 484  sqrt(max_i m^_i^2)= 0.039626  sqrt(sum_i m^_i^2)= 0.755981  ratio= 0.052416  learning rate= 0.056166
step= 485  sqrt(max_i v^_i)  = 0.106694  sqrt(sum_i v^_i)  = 2.627293  ratio= 0.040610  learning rate= 0.056235
step= 485  sqrt(max_i m^_i^2)= 0.042241  sqrt(sum_i m^_i^2)= 0.753346  ratio= 0.056071  learning rate= 0.056235
step= 486  sqrt(max_i v^_i)  = 0.106556  sqrt(sum_i v^_i)  = 2.627022  ratio= 0.040562  learning rate= 0.056308
step= 486  sqrt(max_i m^_i^2)= 0.043624  sqrt(sum_i m^_i^2)= 0.749737  ratio= 0.058185  learning rate= 0.056308
step= 487  sqrt(max_i v^_i)  = 0.106418  sqrt(sum_i v^_i)  = 2.626744  ratio= 0.040513  learning rate= 0.056381
step= 487  sqrt(max_i m^_i^2)= 0.038072  sqrt(sum_i m^_i^2)= 0.748753  ratio= 0.050847  learning rate= 0.056381
step= 488  sqrt(max_i v^_i)  = 0.106282  sqrt(sum_i v^_i)  = 2.626585  ratio= 0.040464  learning rate= 0.056453
step= 488  sqrt(max_i m^_i^2)= 0.045697  sqrt(sum_i m^_i^2)= 0.749777  ratio= 0.060947  learning rate= 0.056453
step= 489  sqrt(max_i v^_i)  = 0.106159  sqrt(sum_i v^_i)  = 2.626302  ratio= 0.040421  learning rate= 0.056519
step= 489  sqrt(max_i m^_i^2)= 0.046733  sqrt(sum_i m^_i^2)= 0.749684  ratio= 0.062338  learning rate= 0.056519
step= 490  sqrt(max_i v^_i)  = 0.106030  sqrt(sum_i v^_i)  = 2.626023  ratio= 0.040376  learning rate= 0.056587
step= 490  sqrt(max_i m^_i^2)= 0.041841  sqrt(sum_i m^_i^2)= 0.749601  ratio= 0.055818  learning rate= 0.056587
step= 491  sqrt(max_i v^_i)  = 0.105903  sqrt(sum_i v^_i)  = 2.625730  ratio= 0.040333  learning rate= 0.056655
step= 491  sqrt(max_i m^_i^2)= 0.036711  sqrt(sum_i m^_i^2)= 0.745307  ratio= 0.049256  learning rate= 0.056655
step= 492  sqrt(max_i v^_i)  = 0.105771  sqrt(sum_i v^_i)  = 2.625423  ratio= 0.040287  learning rate= 0.056726
step= 492  sqrt(max_i m^_i^2)= 0.036720  sqrt(sum_i m^_i^2)= 0.744702  ratio= 0.049308  learning rate= 0.056726
step= 493  sqrt(max_i v^_i)  = 0.105641  sqrt(sum_i v^_i)  = 2.625180  ratio= 0.040241  learning rate= 0.056796
step= 493  sqrt(max_i m^_i^2)= 0.035757  sqrt(sum_i m^_i^2)= 0.744293  ratio= 0.048041  learning rate= 0.056796
step= 494  sqrt(max_i v^_i)  = 0.105510  sqrt(sum_i v^_i)  = 2.625012  ratio= 0.040194  learning rate= 0.056866
step= 494  sqrt(max_i m^_i^2)= 0.037401  sqrt(sum_i m^_i^2)= 0.746072  ratio= 0.050130  learning rate= 0.056866
step= 495  sqrt(max_i v^_i)  = 0.105404  sqrt(sum_i v^_i)  = 2.624712  ratio= 0.040158  learning rate= 0.056923
step= 495  sqrt(max_i m^_i^2)= 0.036828  sqrt(sum_i m^_i^2)= 0.746230  ratio= 0.049352  learning rate= 0.056923
step= 496  sqrt(max_i v^_i)  = 0.105273  sqrt(sum_i v^_i)  = 2.624408  ratio= 0.040113  learning rate= 0.056994
step= 496  sqrt(max_i m^_i^2)= 0.038530  sqrt(sum_i m^_i^2)= 0.745154  ratio= 0.051708  learning rate= 0.056994
step= 497  sqrt(max_i v^_i)  = 0.105165  sqrt(sum_i v^_i)  = 2.624223  ratio= 0.040075  learning rate= 0.057053
step= 497  sqrt(max_i m^_i^2)= 0.039700  sqrt(sum_i m^_i^2)= 0.743813  ratio= 0.053373  learning rate= 0.057053
step= 498  sqrt(max_i v^_i)  = 0.105044  sqrt(sum_i v^_i)  = 2.623881  ratio= 0.040034  learning rate= 0.057118
step= 498  sqrt(max_i m^_i^2)= 0.034540  sqrt(sum_i m^_i^2)= 0.740159  ratio= 0.046665  learning rate= 0.057118
step= 499  sqrt(max_i v^_i)  = 0.104925  sqrt(sum_i v^_i)  = 2.623721  ratio= 0.039991  learning rate= 0.057183
step= 499  sqrt(max_i m^_i^2)= 0.034749  sqrt(sum_i m^_i^2)= 0.743276  ratio= 0.046752  learning rate= 0.057183
step= 500  sqrt(max_i v^_i)  = 0.104793  sqrt(sum_i v^_i)  = 2.623515  ratio= 0.039944  learning rate= 0.057255
step= 500  sqrt(max_i m^_i^2)= 0.038822  sqrt(sum_i m^_i^2)= 0.742145  ratio= 0.052310  learning rate= 0.057255
step= 501  sqrt(max_i v^_i)  = 0.104663  sqrt(sum_i v^_i)  = 2.623350  ratio= 0.039897  learning rate= 0.057326
step= 501  sqrt(max_i m^_i^2)= 0.040545  sqrt(sum_i m^_i^2)= 0.743534  ratio= 0.054530  learning rate= 0.057326
step= 502  sqrt(max_i v^_i)  = 0.104554  sqrt(sum_i v^_i)  = 2.623106  ratio= 0.039859  learning rate= 0.057386
step= 502  sqrt(max_i m^_i^2)= 0.037242  sqrt(sum_i m^_i^2)= 0.742468  ratio= 0.050159  learning rate= 0.057386
step= 503  sqrt(max_i v^_i)  = 0.104426  sqrt(sum_i v^_i)  = 2.622804  ratio= 0.039815  learning rate= 0.057456
step= 503  sqrt(max_i m^_i^2)= 0.034223  sqrt(sum_i m^_i^2)= 0.742638  ratio= 0.046083  learning rate= 0.057456
step= 504  sqrt(max_i v^_i)  = 0.104311  sqrt(sum_i v^_i)  = 2.622517  ratio= 0.039775  learning rate= 0.057520
step= 504  sqrt(max_i m^_i^2)= 0.034315  sqrt(sum_i m^_i^2)= 0.745617  ratio= 0.046023  learning rate= 0.057520
step= 505  sqrt(max_i v^_i)  = 0.104195  sqrt(sum_i v^_i)  = 2.622343  ratio= 0.039734  learning rate= 0.057584
step= 505  sqrt(max_i m^_i^2)= 0.042096  sqrt(sum_i m^_i^2)= 0.746921  ratio= 0.056359  learning rate= 0.057584
step= 506  sqrt(max_i v^_i)  = 0.104070  sqrt(sum_i v^_i)  = 2.622134  ratio= 0.039689  learning rate= 0.057653
step= 506  sqrt(max_i m^_i^2)= 0.041262  sqrt(sum_i m^_i^2)= 0.746650  ratio= 0.055262  learning rate= 0.057653
step= 507  sqrt(max_i v^_i)  = 0.103954  sqrt(sum_i v^_i)  = 2.621989  ratio= 0.039647  learning rate= 0.057717
step= 507  sqrt(max_i m^_i^2)= 0.041482  sqrt(sum_i m^_i^2)= 0.749528  ratio= 0.055344  learning rate= 0.057717
step= 508  sqrt(max_i v^_i)  = 0.103825  sqrt(sum_i v^_i)  = 2.621696  ratio= 0.039602  learning rate= 0.057789
step= 508  sqrt(max_i m^_i^2)= 0.042651  sqrt(sum_i m^_i^2)= 0.750752  ratio= 0.056811  learning rate= 0.057789
step= 509  sqrt(max_i v^_i)  = 0.103700  sqrt(sum_i v^_i)  = 2.621460  ratio= 0.039558  learning rate= 0.057859
step= 509  sqrt(max_i m^_i^2)= 0.043703  sqrt(sum_i m^_i^2)= 0.747988  ratio= 0.058427  learning rate= 0.057859
step= 510  sqrt(max_i v^_i)  = 0.103570  sqrt(sum_i v^_i)  = 2.621096  ratio= 0.039514  learning rate= 0.057931
step= 510  sqrt(max_i m^_i^2)= 0.039795  sqrt(sum_i m^_i^2)= 0.745984  ratio= 0.053346  learning rate= 0.057931
step= 511  sqrt(max_i v^_i)  = 0.103442  sqrt(sum_i v^_i)  = 2.620864  ratio= 0.039469  learning rate= 0.058003
step= 511  sqrt(max_i m^_i^2)= 0.039245  sqrt(sum_i m^_i^2)= 0.742132  ratio= 0.052881  learning rate= 0.058003
step= 512  sqrt(max_i v^_i)  = 0.103313  sqrt(sum_i v^_i)  = 2.620564  ratio= 0.039424  learning rate= 0.058075
step= 512  sqrt(max_i m^_i^2)= 0.042068  sqrt(sum_i m^_i^2)= 0.739867  ratio= 0.056859  learning rate= 0.058075
step= 513  sqrt(max_i v^_i)  = 0.103186  sqrt(sum_i v^_i)  = 2.620323  ratio= 0.039379  learning rate= 0.058147
step= 513  sqrt(max_i m^_i^2)= 0.038783  sqrt(sum_i m^_i^2)= 0.739404  ratio= 0.052452  learning rate= 0.058147
step= 514  sqrt(max_i v^_i)  = 0.103058  sqrt(sum_i v^_i)  = 2.620030  ratio= 0.039335  learning rate= 0.058219
step= 514  sqrt(max_i m^_i^2)= 0.038740  sqrt(sum_i m^_i^2)= 0.739744  ratio= 0.052369  learning rate= 0.058219
step= 515  sqrt(max_i v^_i)  = 0.102931  sqrt(sum_i v^_i)  = 2.619784  ratio= 0.039290  learning rate= 0.058291
step= 515  sqrt(max_i m^_i^2)= 0.035003  sqrt(sum_i m^_i^2)= 0.738918  ratio= 0.047371  learning rate= 0.058291
step= 516  sqrt(max_i v^_i)  = 0.102821  sqrt(sum_i v^_i)  = 2.619543  ratio= 0.039251  learning rate= 0.058353
step= 516  sqrt(max_i m^_i^2)= 0.033325  sqrt(sum_i m^_i^2)= 0.737655  ratio= 0.045177  learning rate= 0.058353
step= 517  sqrt(max_i v^_i)  = 0.102694  sqrt(sum_i v^_i)  = 2.619322  ratio= 0.039206  learning rate= 0.058426
step= 517  sqrt(max_i m^_i^2)= 0.030096  sqrt(sum_i m^_i^2)= 0.737996  ratio= 0.040781  learning rate= 0.058426
step= 518  sqrt(max_i v^_i)  = 0.102583  sqrt(sum_i v^_i)  = 2.619056  ratio= 0.039168  learning rate= 0.058489
step= 518  sqrt(max_i m^_i^2)= 0.031754  sqrt(sum_i m^_i^2)= 0.739364  ratio= 0.042948  learning rate= 0.058489
step= 519  sqrt(max_i v^_i)  = 0.102485  sqrt(sum_i v^_i)  = 2.618868  ratio= 0.039133  learning rate= 0.058545
step= 519  sqrt(max_i m^_i^2)= 0.033384  sqrt(sum_i m^_i^2)= 0.739580  ratio= 0.045139  learning rate= 0.058545
step= 520  sqrt(max_i v^_i)  = 0.102403  sqrt(sum_i v^_i)  = 2.618634  ratio= 0.039105  learning rate= 0.058592
step= 520  sqrt(max_i m^_i^2)= 0.034851  sqrt(sum_i m^_i^2)= 0.737760  ratio= 0.047239  learning rate= 0.058592
step= 521  sqrt(max_i v^_i)  = 0.102301  sqrt(sum_i v^_i)  = 2.618518  ratio= 0.039068  learning rate= 0.058650
step= 521  sqrt(max_i m^_i^2)= 0.034229  sqrt(sum_i m^_i^2)= 0.739914  ratio= 0.046261  learning rate= 0.058650
step= 522  sqrt(max_i v^_i)  = 0.102191  sqrt(sum_i v^_i)  = 2.618324  ratio= 0.039029  learning rate= 0.058713
step= 522  sqrt(max_i m^_i^2)= 0.033131  sqrt(sum_i m^_i^2)= 0.739004  ratio= 0.044832  learning rate= 0.058713
step= 523  sqrt(max_i v^_i)  = 0.102119  sqrt(sum_i v^_i)  = 2.618032  ratio= 0.039006  learning rate= 0.058754
step= 523  sqrt(max_i m^_i^2)= 0.034466  sqrt(sum_i m^_i^2)= 0.737352  ratio= 0.046743  learning rate= 0.058754
step= 524  sqrt(max_i v^_i)  = 0.101994  sqrt(sum_i v^_i)  = 2.617899  ratio= 0.038960  learning rate= 0.058826
step= 524  sqrt(max_i m^_i^2)= 0.033726  sqrt(sum_i m^_i^2)= 0.737587  ratio= 0.045725  learning rate= 0.058826
step= 525  sqrt(max_i v^_i)  = 0.101871  sqrt(sum_i v^_i)  = 2.617674  ratio= 0.038916  learning rate= 0.058898
step= 525  sqrt(max_i m^_i^2)= 0.032226  sqrt(sum_i m^_i^2)= 0.738618  ratio= 0.043630  learning rate= 0.058898
step= 526  sqrt(max_i v^_i)  = 0.101746  sqrt(sum_i v^_i)  = 2.617573  ratio= 0.038871  learning rate= 0.058970
step= 526  sqrt(max_i m^_i^2)= 0.029961  sqrt(sum_i m^_i^2)= 0.733696  ratio= 0.040836  learning rate= 0.058970
step= 527  sqrt(max_i v^_i)  = 0.101622  sqrt(sum_i v^_i)  = 2.617258  ratio= 0.038828  learning rate= 0.059042
step= 527  sqrt(max_i m^_i^2)= 0.032261  sqrt(sum_i m^_i^2)= 0.734892  ratio= 0.043899  learning rate= 0.059042
step= 528  sqrt(max_i v^_i)  = 0.101503  sqrt(sum_i v^_i)  = 2.617045  ratio= 0.038785  learning rate= 0.059111
step= 528  sqrt(max_i m^_i^2)= 0.033103  sqrt(sum_i m^_i^2)= 0.734802  ratio= 0.045050  learning rate= 0.059111
step= 529  sqrt(max_i v^_i)  = 0.101380  sqrt(sum_i v^_i)  = 2.616845  ratio= 0.038741  learning rate= 0.059183
step= 529  sqrt(max_i m^_i^2)= 0.033646  sqrt(sum_i m^_i^2)= 0.733603  ratio= 0.045864  learning rate= 0.059183
step= 530  sqrt(max_i v^_i)  = 0.101257  sqrt(sum_i v^_i)  = 2.616575  ratio= 0.038698  learning rate= 0.059255
step= 530  sqrt(max_i m^_i^2)= 0.030680  sqrt(sum_i m^_i^2)= 0.731184  ratio= 0.041959  learning rate= 0.059255
step= 531  sqrt(max_i v^_i)  = 0.101139  sqrt(sum_i v^_i)  = 2.616409  ratio= 0.038656  learning rate= 0.059324
step= 531  sqrt(max_i m^_i^2)= 0.036917  sqrt(sum_i m^_i^2)= 0.731392  ratio= 0.050475  learning rate= 0.059324
step= 532  sqrt(max_i v^_i)  = 0.101017  sqrt(sum_i v^_i)  = 2.616161  ratio= 0.038613  learning rate= 0.059395
step= 532  sqrt(max_i m^_i^2)= 0.034612  sqrt(sum_i m^_i^2)= 0.731213  ratio= 0.047335  learning rate= 0.059395
step= 533  sqrt(max_i v^_i)  = 0.100898  sqrt(sum_i v^_i)  = 2.615972  ratio= 0.038570  learning rate= 0.059466
step= 533  sqrt(max_i m^_i^2)= 0.035540  sqrt(sum_i m^_i^2)= 0.730317  ratio= 0.048663  learning rate= 0.059466
step= 534  sqrt(max_i v^_i)  = 0.100789  sqrt(sum_i v^_i)  = 2.615804  ratio= 0.038531  learning rate= 0.059530
step= 534  sqrt(max_i m^_i^2)= 0.039311  sqrt(sum_i m^_i^2)= 0.732052  ratio= 0.053699  learning rate= 0.059530
step= 535  sqrt(max_i v^_i)  = 0.100668  sqrt(sum_i v^_i)  = 2.615566  ratio= 0.038488  learning rate= 0.059602
step= 535  sqrt(max_i m^_i^2)= 0.037737  sqrt(sum_i m^_i^2)= 0.732882  ratio= 0.051491  learning rate= 0.059602
step= 536  sqrt(max_i v^_i)  = 0.100551  sqrt(sum_i v^_i)  = 2.615371  ratio= 0.038446  learning rate= 0.059671
step= 536  sqrt(max_i m^_i^2)= 0.044087  sqrt(sum_i m^_i^2)= 0.732183  ratio= 0.060214  learning rate= 0.059671
step= 537  sqrt(max_i v^_i)  = 0.100453  sqrt(sum_i v^_i)  = 2.615141  ratio= 0.038412  learning rate= 0.059729
step= 537  sqrt(max_i m^_i^2)= 0.042036  sqrt(sum_i m^_i^2)= 0.732002  ratio= 0.057426  learning rate= 0.059729
step= 538  sqrt(max_i v^_i)  = 0.100342  sqrt(sum_i v^_i)  = 2.614924  ratio= 0.038373  learning rate= 0.059795
step= 538  sqrt(max_i m^_i^2)= 0.040189  sqrt(sum_i m^_i^2)= 0.731485  ratio= 0.054942  learning rate= 0.059795
step= 539  sqrt(max_i v^_i)  = 0.100232  sqrt(sum_i v^_i)  = 2.614709  ratio= 0.038334  learning rate= 0.059860
step= 539  sqrt(max_i m^_i^2)= 0.035615  sqrt(sum_i m^_i^2)= 0.734913  ratio= 0.048461  learning rate= 0.059860
step= 540  sqrt(max_i v^_i)  = 0.100113  sqrt(sum_i v^_i)  = 2.614535  ratio= 0.038291  learning rate= 0.059931
step= 540  sqrt(max_i m^_i^2)= 0.034119  sqrt(sum_i m^_i^2)= 0.729439  ratio= 0.046774  learning rate= 0.059931
step= 541  sqrt(max_i v^_i)  = 0.100010  sqrt(sum_i v^_i)  = 2.614338  ratio= 0.038254  learning rate= 0.059994
step= 541  sqrt(max_i m^_i^2)= 0.034583  sqrt(sum_i m^_i^2)= 0.728306  ratio= 0.047484  learning rate= 0.059994
step= 542  sqrt(max_i v^_i)  = 0.099935  sqrt(sum_i v^_i)  = 2.614123  ratio= 0.038229  learning rate= 0.060039
step= 542  sqrt(max_i m^_i^2)= 0.035262  sqrt(sum_i m^_i^2)= 0.727043  ratio= 0.048500  learning rate= 0.060039
step= 543  sqrt(max_i v^_i)  = 0.099816  sqrt(sum_i v^_i)  = 2.613833  ratio= 0.038188  learning rate= 0.060110
step= 543  sqrt(max_i m^_i^2)= 0.034727  sqrt(sum_i m^_i^2)= 0.723415  ratio= 0.048004  learning rate= 0.060110
step= 544  sqrt(max_i v^_i)  = 0.099704  sqrt(sum_i v^_i)  = 2.613515  ratio= 0.038149  learning rate= 0.060177
step= 544  sqrt(max_i m^_i^2)= 0.036883  sqrt(sum_i m^_i^2)= 0.723587  ratio= 0.050972  learning rate= 0.060177
step= 545  sqrt(max_i v^_i)  = 0.099586  sqrt(sum_i v^_i)  = 2.613405  ratio= 0.038106  learning rate= 0.060249
step= 545  sqrt(max_i m^_i^2)= 0.038440  sqrt(sum_i m^_i^2)= 0.724420  ratio= 0.053063  learning rate= 0.060249
step= 546  sqrt(max_i v^_i)  = 0.099484  sqrt(sum_i v^_i)  = 2.613241  ratio= 0.038069  learning rate= 0.060310
step= 546  sqrt(max_i m^_i^2)= 0.039421  sqrt(sum_i m^_i^2)= 0.727082  ratio= 0.054218  learning rate= 0.060310
step= 547  sqrt(max_i v^_i)  = 0.099375  sqrt(sum_i v^_i)  = 2.612990  ratio= 0.038031  learning rate= 0.060377
step= 547  sqrt(max_i m^_i^2)= 0.039332  sqrt(sum_i m^_i^2)= 0.729960  ratio= 0.053883  learning rate= 0.060377
step= 548  sqrt(max_i v^_i)  = 0.099260  sqrt(sum_i v^_i)  = 2.612788  ratio= 0.037990  learning rate= 0.060447
step= 548  sqrt(max_i m^_i^2)= 0.040224  sqrt(sum_i m^_i^2)= 0.728464  ratio= 0.055217  learning rate= 0.060447
step= 549  sqrt(max_i v^_i)  = 0.099146  sqrt(sum_i v^_i)  = 2.612631  ratio= 0.037949  learning rate= 0.060516
step= 549  sqrt(max_i m^_i^2)= 0.037812  sqrt(sum_i m^_i^2)= 0.730258  ratio= 0.051779  learning rate= 0.060516
step= 550  sqrt(max_i v^_i)  = 0.099041  sqrt(sum_i v^_i)  = 2.612425  ratio= 0.037912  learning rate= 0.060580
step= 550  sqrt(max_i m^_i^2)= 0.037344  sqrt(sum_i m^_i^2)= 0.728539  ratio= 0.051259  learning rate= 0.060580
step= 551  sqrt(max_i v^_i)  = 0.098925  sqrt(sum_i v^_i)  = 2.612177  ratio= 0.037871  learning rate= 0.060652
step= 551  sqrt(max_i m^_i^2)= 0.036923  sqrt(sum_i m^_i^2)= 0.727617  ratio= 0.050745  learning rate= 0.060652
step= 552  sqrt(max_i v^_i)  = 0.098809  sqrt(sum_i v^_i)  = 2.611957  ratio= 0.037829  learning rate= 0.060723
step= 552  sqrt(max_i m^_i^2)= 0.035573  sqrt(sum_i m^_i^2)= 0.726407  ratio= 0.048971  learning rate= 0.060723
step= 553  sqrt(max_i v^_i)  = 0.098717  sqrt(sum_i v^_i)  = 2.611847  ratio= 0.037796  learning rate= 0.060779
step= 553  sqrt(max_i m^_i^2)= 0.038718  sqrt(sum_i m^_i^2)= 0.729688  ratio= 0.053061  learning rate= 0.060779
step= 554  sqrt(max_i v^_i)  = 0.098610  sqrt(sum_i v^_i)  = 2.611497  ratio= 0.037760  learning rate= 0.060845
step= 554  sqrt(max_i m^_i^2)= 0.043376  sqrt(sum_i m^_i^2)= 0.727221  ratio= 0.059647  learning rate= 0.060845
step= 555  sqrt(max_i v^_i)  = 0.098496  sqrt(sum_i v^_i)  = 2.611256  ratio= 0.037720  learning rate= 0.060916
step= 555  sqrt(max_i m^_i^2)= 0.042714  sqrt(sum_i m^_i^2)= 0.725092  ratio= 0.058909  learning rate= 0.060916
step= 556  sqrt(max_i v^_i)  = 0.098413  sqrt(sum_i v^_i)  = 2.611110  ratio= 0.037690  learning rate= 0.060967
step= 556  sqrt(max_i m^_i^2)= 0.039206  sqrt(sum_i m^_i^2)= 0.726427  ratio= 0.053971  learning rate= 0.060967
step= 557  sqrt(max_i v^_i)  = 0.098308  sqrt(sum_i v^_i)  = 2.610966  ratio= 0.037652  learning rate= 0.061032
step= 557  sqrt(max_i m^_i^2)= 0.033136  sqrt(sum_i m^_i^2)= 0.727605  ratio= 0.045541  learning rate= 0.061032
step= 558  sqrt(max_i v^_i)  = 0.098216  sqrt(sum_i v^_i)  = 2.610679  ratio= 0.037621  learning rate= 0.061090
step= 558  sqrt(max_i m^_i^2)= 0.030585  sqrt(sum_i m^_i^2)= 0.724456  ratio= 0.042218  learning rate= 0.061090
step= 559  sqrt(max_i v^_i)  = 0.098145  sqrt(sum_i v^_i)  = 2.610582  ratio= 0.037595  learning rate= 0.061134
step= 559  sqrt(max_i m^_i^2)= 0.034092  sqrt(sum_i m^_i^2)= 0.722808  ratio= 0.047166  learning rate= 0.061134
step= 560  sqrt(max_i v^_i)  = 0.098038  sqrt(sum_i v^_i)  = 2.610364  ratio= 0.037557  learning rate= 0.061200
step= 560  sqrt(max_i m^_i^2)= 0.034055  sqrt(sum_i m^_i^2)= 0.722668  ratio= 0.047123  learning rate= 0.061200
step= 561  sqrt(max_i v^_i)  = 0.097924  sqrt(sum_i v^_i)  = 2.610261  ratio= 0.037515  learning rate= 0.061271
step= 561  sqrt(max_i m^_i^2)= 0.035963  sqrt(sum_i m^_i^2)= 0.724956  ratio= 0.049607  learning rate= 0.061271
step= 562  sqrt(max_i v^_i)  = 0.097811  sqrt(sum_i v^_i)  = 2.610028  ratio= 0.037475  learning rate= 0.061342
step= 562  sqrt(max_i m^_i^2)= 0.036709  sqrt(sum_i m^_i^2)= 0.724480  ratio= 0.050670  learning rate= 0.061342
step= 563  sqrt(max_i v^_i)  = 0.097706  sqrt(sum_i v^_i)  = 2.609809  ratio= 0.037438  learning rate= 0.061408
step= 563  sqrt(max_i m^_i^2)= 0.037381  sqrt(sum_i m^_i^2)= 0.726365  ratio= 0.051463  learning rate= 0.061408
step= 564  sqrt(max_i v^_i)  = 0.097594  sqrt(sum_i v^_i)  = 2.609520  ratio= 0.037399  learning rate= 0.061479
step= 564  sqrt(max_i m^_i^2)= 0.033131  sqrt(sum_i m^_i^2)= 0.720695  ratio= 0.045971  learning rate= 0.061479
step= 565  sqrt(max_i v^_i)  = 0.097514  sqrt(sum_i v^_i)  = 2.609255  ratio= 0.037372  learning rate= 0.061529
step= 565  sqrt(max_i m^_i^2)= 0.032078  sqrt(sum_i m^_i^2)= 0.716528  ratio= 0.044769  learning rate= 0.061529
step= 566  sqrt(max_i v^_i)  = 0.097417  sqrt(sum_i v^_i)  = 2.609091  ratio= 0.037338  learning rate= 0.061590
step= 566  sqrt(max_i m^_i^2)= 0.031532  sqrt(sum_i m^_i^2)= 0.717609  ratio= 0.043941  learning rate= 0.061590
step= 567  sqrt(max_i v^_i)  = 0.097325  sqrt(sum_i v^_i)  = 2.608907  ratio= 0.037305  learning rate= 0.061648
step= 567  sqrt(max_i m^_i^2)= 0.033950  sqrt(sum_i m^_i^2)= 0.718235  ratio= 0.047269  learning rate= 0.061648
step= 568  sqrt(max_i v^_i)  = 0.097222  sqrt(sum_i v^_i)  = 2.608694  ratio= 0.037268  learning rate= 0.061714
step= 568  sqrt(max_i m^_i^2)= 0.034655  sqrt(sum_i m^_i^2)= 0.720242  ratio= 0.048115  learning rate= 0.061714
step= 569  sqrt(max_i v^_i)  = 0.097154  sqrt(sum_i v^_i)  = 2.608495  ratio= 0.037245  learning rate= 0.061757
step= 569  sqrt(max_i m^_i^2)= 0.031303  sqrt(sum_i m^_i^2)= 0.716661  ratio= 0.043679  learning rate= 0.061757
step= 570  sqrt(max_i v^_i)  = 0.097044  sqrt(sum_i v^_i)  = 2.608232  ratio= 0.037207  learning rate= 0.061827
step= 570  sqrt(max_i m^_i^2)= 0.032550  sqrt(sum_i m^_i^2)= 0.713432  ratio= 0.045625  learning rate= 0.061827
step= 571  sqrt(max_i v^_i)  = 0.096936  sqrt(sum_i v^_i)  = 2.608110  ratio= 0.037167  learning rate= 0.061896
step= 571  sqrt(max_i m^_i^2)= 0.027601  sqrt(sum_i m^_i^2)= 0.714142  ratio= 0.038649  learning rate= 0.061896
step= 572  sqrt(max_i v^_i)  = 0.096825  sqrt(sum_i v^_i)  = 2.607858  ratio= 0.037128  learning rate= 0.061967
step= 572  sqrt(max_i m^_i^2)= 0.030132  sqrt(sum_i m^_i^2)= 0.714147  ratio= 0.042193  learning rate= 0.061967
step= 573  sqrt(max_i v^_i)  = 0.096715  sqrt(sum_i v^_i)  = 2.607721  ratio= 0.037088  learning rate= 0.062037
step= 573  sqrt(max_i m^_i^2)= 0.033133  sqrt(sum_i m^_i^2)= 0.715391  ratio= 0.046315  learning rate= 0.062037
step= 574  sqrt(max_i v^_i)  = 0.096606  sqrt(sum_i v^_i)  = 2.607527  ratio= 0.037049  learning rate= 0.062107
step= 574  sqrt(max_i m^_i^2)= 0.033787  sqrt(sum_i m^_i^2)= 0.717300  ratio= 0.047103  learning rate= 0.062107
step= 575  sqrt(max_i v^_i)  = 0.096496  sqrt(sum_i v^_i)  = 2.607346  ratio= 0.037009  learning rate= 0.062178
step= 575  sqrt(max_i m^_i^2)= 0.035896  sqrt(sum_i m^_i^2)= 0.720989  ratio= 0.049788  learning rate= 0.062178
step= 576  sqrt(max_i v^_i)  = 0.096386  sqrt(sum_i v^_i)  = 2.607127  ratio= 0.036970  learning rate= 0.062249
step= 576  sqrt(max_i m^_i^2)= 0.034209  sqrt(sum_i m^_i^2)= 0.718733  ratio= 0.047596  learning rate= 0.062249
step= 577  sqrt(max_i v^_i)  = 0.096282  sqrt(sum_i v^_i)  = 2.606879  ratio= 0.036934  learning rate= 0.062316
step= 577  sqrt(max_i m^_i^2)= 0.034462  sqrt(sum_i m^_i^2)= 0.719566  ratio= 0.047893  learning rate= 0.062316
step= 578  sqrt(max_i v^_i)  = 0.096174  sqrt(sum_i v^_i)  = 2.606718  ratio= 0.036895  learning rate= 0.062386
step= 578  sqrt(max_i m^_i^2)= 0.032748  sqrt(sum_i m^_i^2)= 0.721313  ratio= 0.045400  learning rate= 0.062386
step= 579  sqrt(max_i v^_i)  = 0.096065  sqrt(sum_i v^_i)  = 2.606465  ratio= 0.036857  learning rate= 0.062457
step= 579  sqrt(max_i m^_i^2)= 0.035212  sqrt(sum_i m^_i^2)= 0.719699  ratio= 0.048926  learning rate= 0.062457
step= 580  sqrt(max_i v^_i)  = 0.095958  sqrt(sum_i v^_i)  = 2.606208  ratio= 0.036819  learning rate= 0.062527
step= 580  sqrt(max_i m^_i^2)= 0.035350  sqrt(sum_i m^_i^2)= 0.717352  ratio= 0.049278  learning rate= 0.062527
step= 581  sqrt(max_i v^_i)  = 0.095866  sqrt(sum_i v^_i)  = 2.605968  ratio= 0.036787  learning rate= 0.062587
step= 581  sqrt(max_i m^_i^2)= 0.032561  sqrt(sum_i m^_i^2)= 0.716989  ratio= 0.045413  learning rate= 0.062587
step= 582  sqrt(max_i v^_i)  = 0.095776  sqrt(sum_i v^_i)  = 2.605855  ratio= 0.036754  learning rate= 0.062646
step= 582  sqrt(max_i m^_i^2)= 0.035876  sqrt(sum_i m^_i^2)= 0.714406  ratio= 0.050218  learning rate= 0.062646
step= 583  sqrt(max_i v^_i)  = 0.095674  sqrt(sum_i v^_i)  = 2.605788  ratio= 0.036716  learning rate= 0.062713
step= 583  sqrt(max_i m^_i^2)= 0.037889  sqrt(sum_i m^_i^2)= 0.718741  ratio= 0.052715  learning rate= 0.062713
step= 584  sqrt(max_i v^_i)  = 0.095566  sqrt(sum_i v^_i)  = 2.605494  ratio= 0.036679  learning rate= 0.062783
step= 584  sqrt(max_i m^_i^2)= 0.036787  sqrt(sum_i m^_i^2)= 0.713530  ratio= 0.051557  learning rate= 0.062783
step= 585  sqrt(max_i v^_i)  = 0.095515  sqrt(sum_i v^_i)  = 2.605344  ratio= 0.036661  learning rate= 0.062816
step= 585  sqrt(max_i m^_i^2)= 0.036431  sqrt(sum_i m^_i^2)= 0.717239  ratio= 0.050793  learning rate= 0.062816
step= 586  sqrt(max_i v^_i)  = 0.095420  sqrt(sum_i v^_i)  = 2.605092  ratio= 0.036628  learning rate= 0.062879
step= 586  sqrt(max_i m^_i^2)= 0.037137  sqrt(sum_i m^_i^2)= 0.714655  ratio= 0.051965  learning rate= 0.062879
step= 587  sqrt(max_i v^_i)  = 0.095313  sqrt(sum_i v^_i)  = 2.605019  ratio= 0.036588  learning rate= 0.062950
step= 587  sqrt(max_i m^_i^2)= 0.033227  sqrt(sum_i m^_i^2)= 0.715550  ratio= 0.046435  learning rate= 0.062950
step= 588  sqrt(max_i v^_i)  = 0.095206  sqrt(sum_i v^_i)  = 2.604771  ratio= 0.036551  learning rate= 0.063021
step= 588  sqrt(max_i m^_i^2)= 0.035661  sqrt(sum_i m^_i^2)= 0.714073  ratio= 0.049940  learning rate= 0.063021
step= 589  sqrt(max_i v^_i)  = 0.095104  sqrt(sum_i v^_i)  = 2.604530  ratio= 0.036515  learning rate= 0.063088
step= 589  sqrt(max_i m^_i^2)= 0.037795  sqrt(sum_i m^_i^2)= 0.713976  ratio= 0.052935  learning rate= 0.063088
step= 590  sqrt(max_i v^_i)  = 0.094999  sqrt(sum_i v^_i)  = 2.604366  ratio= 0.036477  learning rate= 0.063158
step= 590  sqrt(max_i m^_i^2)= 0.039089  sqrt(sum_i m^_i^2)= 0.716208  ratio= 0.054578  learning rate= 0.063158
step= 591  sqrt(max_i v^_i)  = 0.094906  sqrt(sum_i v^_i)  = 2.604173  ratio= 0.036444  learning rate= 0.063220
step= 591  sqrt(max_i m^_i^2)= 0.036876  sqrt(sum_i m^_i^2)= 0.716598  ratio= 0.051460  learning rate= 0.063220
step= 592  sqrt(max_i v^_i)  = 0.094800  sqrt(sum_i v^_i)  = 2.604155  ratio= 0.036403  learning rate= 0.063291
step= 592  sqrt(max_i m^_i^2)= 0.035515  sqrt(sum_i m^_i^2)= 0.721060  ratio= 0.049255  learning rate= 0.063291
step= 593  sqrt(max_i v^_i)  = 0.094705  sqrt(sum_i v^_i)  = 2.603922  ratio= 0.036370  learning rate= 0.063354
step= 593  sqrt(max_i m^_i^2)= 0.035622  sqrt(sum_i m^_i^2)= 0.717207  ratio= 0.049667  learning rate= 0.063354
step= 594  sqrt(max_i v^_i)  = 0.094600  sqrt(sum_i v^_i)  = 2.603679  ratio= 0.036333  learning rate= 0.063424
step= 594  sqrt(max_i m^_i^2)= 0.037659  sqrt(sum_i m^_i^2)= 0.715474  ratio= 0.052635  learning rate= 0.063424
step= 595  sqrt(max_i v^_i)  = 0.094501  sqrt(sum_i v^_i)  = 2.603466  ratio= 0.036298  learning rate= 0.063490
step= 595  sqrt(max_i m^_i^2)= 0.038521  sqrt(sum_i m^_i^2)= 0.715288  ratio= 0.053854  learning rate= 0.063490
step= 596  sqrt(max_i v^_i)  = 0.094404  sqrt(sum_i v^_i)  = 2.603244  ratio= 0.036264  learning rate= 0.063556
step= 596  sqrt(max_i m^_i^2)= 0.037356  sqrt(sum_i m^_i^2)= 0.712400  ratio= 0.052437  learning rate= 0.063556
step= 597  sqrt(max_i v^_i)  = 0.094299  sqrt(sum_i v^_i)  = 2.603090  ratio= 0.036226  learning rate= 0.063627
step= 597  sqrt(max_i m^_i^2)= 0.040190  sqrt(sum_i m^_i^2)= 0.719123  ratio= 0.055888  learning rate= 0.063627
step= 598  sqrt(max_i v^_i)  = 0.094195  sqrt(sum_i v^_i)  = 2.602837  ratio= 0.036189  learning rate= 0.063697
step= 598  sqrt(max_i m^_i^2)= 0.042741  sqrt(sum_i m^_i^2)= 0.717864  ratio= 0.059539  learning rate= 0.063697
step= 599  sqrt(max_i v^_i)  = 0.094093  sqrt(sum_i v^_i)  = 2.602639  ratio= 0.036153  learning rate= 0.063766
step= 599  sqrt(max_i m^_i^2)= 0.039211  sqrt(sum_i m^_i^2)= 0.707034  ratio= 0.055459  learning rate= 0.063766
step= 600  sqrt(max_i v^_i)  = 0.093989  sqrt(sum_i v^_i)  = 2.602578  ratio= 0.036114  learning rate= 0.063837
step= 600  sqrt(max_i m^_i^2)= 0.040889  sqrt(sum_i m^_i^2)= 0.714469  ratio= 0.057230  learning rate= 0.063837
step= 601  sqrt(max_i v^_i)  = 0.093890  sqrt(sum_i v^_i)  = 2.602415  ratio= 0.036078  learning rate= 0.063904
step= 601  sqrt(max_i m^_i^2)= 0.037544  sqrt(sum_i m^_i^2)= 0.707195  ratio= 0.053089  learning rate= 0.063904
step= 602  sqrt(max_i v^_i)  = 0.093790  sqrt(sum_i v^_i)  = 2.602211  ratio= 0.036042  learning rate= 0.063972
step= 602  sqrt(max_i m^_i^2)= 0.038418  sqrt(sum_i m^_i^2)= 0.708618  ratio= 0.054215  learning rate= 0.063972
step= 603  sqrt(max_i v^_i)  = 0.093693  sqrt(sum_i v^_i)  = 2.602041  ratio= 0.036007  learning rate= 0.064038
step= 603  sqrt(max_i m^_i^2)= 0.035320  sqrt(sum_i m^_i^2)= 0.710676  ratio= 0.049699  learning rate= 0.064038
step= 604  sqrt(max_i v^_i)  = 0.093629  sqrt(sum_i v^_i)  = 2.601896  ratio= 0.035985  learning rate= 0.064082
step= 604  sqrt(max_i m^_i^2)= 0.038357  sqrt(sum_i m^_i^2)= 0.712765  ratio= 0.053815  learning rate= 0.064082
step= 605  sqrt(max_i v^_i)  = 0.093525  sqrt(sum_i v^_i)  = 2.601842  ratio= 0.035946  learning rate= 0.064153
step= 605  sqrt(max_i m^_i^2)= 0.043033  sqrt(sum_i m^_i^2)= 0.722035  ratio= 0.059599  learning rate= 0.064153
step= 606  sqrt(max_i v^_i)  = 0.093423  sqrt(sum_i v^_i)  = 2.601605  ratio= 0.035910  learning rate= 0.064224
step= 606  sqrt(max_i m^_i^2)= 0.045620  sqrt(sum_i m^_i^2)= 0.719488  ratio= 0.063406  learning rate= 0.064224
step= 607  sqrt(max_i v^_i)  = 0.093321  sqrt(sum_i v^_i)  = 2.601464  ratio= 0.035873  learning rate= 0.064293
step= 607  sqrt(max_i m^_i^2)= 0.040397  sqrt(sum_i m^_i^2)= 0.718488  ratio= 0.056225  learning rate= 0.064293
step= 608  sqrt(max_i v^_i)  = 0.093221  sqrt(sum_i v^_i)  = 2.601236  ratio= 0.035837  learning rate= 0.064362
step= 608  sqrt(max_i m^_i^2)= 0.036303  sqrt(sum_i m^_i^2)= 0.713214  ratio= 0.050901  learning rate= 0.064362
step= 609  sqrt(max_i v^_i)  = 0.093120  sqrt(sum_i v^_i)  = 2.601017  ratio= 0.035801  learning rate= 0.064432
step= 609  sqrt(max_i m^_i^2)= 0.034717  sqrt(sum_i m^_i^2)= 0.709238  ratio= 0.048950  learning rate= 0.064432
step= 610  sqrt(max_i v^_i)  = 0.093023  sqrt(sum_i v^_i)  = 2.600813  ratio= 0.035767  learning rate= 0.064499
step= 610  sqrt(max_i m^_i^2)= 0.030649  sqrt(sum_i m^_i^2)= 0.706258  ratio= 0.043396  learning rate= 0.064499
step= 611  sqrt(max_i v^_i)  = 0.092930  sqrt(sum_i v^_i)  = 2.600683  ratio= 0.035733  learning rate= 0.064564
step= 611  sqrt(max_i m^_i^2)= 0.033158  sqrt(sum_i m^_i^2)= 0.708676  ratio= 0.046789  learning rate= 0.064564
step= 612  sqrt(max_i v^_i)  = 0.092836  sqrt(sum_i v^_i)  = 2.600407  ratio= 0.035700  learning rate= 0.064630
step= 612  sqrt(max_i m^_i^2)= 0.030311  sqrt(sum_i m^_i^2)= 0.706728  ratio= 0.042889  learning rate= 0.064630
step= 613  sqrt(max_i v^_i)  = 0.092758  sqrt(sum_i v^_i)  = 2.600312  ratio= 0.035672  learning rate= 0.064684
step= 613  sqrt(max_i m^_i^2)= 0.034847  sqrt(sum_i m^_i^2)= 0.710522  ratio= 0.049044  learning rate= 0.064684
step= 614  sqrt(max_i v^_i)  = 0.092677  sqrt(sum_i v^_i)  = 2.600200  ratio= 0.035642  learning rate= 0.064741
step= 614  sqrt(max_i m^_i^2)= 0.032307  sqrt(sum_i m^_i^2)= 0.710994  ratio= 0.045440  learning rate= 0.064741
step= 615  sqrt(max_i v^_i)  = 0.092622  sqrt(sum_i v^_i)  = 2.599928  ratio= 0.035625  learning rate= 0.064779
step= 615  sqrt(max_i m^_i^2)= 0.035152  sqrt(sum_i m^_i^2)= 0.707225  ratio= 0.049704  learning rate= 0.064779
step= 616  sqrt(max_i v^_i)  = 0.092522  sqrt(sum_i v^_i)  = 2.599689  ratio= 0.035589  learning rate= 0.064849
step= 616  sqrt(max_i m^_i^2)= 0.034514  sqrt(sum_i m^_i^2)= 0.705694  ratio= 0.048908  learning rate= 0.064849
step= 617  sqrt(max_i v^_i)  = 0.092422  sqrt(sum_i v^_i)  = 2.599683  ratio= 0.035551  learning rate= 0.064919
step= 617  sqrt(max_i m^_i^2)= 0.037050  sqrt(sum_i m^_i^2)= 0.706408  ratio= 0.052448  learning rate= 0.064919
step= 618  sqrt(max_i v^_i)  = 0.092325  sqrt(sum_i v^_i)  = 2.599494  ratio= 0.035516  learning rate= 0.064987
step= 618  sqrt(max_i m^_i^2)= 0.034231  sqrt(sum_i m^_i^2)= 0.704593  ratio= 0.048582  learning rate= 0.064987
step= 619  sqrt(max_i v^_i)  = 0.092230  sqrt(sum_i v^_i)  = 2.599385  ratio= 0.035481  learning rate= 0.065054
step= 619  sqrt(max_i m^_i^2)= 0.035027  sqrt(sum_i m^_i^2)= 0.706252  ratio= 0.049595  learning rate= 0.065054
step= 620  sqrt(max_i v^_i)  = 0.092131  sqrt(sum_i v^_i)  = 2.599116  ratio= 0.035447  learning rate= 0.065124
step= 620  sqrt(max_i m^_i^2)= 0.035138  sqrt(sum_i m^_i^2)= 0.702824  ratio= 0.049996  learning rate= 0.065124
step= 621  sqrt(max_i v^_i)  = 0.092035  sqrt(sum_i v^_i)  = 2.598881  ratio= 0.035413  learning rate= 0.065192
step= 621  sqrt(max_i m^_i^2)= 0.033318  sqrt(sum_i m^_i^2)= 0.699101  ratio= 0.047658  learning rate= 0.065192
step= 622  sqrt(max_i v^_i)  = 0.091949  sqrt(sum_i v^_i)  = 2.598735  ratio= 0.035382  learning rate= 0.065253
step= 622  sqrt(max_i m^_i^2)= 0.036879  sqrt(sum_i m^_i^2)= 0.701889  ratio= 0.052543  learning rate= 0.065253
step= 623  sqrt(max_i v^_i)  = 0.091853  sqrt(sum_i v^_i)  = 2.598691  ratio= 0.035346  learning rate= 0.065321
step= 623  sqrt(max_i m^_i^2)= 0.036917  sqrt(sum_i m^_i^2)= 0.701576  ratio= 0.052620  learning rate= 0.065321
step= 624  sqrt(max_i v^_i)  = 0.091760  sqrt(sum_i v^_i)  = 2.598515  ratio= 0.035312  learning rate= 0.065387
step= 624  sqrt(max_i m^_i^2)= 0.039711  sqrt(sum_i m^_i^2)= 0.700720  ratio= 0.056671  learning rate= 0.065387
step= 625  sqrt(max_i v^_i)  = 0.091671  sqrt(sum_i v^_i)  = 2.598342  ratio= 0.035280  learning rate= 0.065451
step= 625  sqrt(max_i m^_i^2)= 0.036727  sqrt(sum_i m^_i^2)= 0.701950  ratio= 0.052322  learning rate= 0.065451
step= 626  sqrt(max_i v^_i)  = 0.091580  sqrt(sum_i v^_i)  = 2.598195  ratio= 0.035248  learning rate= 0.065516
step= 626  sqrt(max_i m^_i^2)= 0.034586  sqrt(sum_i m^_i^2)= 0.700443  ratio= 0.049377  learning rate= 0.065516
step= 627  sqrt(max_i v^_i)  = 0.091496  sqrt(sum_i v^_i)  = 2.598041  ratio= 0.035217  learning rate= 0.065576
step= 627  sqrt(max_i m^_i^2)= 0.033827  sqrt(sum_i m^_i^2)= 0.701184  ratio= 0.048243  learning rate= 0.065576
step= 628  sqrt(max_i v^_i)  = 0.091411  sqrt(sum_i v^_i)  = 2.597933  ratio= 0.035186  learning rate= 0.065637
step= 628  sqrt(max_i m^_i^2)= 0.037998  sqrt(sum_i m^_i^2)= 0.700232  ratio= 0.054265  learning rate= 0.065637
step= 629  sqrt(max_i v^_i)  = 0.091315  sqrt(sum_i v^_i)  = 2.597655  ratio= 0.035153  learning rate= 0.065706
step= 629  sqrt(max_i m^_i^2)= 0.037869  sqrt(sum_i m^_i^2)= 0.696970  ratio= 0.054334  learning rate= 0.065706
step= 630  sqrt(max_i v^_i)  = 0.091227  sqrt(sum_i v^_i)  = 2.597528  ratio= 0.035121  learning rate= 0.065769
step= 630  sqrt(max_i m^_i^2)= 0.037752  sqrt(sum_i m^_i^2)= 0.699115  ratio= 0.054000  learning rate= 0.065769
step= 631  sqrt(max_i v^_i)  = 0.091130  sqrt(sum_i v^_i)  = 2.597282  ratio= 0.035087  learning rate= 0.065840
step= 631  sqrt(max_i m^_i^2)= 0.036677  sqrt(sum_i m^_i^2)= 0.697196  ratio= 0.052606  learning rate= 0.065840
step= 632  sqrt(max_i v^_i)  = 0.091038  sqrt(sum_i v^_i)  = 2.597108  ratio= 0.035054  learning rate= 0.065906
step= 632  sqrt(max_i m^_i^2)= 0.035954  sqrt(sum_i m^_i^2)= 0.695181  ratio= 0.051719  learning rate= 0.065906
step= 633  sqrt(max_i v^_i)  = 0.090945  sqrt(sum_i v^_i)  = 2.597036  ratio= 0.035019  learning rate= 0.065974
step= 633  sqrt(max_i m^_i^2)= 0.032897  sqrt(sum_i m^_i^2)= 0.693112  ratio= 0.047463  learning rate= 0.065974
step= 634  sqrt(max_i v^_i)  = 0.090852  sqrt(sum_i v^_i)  = 2.596849  ratio= 0.034985  learning rate= 0.066041
step= 634  sqrt(max_i m^_i^2)= 0.031196  sqrt(sum_i m^_i^2)= 0.691896  ratio= 0.045088  learning rate= 0.066041
step= 635  sqrt(max_i v^_i)  = 0.090762  sqrt(sum_i v^_i)  = 2.596578  ratio= 0.034954  learning rate= 0.066106
step= 635  sqrt(max_i m^_i^2)= 0.033684  sqrt(sum_i m^_i^2)= 0.691911  ratio= 0.048682  learning rate= 0.066106
step= 636  sqrt(max_i v^_i)  = 0.090666  sqrt(sum_i v^_i)  = 2.596497  ratio= 0.034918  learning rate= 0.066176
step= 636  sqrt(max_i m^_i^2)= 0.028659  sqrt(sum_i m^_i^2)= 0.693287  ratio= 0.041338  learning rate= 0.066176
step= 637  sqrt(max_i v^_i)  = 0.090571  sqrt(sum_i v^_i)  = 2.596275  ratio= 0.034885  learning rate= 0.066246
step= 637  sqrt(max_i m^_i^2)= 0.029660  sqrt(sum_i m^_i^2)= 0.692173  ratio= 0.042850  learning rate= 0.066246
step= 638  sqrt(max_i v^_i)  = 0.090475  sqrt(sum_i v^_i)  = 2.596281  ratio= 0.034848  learning rate= 0.066316
step= 638  sqrt(max_i m^_i^2)= 0.034661  sqrt(sum_i m^_i^2)= 0.696166  ratio= 0.049788  learning rate= 0.066316
step= 639  sqrt(max_i v^_i)  = 0.090382  sqrt(sum_i v^_i)  = 2.596067  ratio= 0.034815  learning rate= 0.066384
step= 639  sqrt(max_i m^_i^2)= 0.037474  sqrt(sum_i m^_i^2)= 0.697271  ratio= 0.053744  learning rate= 0.066384
step= 640  sqrt(max_i v^_i)  = 0.090288  sqrt(sum_i v^_i)  = 2.595919  ratio= 0.034781  learning rate= 0.066453
step= 640  sqrt(max_i m^_i^2)= 0.033211  sqrt(sum_i m^_i^2)= 0.696202  ratio= 0.047703  learning rate= 0.066453
step= 641  sqrt(max_i v^_i)  = 0.090203  sqrt(sum_i v^_i)  = 2.595738  ratio= 0.034750  learning rate= 0.066516
step= 641  sqrt(max_i m^_i^2)= 0.032805  sqrt(sum_i m^_i^2)= 0.696973  ratio= 0.047067  learning rate= 0.066516
step= 642  sqrt(max_i v^_i)  = 0.090111  sqrt(sum_i v^_i)  = 2.595523  ratio= 0.034718  learning rate= 0.066584
step= 642  sqrt(max_i m^_i^2)= 0.032956  sqrt(sum_i m^_i^2)= 0.695898  ratio= 0.047358  learning rate= 0.066584
step= 643  sqrt(max_i v^_i)  = 0.090024  sqrt(sum_i v^_i)  = 2.595352  ratio= 0.034686  learning rate= 0.066648
step= 643  sqrt(max_i m^_i^2)= 0.032120  sqrt(sum_i m^_i^2)= 0.696576  ratio= 0.046111  learning rate= 0.066648
step= 644  sqrt(max_i v^_i)  = 0.089934  sqrt(sum_i v^_i)  = 2.595123  ratio= 0.034655  learning rate= 0.066715
step= 644  sqrt(max_i m^_i^2)= 0.032915  sqrt(sum_i m^_i^2)= 0.698358  ratio= 0.047132  learning rate= 0.066715
step= 645  sqrt(max_i v^_i)  = 0.089839  sqrt(sum_i v^_i)  = 2.594862  ratio= 0.034622  learning rate= 0.066785
step= 645  sqrt(max_i m^_i^2)= 0.028213  sqrt(sum_i m^_i^2)= 0.697036  ratio= 0.040476  learning rate= 0.066785
step= 646  sqrt(max_i v^_i)  = 0.089745  sqrt(sum_i v^_i)  = 2.594597  ratio= 0.034589  learning rate= 0.066855
step= 646  sqrt(max_i m^_i^2)= 0.029088  sqrt(sum_i m^_i^2)= 0.698340  ratio= 0.041653  learning rate= 0.066855
step= 647  sqrt(max_i v^_i)  = 0.089655  sqrt(sum_i v^_i)  = 2.594364  ratio= 0.034558  learning rate= 0.066922
step= 647  sqrt(max_i m^_i^2)= 0.027800  sqrt(sum_i m^_i^2)= 0.696463  ratio= 0.039916  learning rate= 0.066922
step= 648  sqrt(max_i v^_i)  = 0.089574  sqrt(sum_i v^_i)  = 2.594129  ratio= 0.034530  learning rate= 0.066983
step= 648  sqrt(max_i m^_i^2)= 0.029620  sqrt(sum_i m^_i^2)= 0.694838  ratio= 0.042629  learning rate= 0.066983
step= 649  sqrt(max_i v^_i)  = 0.089483  sqrt(sum_i v^_i)  = 2.594017  ratio= 0.034496  learning rate= 0.067051
step= 649  sqrt(max_i m^_i^2)= 0.029059  sqrt(sum_i m^_i^2)= 0.696529  ratio= 0.041720  learning rate= 0.067051
step= 650  sqrt(max_i v^_i)  = 0.089391  sqrt(sum_i v^_i)  = 2.593831  ratio= 0.034463  learning rate= 0.067120
step= 650  sqrt(max_i m^_i^2)= 0.028533  sqrt(sum_i m^_i^2)= 0.701125  ratio= 0.040695  learning rate= 0.067120
step= 651  sqrt(max_i v^_i)  = 0.089300  sqrt(sum_i v^_i)  = 2.593625  ratio= 0.034431  learning rate= 0.067188
step= 651  sqrt(max_i m^_i^2)= 0.028075  sqrt(sum_i m^_i^2)= 0.698413  ratio= 0.040198  learning rate= 0.067188
step= 652  sqrt(max_i v^_i)  = 0.089211  sqrt(sum_i v^_i)  = 2.593465  ratio= 0.034398  learning rate= 0.067256
step= 652  sqrt(max_i m^_i^2)= 0.027980  sqrt(sum_i m^_i^2)= 0.696519  ratio= 0.040171  learning rate= 0.067256
step= 653  sqrt(max_i v^_i)  = 0.089122  sqrt(sum_i v^_i)  = 2.593287  ratio= 0.034366  learning rate= 0.067323
step= 653  sqrt(max_i m^_i^2)= 0.032468  sqrt(sum_i m^_i^2)= 0.696706  ratio= 0.046603  learning rate= 0.067323
step= 654  sqrt(max_i v^_i)  = 0.089040  sqrt(sum_i v^_i)  = 2.593048  ratio= 0.034338  learning rate= 0.067385
step= 654  sqrt(max_i m^_i^2)= 0.027725  sqrt(sum_i m^_i^2)= 0.692046  ratio= 0.040063  learning rate= 0.067385
step= 655  sqrt(max_i v^_i)  = 0.088962  sqrt(sum_i v^_i)  = 2.592889  ratio= 0.034310  learning rate= 0.067444
step= 655  sqrt(max_i m^_i^2)= 0.031329  sqrt(sum_i m^_i^2)= 0.693575  ratio= 0.045170  learning rate= 0.067444
step= 656  sqrt(max_i v^_i)  = 0.088870  sqrt(sum_i v^_i)  = 2.592717  ratio= 0.034277  learning rate= 0.067514
step= 656  sqrt(max_i m^_i^2)= 0.030527  sqrt(sum_i m^_i^2)= 0.699227  ratio= 0.043658  learning rate= 0.067514
step= 657  sqrt(max_i v^_i)  = 0.088778  sqrt(sum_i v^_i)  = 2.592576  ratio= 0.034243  learning rate= 0.067584
step= 657  sqrt(max_i m^_i^2)= 0.028698  sqrt(sum_i m^_i^2)= 0.701076  ratio= 0.040934  learning rate= 0.067584
step= 658  sqrt(max_i v^_i)  = 0.088686  sqrt(sum_i v^_i)  = 2.592399  ratio= 0.034210  learning rate= 0.067653
step= 658  sqrt(max_i m^_i^2)= 0.030000  sqrt(sum_i m^_i^2)= 0.703020  ratio= 0.042673  learning rate= 0.067653
step= 659  sqrt(max_i v^_i)  = 0.088595  sqrt(sum_i v^_i)  = 2.592184  ratio= 0.034178  learning rate= 0.067723
step= 659  sqrt(max_i m^_i^2)= 0.030445  sqrt(sum_i m^_i^2)= 0.700545  ratio= 0.043459  learning rate= 0.067723
step= 660  sqrt(max_i v^_i)  = 0.088504  sqrt(sum_i v^_i)  = 2.592056  ratio= 0.034144  learning rate= 0.067793
step= 660  sqrt(max_i m^_i^2)= 0.027846  sqrt(sum_i m^_i^2)= 0.696555  ratio= 0.039977  learning rate= 0.067793
step= 661  sqrt(max_i v^_i)  = 0.088412  sqrt(sum_i v^_i)  = 2.591851  ratio= 0.034112  learning rate= 0.067863
step= 661  sqrt(max_i m^_i^2)= 0.027064  sqrt(sum_i m^_i^2)= 0.694875  ratio= 0.038948  learning rate= 0.067863
step= 662  sqrt(max_i v^_i)  = 0.088321  sqrt(sum_i v^_i)  = 2.591682  ratio= 0.034079  learning rate= 0.067933
step= 662  sqrt(max_i m^_i^2)= 0.027555  sqrt(sum_i m^_i^2)= 0.696129  ratio= 0.039584  learning rate= 0.067933
step= 663  sqrt(max_i v^_i)  = 0.088243  sqrt(sum_i v^_i)  = 2.591566  ratio= 0.034050  learning rate= 0.067993
step= 663  sqrt(max_i m^_i^2)= 0.028109  sqrt(sum_i m^_i^2)= 0.693323  ratio= 0.040543  learning rate= 0.067993
step= 664  sqrt(max_i v^_i)  = 0.088167  sqrt(sum_i v^_i)  = 2.591369  ratio= 0.034023  learning rate= 0.068052
step= 664  sqrt(max_i m^_i^2)= 0.027031  sqrt(sum_i m^_i^2)= 0.690736  ratio= 0.039133  learning rate= 0.068052
step= 665  sqrt(max_i v^_i)  = 0.088082  sqrt(sum_i v^_i)  = 2.591138  ratio= 0.033993  learning rate= 0.068118
step= 665  sqrt(max_i m^_i^2)= 0.027975  sqrt(sum_i m^_i^2)= 0.690400  ratio= 0.040520  learning rate= 0.068118
step= 666  sqrt(max_i v^_i)  = 0.087992  sqrt(sum_i v^_i)  = 2.590931  ratio= 0.033962  learning rate= 0.068187
step= 666  sqrt(max_i m^_i^2)= 0.029242  sqrt(sum_i m^_i^2)= 0.693886  ratio= 0.042143  learning rate= 0.068187
step= 667  sqrt(max_i v^_i)  = 0.087932  sqrt(sum_i v^_i)  = 2.590802  ratio= 0.033940  learning rate= 0.068233
step= 667  sqrt(max_i m^_i^2)= 0.025582  sqrt(sum_i m^_i^2)= 0.692504  ratio= 0.036941  learning rate= 0.068233
step= 668  sqrt(max_i v^_i)  = 0.087843  sqrt(sum_i v^_i)  = 2.590661  ratio= 0.033908  learning rate= 0.068303
step= 668  sqrt(max_i m^_i^2)= 0.026467  sqrt(sum_i m^_i^2)= 0.692671  ratio= 0.038210  learning rate= 0.068303
step= 669  sqrt(max_i v^_i)  = 0.087753  sqrt(sum_i v^_i)  = 2.590515  ratio= 0.033875  learning rate= 0.068373
step= 669  sqrt(max_i m^_i^2)= 0.030213  sqrt(sum_i m^_i^2)= 0.691715  ratio= 0.043679  learning rate= 0.068373
step= 670  sqrt(max_i v^_i)  = 0.087668  sqrt(sum_i v^_i)  = 2.590309  ratio= 0.033844  learning rate= 0.068440
step= 670  sqrt(max_i m^_i^2)= 0.034556  sqrt(sum_i m^_i^2)= 0.687515  ratio= 0.050262  learning rate= 0.068440
step= 671  sqrt(max_i v^_i)  = 0.087582  sqrt(sum_i v^_i)  = 2.590110  ratio= 0.033814  learning rate= 0.068507
step= 671  sqrt(max_i m^_i^2)= 0.027785  sqrt(sum_i m^_i^2)= 0.687010  ratio= 0.040443  learning rate= 0.068507
step= 672  sqrt(max_i v^_i)  = 0.087498  sqrt(sum_i v^_i)  = 2.590082  ratio= 0.033782  learning rate= 0.068572
step= 672  sqrt(max_i m^_i^2)= 0.034312  sqrt(sum_i m^_i^2)= 0.692312  ratio= 0.049561  learning rate= 0.068572
step= 673  sqrt(max_i v^_i)  = 0.087417  sqrt(sum_i v^_i)  = 2.590125  ratio= 0.033750  learning rate= 0.068636
step= 673  sqrt(max_i m^_i^2)= 0.031061  sqrt(sum_i m^_i^2)= 0.699486  ratio= 0.044406  learning rate= 0.068636
step= 674  sqrt(max_i v^_i)  = 0.087330  sqrt(sum_i v^_i)  = 2.589979  ratio= 0.033718  learning rate= 0.068704
step= 674  sqrt(max_i m^_i^2)= 0.031608  sqrt(sum_i m^_i^2)= 0.698861  ratio= 0.045228  learning rate= 0.068704
step= 675  sqrt(max_i v^_i)  = 0.087246  sqrt(sum_i v^_i)  = 2.589865  ratio= 0.033688  learning rate= 0.068770
step= 675  sqrt(max_i m^_i^2)= 0.035013  sqrt(sum_i m^_i^2)= 0.700490  ratio= 0.049984  learning rate= 0.068770
step= 676  sqrt(max_i v^_i)  = 0.087158  sqrt(sum_i v^_i)  = 2.589820  ratio= 0.033654  learning rate= 0.068840
step= 676  sqrt(max_i m^_i^2)= 0.038077  sqrt(sum_i m^_i^2)= 0.699687  ratio= 0.054421  learning rate= 0.068840
step= 677  sqrt(max_i v^_i)  = 0.087070  sqrt(sum_i v^_i)  = 2.589632  ratio= 0.033622  learning rate= 0.068910
step= 677  sqrt(max_i m^_i^2)= 0.035981  sqrt(sum_i m^_i^2)= 0.696744  ratio= 0.051641  learning rate= 0.068910
step= 678  sqrt(max_i v^_i)  = 0.086982  sqrt(sum_i v^_i)  = 2.589453  ratio= 0.033591  learning rate= 0.068979
step= 678  sqrt(max_i m^_i^2)= 0.035521  sqrt(sum_i m^_i^2)= 0.690982  ratio= 0.051407  learning rate= 0.068979
step= 679  sqrt(max_i v^_i)  = 0.086926  sqrt(sum_i v^_i)  = 2.589330  ratio= 0.033571  learning rate= 0.069024
step= 679  sqrt(max_i m^_i^2)= 0.033347  sqrt(sum_i m^_i^2)= 0.692269  ratio= 0.048171  learning rate= 0.069024
step= 680  sqrt(max_i v^_i)  = 0.086852  sqrt(sum_i v^_i)  = 2.589164  ratio= 0.033544  learning rate= 0.069082
step= 680  sqrt(max_i m^_i^2)= 0.034862  sqrt(sum_i m^_i^2)= 0.695953  ratio= 0.050093  learning rate= 0.069082
step= 681  sqrt(max_i v^_i)  = 0.086764  sqrt(sum_i v^_i)  = 2.589031  ratio= 0.033512  learning rate= 0.069152
step= 681  sqrt(max_i m^_i^2)= 0.037609  sqrt(sum_i m^_i^2)= 0.695265  ratio= 0.054093  learning rate= 0.069152
step= 682  sqrt(max_i v^_i)  = 0.086683  sqrt(sum_i v^_i)  = 2.588863  ratio= 0.033483  learning rate= 0.069217
step= 682  sqrt(max_i m^_i^2)= 0.038139  sqrt(sum_i m^_i^2)= 0.694774  ratio= 0.054894  learning rate= 0.069217
step= 683  sqrt(max_i v^_i)  = 0.086600  sqrt(sum_i v^_i)  = 2.588684  ratio= 0.033453  learning rate= 0.069283
step= 683  sqrt(max_i m^_i^2)= 0.037575  sqrt(sum_i m^_i^2)= 0.689622  ratio= 0.054487  learning rate= 0.069283
step= 684  sqrt(max_i v^_i)  = 0.086534  sqrt(sum_i v^_i)  = 2.588594  ratio= 0.033429  learning rate= 0.069336
step= 684  sqrt(max_i m^_i^2)= 0.037470  sqrt(sum_i m^_i^2)= 0.693363  ratio= 0.054041  learning rate= 0.069336
step= 685  sqrt(max_i v^_i)  = 0.086471  sqrt(sum_i v^_i)  = 2.588424  ratio= 0.033407  learning rate= 0.069387
step= 685  sqrt(max_i m^_i^2)= 0.039317  sqrt(sum_i m^_i^2)= 0.698597  ratio= 0.056280  learning rate= 0.069387
step= 686  sqrt(max_i v^_i)  = 0.086384  sqrt(sum_i v^_i)  = 2.588192  ratio= 0.033376  learning rate= 0.069457
step= 686  sqrt(max_i m^_i^2)= 0.035154  sqrt(sum_i m^_i^2)= 0.689320  ratio= 0.050998  learning rate= 0.069457
step= 687  sqrt(max_i v^_i)  = 0.086302  sqrt(sum_i v^_i)  = 2.588118  ratio= 0.033346  learning rate= 0.069522
step= 687  sqrt(max_i m^_i^2)= 0.034561  sqrt(sum_i m^_i^2)= 0.690189  ratio= 0.050074  learning rate= 0.069522
step= 688  sqrt(max_i v^_i)  = 0.086222  sqrt(sum_i v^_i)  = 2.587989  ratio= 0.033316  learning rate= 0.069587
step= 688  sqrt(max_i m^_i^2)= 0.042785  sqrt(sum_i m^_i^2)= 0.691362  ratio= 0.061886  learning rate= 0.069587
step= 689  sqrt(max_i v^_i)  = 0.086136  sqrt(sum_i v^_i)  = 2.587775  ratio= 0.033286  learning rate= 0.069657
step= 689  sqrt(max_i m^_i^2)= 0.032712  sqrt(sum_i m^_i^2)= 0.682544  ratio= 0.047926  learning rate= 0.069657
step= 690  sqrt(max_i v^_i)  = 0.086072  sqrt(sum_i v^_i)  = 2.587545  ratio= 0.033264  learning rate= 0.069709
step= 690  sqrt(max_i m^_i^2)= 0.027072  sqrt(sum_i m^_i^2)= 0.681870  ratio= 0.039703  learning rate= 0.069709
step= 691  sqrt(max_i v^_i)  = 0.085987  sqrt(sum_i v^_i)  = 2.587401  ratio= 0.033233  learning rate= 0.069777
step= 691  sqrt(max_i m^_i^2)= 0.022830  sqrt(sum_i m^_i^2)= 0.681566  ratio= 0.033496  learning rate= 0.069777
step= 692  sqrt(max_i v^_i)  = 0.085901  sqrt(sum_i v^_i)  = 2.587203  ratio= 0.033202  learning rate= 0.069847
step= 692  sqrt(max_i m^_i^2)= 0.023619  sqrt(sum_i m^_i^2)= 0.676928  ratio= 0.034892  learning rate= 0.069847
step= 693  sqrt(max_i v^_i)  = 0.085818  sqrt(sum_i v^_i)  = 2.586987  ratio= 0.033173  learning rate= 0.069914
step= 693  sqrt(max_i m^_i^2)= 0.028152  sqrt(sum_i m^_i^2)= 0.677548  ratio= 0.041550  learning rate= 0.069914
step= 694  sqrt(max_i v^_i)  = 0.085742  sqrt(sum_i v^_i)  = 2.586791  ratio= 0.033146  learning rate= 0.069976
step= 694  sqrt(max_i m^_i^2)= 0.027083  sqrt(sum_i m^_i^2)= 0.675393  ratio= 0.040100  learning rate= 0.069976
step= 695  sqrt(max_i v^_i)  = 0.085662  sqrt(sum_i v^_i)  = 2.586608  ratio= 0.033117  learning rate= 0.070042
step= 695  sqrt(max_i m^_i^2)= 0.023209  sqrt(sum_i m^_i^2)= 0.676623  ratio= 0.034301  learning rate= 0.070042
step= 696  sqrt(max_i v^_i)  = 0.085582  sqrt(sum_i v^_i)  = 2.586577  ratio= 0.033087  learning rate= 0.070107
step= 696  sqrt(max_i m^_i^2)= 0.029430  sqrt(sum_i m^_i^2)= 0.680353  ratio= 0.043257  learning rate= 0.070107
step= 697  sqrt(max_i v^_i)  = 0.085513  sqrt(sum_i v^_i)  = 2.586323  ratio= 0.033064  learning rate= 0.070164
step= 697  sqrt(max_i m^_i^2)= 0.031146  sqrt(sum_i m^_i^2)= 0.678364  ratio= 0.045913  learning rate= 0.070164
step= 698  sqrt(max_i v^_i)  = 0.085431  sqrt(sum_i v^_i)  = 2.586182  ratio= 0.033034  learning rate= 0.070231
step= 698  sqrt(max_i m^_i^2)= 0.033624  sqrt(sum_i m^_i^2)= 0.680098  ratio= 0.049440  learning rate= 0.070231
step= 699  sqrt(max_i v^_i)  = 0.085346  sqrt(sum_i v^_i)  = 2.586019  ratio= 0.033003  learning rate= 0.070301
step= 699  sqrt(max_i m^_i^2)= 0.032144  sqrt(sum_i m^_i^2)= 0.677227  ratio= 0.047464  learning rate= 0.070301
step= 700  sqrt(max_i v^_i)  = 0.085261  sqrt(sum_i v^_i)  = 2.585899  ratio= 0.032972  learning rate= 0.070371
step= 700  sqrt(max_i m^_i^2)= 0.031782  sqrt(sum_i m^_i^2)= 0.680628  ratio= 0.046696  learning rate= 0.070371
step= 701  sqrt(max_i v^_i)  = 0.085177  sqrt(sum_i v^_i)  = 2.585815  ratio= 0.032940  learning rate= 0.070441
step= 701  sqrt(max_i m^_i^2)= 0.033399  sqrt(sum_i m^_i^2)= 0.683431  ratio= 0.048869  learning rate= 0.070441
step= 702  sqrt(max_i v^_i)  = 0.085100  sqrt(sum_i v^_i)  = 2.585710  ratio= 0.032912  learning rate= 0.070504
step= 702  sqrt(max_i m^_i^2)= 0.035824  sqrt(sum_i m^_i^2)= 0.682851  ratio= 0.052463  learning rate= 0.070504
step= 703  sqrt(max_i v^_i)  = 0.085019  sqrt(sum_i v^_i)  = 2.585521  ratio= 0.032883  learning rate= 0.070572
step= 703  sqrt(max_i m^_i^2)= 0.033153  sqrt(sum_i m^_i^2)= 0.682788  ratio= 0.048555  learning rate= 0.070572
step= 704  sqrt(max_i v^_i)  = 0.084937  sqrt(sum_i v^_i)  = 2.585339  ratio= 0.032854  learning rate= 0.070639
step= 704  sqrt(max_i m^_i^2)= 0.033518  sqrt(sum_i m^_i^2)= 0.683349  ratio= 0.049049  learning rate= 0.070639
step= 705  sqrt(max_i v^_i)  = 0.084859  sqrt(sum_i v^_i)  = 2.585098  ratio= 0.032826  learning rate= 0.070705
step= 705  sqrt(max_i m^_i^2)= 0.032672  sqrt(sum_i m^_i^2)= 0.679934  ratio= 0.048052  learning rate= 0.070705
step= 706  sqrt(max_i v^_i)  = 0.084786  sqrt(sum_i v^_i)  = 2.584966  ratio= 0.032800  learning rate= 0.070765
step= 706  sqrt(max_i m^_i^2)= 0.031074  sqrt(sum_i m^_i^2)= 0.676401  ratio= 0.045940  learning rate= 0.070765
step= 707  sqrt(max_i v^_i)  = 0.084712  sqrt(sum_i v^_i)  = 2.584844  ratio= 0.032773  learning rate= 0.070827
step= 707  sqrt(max_i m^_i^2)= 0.036644  sqrt(sum_i m^_i^2)= 0.679246  ratio= 0.053948  learning rate= 0.070827
step= 708  sqrt(max_i v^_i)  = 0.084641  sqrt(sum_i v^_i)  = 2.584608  ratio= 0.032748  learning rate= 0.070886
step= 708  sqrt(max_i m^_i^2)= 0.034861  sqrt(sum_i m^_i^2)= 0.681023  ratio= 0.051189  learning rate= 0.070886
step= 709  sqrt(max_i v^_i)  = 0.084559  sqrt(sum_i v^_i)  = 2.584489  ratio= 0.032718  learning rate= 0.070956
step= 709  sqrt(max_i m^_i^2)= 0.036169  sqrt(sum_i m^_i^2)= 0.682154  ratio= 0.053022  learning rate= 0.070956
step= 710  sqrt(max_i v^_i)  = 0.084476  sqrt(sum_i v^_i)  = 2.584354  ratio= 0.032687  learning rate= 0.071026
step= 710  sqrt(max_i m^_i^2)= 0.034433  sqrt(sum_i m^_i^2)= 0.678227  ratio= 0.050770  learning rate= 0.071026
step= 711  sqrt(max_i v^_i)  = 0.084405  sqrt(sum_i v^_i)  = 2.584262  ratio= 0.032661  learning rate= 0.071085
step= 711  sqrt(max_i m^_i^2)= 0.036755  sqrt(sum_i m^_i^2)= 0.680829  ratio= 0.053985  learning rate= 0.071085
step= 712  sqrt(max_i v^_i)  = 0.084328  sqrt(sum_i v^_i)  = 2.584164  ratio= 0.032633  learning rate= 0.071150
step= 712  sqrt(max_i m^_i^2)= 0.034960  sqrt(sum_i m^_i^2)= 0.681443  ratio= 0.051303  learning rate= 0.071150
step= 713  sqrt(max_i v^_i)  = 0.084248  sqrt(sum_i v^_i)  = 2.584057  ratio= 0.032603  learning rate= 0.071217
step= 713  sqrt(max_i m^_i^2)= 0.032514  sqrt(sum_i m^_i^2)= 0.681534  ratio= 0.047706  learning rate= 0.071217
step= 714  sqrt(max_i v^_i)  = 0.084173  sqrt(sum_i v^_i)  = 2.583888  ratio= 0.032576  learning rate= 0.071281
step= 714  sqrt(max_i m^_i^2)= 0.030624  sqrt(sum_i m^_i^2)= 0.682990  ratio= 0.044838  learning rate= 0.071281
step= 715  sqrt(max_i v^_i)  = 0.084092  sqrt(sum_i v^_i)  = 2.583760  ratio= 0.032546  learning rate= 0.071350
step= 715  sqrt(max_i m^_i^2)= 0.025040  sqrt(sum_i m^_i^2)= 0.680867  ratio= 0.036777  learning rate= 0.071350
step= 716  sqrt(max_i v^_i)  = 0.084010  sqrt(sum_i v^_i)  = 2.583608  ratio= 0.032517  learning rate= 0.071419
step= 716  sqrt(max_i m^_i^2)= 0.027781  sqrt(sum_i m^_i^2)= 0.682691  ratio= 0.040694  learning rate= 0.071419
step= 717  sqrt(max_i v^_i)  = 0.083929  sqrt(sum_i v^_i)  = 2.583431  ratio= 0.032487  learning rate= 0.071488
step= 717  sqrt(max_i m^_i^2)= 0.026365  sqrt(sum_i m^_i^2)= 0.682521  ratio= 0.038629  learning rate= 0.071488
step= 718  sqrt(max_i v^_i)  = 0.083849  sqrt(sum_i v^_i)  = 2.583311  ratio= 0.032458  learning rate= 0.071557
step= 718  sqrt(max_i m^_i^2)= 0.025090  sqrt(sum_i m^_i^2)= 0.680702  ratio= 0.036859  learning rate= 0.071557
step= 719  sqrt(max_i v^_i)  = 0.083767  sqrt(sum_i v^_i)  = 2.583176  ratio= 0.032428  learning rate= 0.071627
step= 719  sqrt(max_i m^_i^2)= 0.027826  sqrt(sum_i m^_i^2)= 0.683055  ratio= 0.040738  learning rate= 0.071627
step= 720  sqrt(max_i v^_i)  = 0.083687  sqrt(sum_i v^_i)  = 2.583023  ratio= 0.032399  learning rate= 0.071695
step= 720  sqrt(max_i m^_i^2)= 0.023873  sqrt(sum_i m^_i^2)= 0.681491  ratio= 0.035030  learning rate= 0.071695
step= 721  sqrt(max_i v^_i)  = 0.083606  sqrt(sum_i v^_i)  = 2.582870  ratio= 0.032370  learning rate= 0.071764
step= 721  sqrt(max_i m^_i^2)= 0.024730  sqrt(sum_i m^_i^2)= 0.679460  ratio= 0.036397  learning rate= 0.071764
step= 722  sqrt(max_i v^_i)  = 0.083538  sqrt(sum_i v^_i)  = 2.582699  ratio= 0.032345  learning rate= 0.071823
step= 722  sqrt(max_i m^_i^2)= 0.028199  sqrt(sum_i m^_i^2)= 0.680216  ratio= 0.041456  learning rate= 0.071823
step= 723  sqrt(max_i v^_i)  = 0.083462  sqrt(sum_i v^_i)  = 2.582522  ratio= 0.032318  learning rate= 0.071888
step= 723  sqrt(max_i m^_i^2)= 0.030674  sqrt(sum_i m^_i^2)= 0.678341  ratio= 0.045219  learning rate= 0.071888
step= 724  sqrt(max_i v^_i)  = 0.083381  sqrt(sum_i v^_i)  = 2.582378  ratio= 0.032289  learning rate= 0.071958
step= 724  sqrt(max_i m^_i^2)= 0.027076  sqrt(sum_i m^_i^2)= 0.680572  ratio= 0.039784  learning rate= 0.071958
step= 725  sqrt(max_i v^_i)  = 0.083302  sqrt(sum_i v^_i)  = 2.582218  ratio= 0.032260  learning rate= 0.072026
step= 725  sqrt(max_i m^_i^2)= 0.022336  sqrt(sum_i m^_i^2)= 0.681336  ratio= 0.032783  learning rate= 0.072026
step= 726  sqrt(max_i v^_i)  = 0.083225  sqrt(sum_i v^_i)  = 2.582103  ratio= 0.032232  learning rate= 0.072093
step= 726  sqrt(max_i m^_i^2)= 0.023711  sqrt(sum_i m^_i^2)= 0.680062  ratio= 0.034867  learning rate= 0.072093
step= 727  sqrt(max_i v^_i)  = 0.083154  sqrt(sum_i v^_i)  = 2.581967  ratio= 0.032205  learning rate= 0.072155
step= 727  sqrt(max_i m^_i^2)= 0.024584  sqrt(sum_i m^_i^2)= 0.678189  ratio= 0.036250  learning rate= 0.072155
step= 728  sqrt(max_i v^_i)  = 0.083077  sqrt(sum_i v^_i)  = 2.581744  ratio= 0.032179  learning rate= 0.072221
step= 728  sqrt(max_i m^_i^2)= 0.023042  sqrt(sum_i m^_i^2)= 0.676839  ratio= 0.034044  learning rate= 0.072221
step= 729  sqrt(max_i v^_i)  = 0.082998  sqrt(sum_i v^_i)  = 2.581603  ratio= 0.032150  learning rate= 0.072290
step= 729  sqrt(max_i m^_i^2)= 0.023396  sqrt(sum_i m^_i^2)= 0.677815  ratio= 0.034517  learning rate= 0.072290
step= 730  sqrt(max_i v^_i)  = 0.082918  sqrt(sum_i v^_i)  = 2.581536  ratio= 0.032120  learning rate= 0.072360
step= 730  sqrt(max_i m^_i^2)= 0.028156  sqrt(sum_i m^_i^2)= 0.680153  ratio= 0.041397  learning rate= 0.072360
step= 731  sqrt(max_i v^_i)  = 0.082855  sqrt(sum_i v^_i)  = 2.581332  ratio= 0.032098  learning rate= 0.072415
step= 731  sqrt(max_i m^_i^2)= 0.024651  sqrt(sum_i m^_i^2)= 0.679663  ratio= 0.036269  learning rate= 0.072415
step= 732  sqrt(max_i v^_i)  = 0.082786  sqrt(sum_i v^_i)  = 2.581231  ratio= 0.032072  learning rate= 0.072475
step= 732  sqrt(max_i m^_i^2)= 0.029226  sqrt(sum_i m^_i^2)= 0.678240  ratio= 0.043092  learning rate= 0.072475
step= 733  sqrt(max_i v^_i)  = 0.082710  sqrt(sum_i v^_i)  = 2.581104  ratio= 0.032044  learning rate= 0.072542
step= 733  sqrt(max_i m^_i^2)= 0.026728  sqrt(sum_i m^_i^2)= 0.676097  ratio= 0.039533  learning rate= 0.072542
step= 734  sqrt(max_i v^_i)  = 0.082630  sqrt(sum_i v^_i)  = 2.580993  ratio= 0.032015  learning rate= 0.072612
step= 734  sqrt(max_i m^_i^2)= 0.032938  sqrt(sum_i m^_i^2)= 0.679573  ratio= 0.048468  learning rate= 0.072612
step= 735  sqrt(max_i v^_i)  = 0.082552  sqrt(sum_i v^_i)  = 2.580700  ratio= 0.031988  learning rate= 0.072680
step= 735  sqrt(max_i m^_i^2)= 0.037044  sqrt(sum_i m^_i^2)= 0.676504  ratio= 0.054757  learning rate= 0.072680
step= 736  sqrt(max_i v^_i)  = 0.082477  sqrt(sum_i v^_i)  = 2.580508  ratio= 0.031961  learning rate= 0.072747
step= 736  sqrt(max_i m^_i^2)= 0.030059  sqrt(sum_i m^_i^2)= 0.677130  ratio= 0.044392  learning rate= 0.072747
step= 737  sqrt(max_i v^_i)  = 0.082398  sqrt(sum_i v^_i)  = 2.580355  ratio= 0.031933  learning rate= 0.072816
step= 737  sqrt(max_i m^_i^2)= 0.027656  sqrt(sum_i m^_i^2)= 0.676458  ratio= 0.040884  learning rate= 0.072816
step= 738  sqrt(max_i v^_i)  = 0.082339  sqrt(sum_i v^_i)  = 2.580207  ratio= 0.031912  learning rate= 0.072869
step= 738  sqrt(max_i m^_i^2)= 0.028971  sqrt(sum_i m^_i^2)= 0.677320  ratio= 0.042774  learning rate= 0.072869
step= 739  sqrt(max_i v^_i)  = 0.082260  sqrt(sum_i v^_i)  = 2.580039  ratio= 0.031883  learning rate= 0.072939
step= 739  sqrt(max_i m^_i^2)= 0.029864  sqrt(sum_i m^_i^2)= 0.677389  ratio= 0.044087  learning rate= 0.072939
step= 740  sqrt(max_i v^_i)  = 0.082194  sqrt(sum_i v^_i)  = 2.579884  ratio= 0.031860  learning rate= 0.072997
step= 740  sqrt(max_i m^_i^2)= 0.026711  sqrt(sum_i m^_i^2)= 0.673806  ratio= 0.039643  learning rate= 0.072997
step= 741  sqrt(max_i v^_i)  = 0.082116  sqrt(sum_i v^_i)  = 2.579662  ratio= 0.031832  learning rate= 0.073067
step= 741  sqrt(max_i m^_i^2)= 0.031037  sqrt(sum_i m^_i^2)= 0.674624  ratio= 0.046007  learning rate= 0.073067
step= 742  sqrt(max_i v^_i)  = 0.082047  sqrt(sum_i v^_i)  = 2.579573  ratio= 0.031807  learning rate= 0.073128
step= 742  sqrt(max_i m^_i^2)= 0.028304  sqrt(sum_i m^_i^2)= 0.676975  ratio= 0.041810  learning rate= 0.073128
step= 743  sqrt(max_i v^_i)  = 0.081980  sqrt(sum_i v^_i)  = 2.579523  ratio= 0.031781  learning rate= 0.073188
step= 743  sqrt(max_i m^_i^2)= 0.032896  sqrt(sum_i m^_i^2)= 0.673112  ratio= 0.048872  learning rate= 0.073188
step= 744  sqrt(max_i v^_i)  = 0.081908  sqrt(sum_i v^_i)  = 2.579522  ratio= 0.031753  learning rate= 0.073252
step= 744  sqrt(max_i m^_i^2)= 0.025960  sqrt(sum_i m^_i^2)= 0.672994  ratio= 0.038575  learning rate= 0.073252
step= 745  sqrt(max_i v^_i)  = 0.081843  sqrt(sum_i v^_i)  = 2.579367  ratio= 0.031730  learning rate= 0.073311
step= 745  sqrt(max_i m^_i^2)= 0.026154  sqrt(sum_i m^_i^2)= 0.675328  ratio= 0.038728  learning rate= 0.073311
step= 746  sqrt(max_i v^_i)  = 0.081779  sqrt(sum_i v^_i)  = 2.579224  ratio= 0.031707  learning rate= 0.073368
step= 746  sqrt(max_i m^_i^2)= 0.023568  sqrt(sum_i m^_i^2)= 0.672310  ratio= 0.035055  learning rate= 0.073368
step= 747  sqrt(max_i v^_i)  = 0.081705  sqrt(sum_i v^_i)  = 2.579053  ratio= 0.031680  learning rate= 0.073434
step= 747  sqrt(max_i m^_i^2)= 0.026990  sqrt(sum_i m^_i^2)= 0.672424  ratio= 0.040139  learning rate= 0.073434
step= 748  sqrt(max_i v^_i)  = 0.081639  sqrt(sum_i v^_i)  = 2.578899  ratio= 0.031656  learning rate= 0.073493
step= 748  sqrt(max_i m^_i^2)= 0.026811  sqrt(sum_i m^_i^2)= 0.671693  ratio= 0.039916  learning rate= 0.073493
step= 749  sqrt(max_i v^_i)  = 0.081584  sqrt(sum_i v^_i)  = 2.578777  ratio= 0.031637  learning rate= 0.073543
step= 749  sqrt(max_i m^_i^2)= 0.025240  sqrt(sum_i m^_i^2)= 0.671638  ratio= 0.037579  learning rate= 0.073543
step= 750  sqrt(max_i v^_i)  = 0.081516  sqrt(sum_i v^_i)  = 2.578559  ratio= 0.031613  learning rate= 0.073605
step= 750  sqrt(max_i m^_i^2)= 0.025375  sqrt(sum_i m^_i^2)= 0.667991  ratio= 0.037987  learning rate= 0.073605
step= 751  sqrt(max_i v^_i)  = 0.081446  sqrt(sum_i v^_i)  = 2.578356  ratio= 0.031588  learning rate= 0.073668
step= 751  sqrt(max_i m^_i^2)= 0.025988  sqrt(sum_i m^_i^2)= 0.662580  ratio= 0.039222  learning rate= 0.073668
step= 752  sqrt(max_i v^_i)  = 0.081371  sqrt(sum_i v^_i)  = 2.578172  ratio= 0.031562  learning rate= 0.073735
step= 752  sqrt(max_i m^_i^2)= 0.026645  sqrt(sum_i m^_i^2)= 0.663924  ratio= 0.040132  learning rate= 0.073735
step= 753  sqrt(max_i v^_i)  = 0.081296  sqrt(sum_i v^_i)  = 2.578010  ratio= 0.031534  learning rate= 0.073803
step= 753  sqrt(max_i m^_i^2)= 0.025264  sqrt(sum_i m^_i^2)= 0.666322  ratio= 0.037916  learning rate= 0.073803
step= 754  sqrt(max_i v^_i)  = 0.081220  sqrt(sum_i v^_i)  = 2.577943  ratio= 0.031506  learning rate= 0.073873
step= 754  sqrt(max_i m^_i^2)= 0.024445  sqrt(sum_i m^_i^2)= 0.669941  ratio= 0.036488  learning rate= 0.073873
step= 755  sqrt(max_i v^_i)  = 0.081151  sqrt(sum_i v^_i)  = 2.577725  ratio= 0.031481  learning rate= 0.073936
step= 755  sqrt(max_i m^_i^2)= 0.025513  sqrt(sum_i m^_i^2)= 0.670249  ratio= 0.038066  learning rate= 0.073936
step= 756  sqrt(max_i v^_i)  = 0.081075  sqrt(sum_i v^_i)  = 2.577594  ratio= 0.031454  learning rate= 0.074004
step= 756  sqrt(max_i m^_i^2)= 0.025189  sqrt(sum_i m^_i^2)= 0.669904  ratio= 0.037602  learning rate= 0.074004
step= 757  sqrt(max_i v^_i)  = 0.081001  sqrt(sum_i v^_i)  = 2.577507  ratio= 0.031426  learning rate= 0.074073
step= 757  sqrt(max_i m^_i^2)= 0.028608  sqrt(sum_i m^_i^2)= 0.672690  ratio= 0.042527  learning rate= 0.074073
step= 758  sqrt(max_i v^_i)  = 0.080926  sqrt(sum_i v^_i)  = 2.577359  ratio= 0.031399  learning rate= 0.074141
step= 758  sqrt(max_i m^_i^2)= 0.024837  sqrt(sum_i m^_i^2)= 0.673162  ratio= 0.036895  learning rate= 0.074141
step= 759  sqrt(max_i v^_i)  = 0.080850  sqrt(sum_i v^_i)  = 2.577151  ratio= 0.031372  learning rate= 0.074210
step= 759  sqrt(max_i m^_i^2)= 0.025654  sqrt(sum_i m^_i^2)= 0.669963  ratio= 0.038292  learning rate= 0.074210
step= 760  sqrt(max_i v^_i)  = 0.080776  sqrt(sum_i v^_i)  = 2.576989  ratio= 0.031345  learning rate= 0.074279
step= 760  sqrt(max_i m^_i^2)= 0.027111  sqrt(sum_i m^_i^2)= 0.665435  ratio= 0.040742  learning rate= 0.074279
step= 761  sqrt(max_i v^_i)  = 0.080702  sqrt(sum_i v^_i)  = 2.576860  ratio= 0.031318  learning rate= 0.074347
step= 761  sqrt(max_i m^_i^2)= 0.023011  sqrt(sum_i m^_i^2)= 0.663354  ratio= 0.034689  learning rate= 0.074347
step= 762  sqrt(max_i v^_i)  = 0.080627  sqrt(sum_i v^_i)  = 2.576704  ratio= 0.031291  learning rate= 0.074416
step= 762  sqrt(max_i m^_i^2)= 0.024165  sqrt(sum_i m^_i^2)= 0.663846  ratio= 0.036401  learning rate= 0.074416
step= 763  sqrt(max_i v^_i)  = 0.080552  sqrt(sum_i v^_i)  = 2.576610  ratio= 0.031263  learning rate= 0.074486
step= 763  sqrt(max_i m^_i^2)= 0.025769  sqrt(sum_i m^_i^2)= 0.666789  ratio= 0.038647  learning rate= 0.074486
step= 764  sqrt(max_i v^_i)  = 0.080507  sqrt(sum_i v^_i)  = 2.576510  ratio= 0.031247  learning rate= 0.074527
step= 764  sqrt(max_i m^_i^2)= 0.026592  sqrt(sum_i m^_i^2)= 0.671021  ratio= 0.039630  learning rate= 0.074527
step= 765  sqrt(max_i v^_i)  = 0.080449  sqrt(sum_i v^_i)  = 2.576403  ratio= 0.031225  learning rate= 0.074580
step= 765  sqrt(max_i m^_i^2)= 0.031682  sqrt(sum_i m^_i^2)= 0.669864  ratio= 0.047296  learning rate= 0.074580
step= 766  sqrt(max_i v^_i)  = 0.080375  sqrt(sum_i v^_i)  = 2.576303  ratio= 0.031198  learning rate= 0.074649
step= 766  sqrt(max_i m^_i^2)= 0.029068  sqrt(sum_i m^_i^2)= 0.673164  ratio= 0.043181  learning rate= 0.074649
step= 767  sqrt(max_i v^_i)  = 0.080303  sqrt(sum_i v^_i)  = 2.576112  ratio= 0.031172  learning rate= 0.074716
step= 767  sqrt(max_i m^_i^2)= 0.026964  sqrt(sum_i m^_i^2)= 0.671317  ratio= 0.040165  learning rate= 0.074716
step= 768  sqrt(max_i v^_i)  = 0.080231  sqrt(sum_i v^_i)  = 2.576033  ratio= 0.031145  learning rate= 0.074783
step= 768  sqrt(max_i m^_i^2)= 0.027171  sqrt(sum_i m^_i^2)= 0.669968  ratio= 0.040556  learning rate= 0.074783
step= 769  sqrt(max_i v^_i)  = 0.080157  sqrt(sum_i v^_i)  = 2.575900  ratio= 0.031118  learning rate= 0.074852
step= 769  sqrt(max_i m^_i^2)= 0.029194  sqrt(sum_i m^_i^2)= 0.669025  ratio= 0.043637  learning rate= 0.074852
step= 770  sqrt(max_i v^_i)  = 0.080084  sqrt(sum_i v^_i)  = 2.575778  ratio= 0.031091  learning rate= 0.074920
step= 770  sqrt(max_i m^_i^2)= 0.030606  sqrt(sum_i m^_i^2)= 0.673255  ratio= 0.045459  learning rate= 0.074920
step= 771  sqrt(max_i v^_i)  = 0.080010  sqrt(sum_i v^_i)  = 2.575646  ratio= 0.031064  learning rate= 0.074990
step= 771  sqrt(max_i m^_i^2)= 0.028206  sqrt(sum_i m^_i^2)= 0.672247  ratio= 0.041957  learning rate= 0.074990
step= 772  sqrt(max_i v^_i)  = 0.079936  sqrt(sum_i v^_i)  = 2.575618  ratio= 0.031036  learning rate= 0.075059
step= 772  sqrt(max_i m^_i^2)= 0.025291  sqrt(sum_i m^_i^2)= 0.672070  ratio= 0.037631  learning rate= 0.075059
step= 773  sqrt(max_i v^_i)  = 0.079870  sqrt(sum_i v^_i)  = 2.575531  ratio= 0.031011  learning rate= 0.075121
step= 773  sqrt(max_i m^_i^2)= 0.024482  sqrt(sum_i m^_i^2)= 0.673813  ratio= 0.036333  learning rate= 0.075121
step= 774  sqrt(max_i v^_i)  = 0.079796  sqrt(sum_i v^_i)  = 2.575470  ratio= 0.030983  learning rate= 0.075191
step= 774  sqrt(max_i m^_i^2)= 0.024722  sqrt(sum_i m^_i^2)= 0.674905  ratio= 0.036630  learning rate= 0.075191
step= 775  sqrt(max_i v^_i)  = 0.079722  sqrt(sum_i v^_i)  = 2.575417  ratio= 0.030955  learning rate= 0.075261
step= 775  sqrt(max_i m^_i^2)= 0.028314  sqrt(sum_i m^_i^2)= 0.674083  ratio= 0.042003  learning rate= 0.075261
step= 776  sqrt(max_i v^_i)  = 0.079649  sqrt(sum_i v^_i)  = 2.575305  ratio= 0.030928  learning rate= 0.075330
step= 776  sqrt(max_i m^_i^2)= 0.029442  sqrt(sum_i m^_i^2)= 0.671226  ratio= 0.043864  learning rate= 0.075330
step= 777  sqrt(max_i v^_i)  = 0.079581  sqrt(sum_i v^_i)  = 2.575189  ratio= 0.030903  learning rate= 0.075394
step= 777  sqrt(max_i m^_i^2)= 0.027597  sqrt(sum_i m^_i^2)= 0.669081  ratio= 0.041246  learning rate= 0.075394
step= 778  sqrt(max_i v^_i)  = 0.079509  sqrt(sum_i v^_i)  = 2.575072  ratio= 0.030876  learning rate= 0.075462
step= 778  sqrt(max_i m^_i^2)= 0.027414  sqrt(sum_i m^_i^2)= 0.670871  ratio= 0.040864  learning rate= 0.075462
step= 779  sqrt(max_i v^_i)  = 0.079438  sqrt(sum_i v^_i)  = 2.574966  ratio= 0.030850  learning rate= 0.075530
step= 779  sqrt(max_i m^_i^2)= 0.023346  sqrt(sum_i m^_i^2)= 0.666320  ratio= 0.035037  learning rate= 0.075530
step= 780  sqrt(max_i v^_i)  = 0.079365  sqrt(sum_i v^_i)  = 2.574754  ratio= 0.030824  learning rate= 0.075599
step= 780  sqrt(max_i m^_i^2)= 0.023923  sqrt(sum_i m^_i^2)= 0.665557  ratio= 0.035944  learning rate= 0.075599
step= 781  sqrt(max_i v^_i)  = 0.079296  sqrt(sum_i v^_i)  = 2.574682  ratio= 0.030798  learning rate= 0.075665
step= 781  sqrt(max_i m^_i^2)= 0.028486  sqrt(sum_i m^_i^2)= 0.667471  ratio= 0.042678  learning rate= 0.075665
step= 782  sqrt(max_i v^_i)  = 0.079224  sqrt(sum_i v^_i)  = 2.574606  ratio= 0.030771  learning rate= 0.075733
step= 782  sqrt(max_i m^_i^2)= 0.031820  sqrt(sum_i m^_i^2)= 0.669463  ratio= 0.047531  learning rate= 0.075733
step= 783  sqrt(max_i v^_i)  = 0.079157  sqrt(sum_i v^_i)  = 2.574529  ratio= 0.030746  learning rate= 0.075798
step= 783  sqrt(max_i m^_i^2)= 0.026969  sqrt(sum_i m^_i^2)= 0.667440  ratio= 0.040407  learning rate= 0.075798
step= 784  sqrt(max_i v^_i)  = 0.079085  sqrt(sum_i v^_i)  = 2.574351  ratio= 0.030720  learning rate= 0.075867
step= 784  sqrt(max_i m^_i^2)= 0.027491  sqrt(sum_i m^_i^2)= 0.667308  ratio= 0.041198  learning rate= 0.075867
step= 785  sqrt(max_i v^_i)  = 0.079017  sqrt(sum_i v^_i)  = 2.574260  ratio= 0.030695  learning rate= 0.075932
step= 785  sqrt(max_i m^_i^2)= 0.026328  sqrt(sum_i m^_i^2)= 0.665044  ratio= 0.039588  learning rate= 0.075932
step= 786  sqrt(max_i v^_i)  = 0.078944  sqrt(sum_i v^_i)  = 2.574102  ratio= 0.030669  learning rate= 0.076002
step= 786  sqrt(max_i m^_i^2)= 0.033418  sqrt(sum_i m^_i^2)= 0.664848  ratio= 0.050264  learning rate= 0.076002
step= 787  sqrt(max_i v^_i)  = 0.078872  sqrt(sum_i v^_i)  = 2.573960  ratio= 0.030642  learning rate= 0.076071
step= 787  sqrt(max_i m^_i^2)= 0.034491  sqrt(sum_i m^_i^2)= 0.666226  ratio= 0.051771  learning rate= 0.076071
step= 788  sqrt(max_i v^_i)  = 0.078803  sqrt(sum_i v^_i)  = 2.573785  ratio= 0.030618  learning rate= 0.076138
step= 788  sqrt(max_i m^_i^2)= 0.033515  sqrt(sum_i m^_i^2)= 0.662105  ratio= 0.050619  learning rate= 0.076138
step= 789  sqrt(max_i v^_i)  = 0.078737  sqrt(sum_i v^_i)  = 2.573639  ratio= 0.030594  learning rate= 0.076202
step= 789  sqrt(max_i m^_i^2)= 0.031666  sqrt(sum_i m^_i^2)= 0.661674  ratio= 0.047858  learning rate= 0.076202
step= 790  sqrt(max_i v^_i)  = 0.078672  sqrt(sum_i v^_i)  = 2.573521  ratio= 0.030570  learning rate= 0.076265
step= 790  sqrt(max_i m^_i^2)= 0.030002  sqrt(sum_i m^_i^2)= 0.659233  ratio= 0.045510  learning rate= 0.076265
step= 791  sqrt(max_i v^_i)  = 0.078600  sqrt(sum_i v^_i)  = 2.573366  ratio= 0.030544  learning rate= 0.076335
step= 791  sqrt(max_i m^_i^2)= 0.027533  sqrt(sum_i m^_i^2)= 0.660446  ratio= 0.041688  learning rate= 0.076335
step= 792  sqrt(max_i v^_i)  = 0.078532  sqrt(sum_i v^_i)  = 2.573309  ratio= 0.030518  learning rate= 0.076401
step= 792  sqrt(max_i m^_i^2)= 0.024340  sqrt(sum_i m^_i^2)= 0.659950  ratio= 0.036881  learning rate= 0.076401
step= 793  sqrt(max_i v^_i)  = 0.078460  sqrt(sum_i v^_i)  = 2.573239  ratio= 0.030491  learning rate= 0.076471
step= 793  sqrt(max_i m^_i^2)= 0.024727  sqrt(sum_i m^_i^2)= 0.659699  ratio= 0.037482  learning rate= 0.076471
step= 794  sqrt(max_i v^_i)  = 0.078389  sqrt(sum_i v^_i)  = 2.573093  ratio= 0.030465  learning rate= 0.076541
step= 794  sqrt(max_i m^_i^2)= 0.026702  sqrt(sum_i m^_i^2)= 0.658858  ratio= 0.040527  learning rate= 0.076541
step= 795  sqrt(max_i v^_i)  = 0.078323  sqrt(sum_i v^_i)  = 2.572986  ratio= 0.030440  learning rate= 0.076605
step= 795  sqrt(max_i m^_i^2)= 0.034144  sqrt(sum_i m^_i^2)= 0.664204  ratio= 0.051406  learning rate= 0.076605
step= 796  sqrt(max_i v^_i)  = 0.078255  sqrt(sum_i v^_i)  = 2.572863  ratio= 0.030416  learning rate= 0.076671
step= 796  sqrt(max_i m^_i^2)= 0.034611  sqrt(sum_i m^_i^2)= 0.662863  ratio= 0.052214  learning rate= 0.076671
step= 797  sqrt(max_i v^_i)  = 0.078187  sqrt(sum_i v^_i)  = 2.572803  ratio= 0.030390  learning rate= 0.076738
step= 797  sqrt(max_i m^_i^2)= 0.035031  sqrt(sum_i m^_i^2)= 0.663603  ratio= 0.052789  learning rate= 0.076738
step= 798  sqrt(max_i v^_i)  = 0.078116  sqrt(sum_i v^_i)  = 2.572641  ratio= 0.030364  learning rate= 0.076808
step= 798  sqrt(max_i m^_i^2)= 0.028613  sqrt(sum_i m^_i^2)= 0.663028  ratio= 0.043155  learning rate= 0.076808
step= 799  sqrt(max_i v^_i)  = 0.078060  sqrt(sum_i v^_i)  = 2.572571  ratio= 0.030343  learning rate= 0.076863
step= 799  sqrt(max_i m^_i^2)= 0.023201  sqrt(sum_i m^_i^2)= 0.660000  ratio= 0.035153  learning rate= 0.076863
step= 800  sqrt(max_i v^_i)  = 0.077990  sqrt(sum_i v^_i)  = 2.572447  ratio= 0.030317  learning rate= 0.076932
step= 800  sqrt(max_i m^_i^2)= 0.024434  sqrt(sum_i m^_i^2)= 0.660512  ratio= 0.036993  learning rate= 0.076932
step= 801  sqrt(max_i v^_i)  = 0.077920  sqrt(sum_i v^_i)  = 2.572304  ratio= 0.030292  learning rate= 0.077001
step= 801  sqrt(max_i m^_i^2)= 0.027814  sqrt(sum_i m^_i^2)= 0.664020  ratio= 0.041887  learning rate= 0.077001
step= 802  sqrt(max_i v^_i)  = 0.077850  sqrt(sum_i v^_i)  = 2.572248  ratio= 0.030265  learning rate= 0.077071
step= 802  sqrt(max_i m^_i^2)= 0.031012  sqrt(sum_i m^_i^2)= 0.664627  ratio= 0.046660  learning rate= 0.077071
step= 803  sqrt(max_i v^_i)  = 0.077783  sqrt(sum_i v^_i)  = 2.572159  ratio= 0.030240  learning rate= 0.077137
step= 803  sqrt(max_i m^_i^2)= 0.031427  sqrt(sum_i m^_i^2)= 0.666771  ratio= 0.047133  learning rate= 0.077137
step= 804  sqrt(max_i v^_i)  = 0.077713  sqrt(sum_i v^_i)  = 2.572051  ratio= 0.030214  learning rate= 0.077207
step= 804  sqrt(max_i m^_i^2)= 0.027642  sqrt(sum_i m^_i^2)= 0.661093  ratio= 0.041812  learning rate= 0.077207
step= 805  sqrt(max_i v^_i)  = 0.077642  sqrt(sum_i v^_i)  = 2.571968  ratio= 0.030188  learning rate= 0.077276
step= 805  sqrt(max_i m^_i^2)= 0.029007  sqrt(sum_i m^_i^2)= 0.661228  ratio= 0.043868  learning rate= 0.077276
step= 806  sqrt(max_i v^_i)  = 0.077575  sqrt(sum_i v^_i)  = 2.571792  ratio= 0.030164  learning rate= 0.077344
step= 806  sqrt(max_i m^_i^2)= 0.025563  sqrt(sum_i m^_i^2)= 0.658844  ratio= 0.038799  learning rate= 0.077344
step= 807  sqrt(max_i v^_i)  = 0.077508  sqrt(sum_i v^_i)  = 2.571627  ratio= 0.030139  learning rate= 0.077411
step= 807  sqrt(max_i m^_i^2)= 0.028488  sqrt(sum_i m^_i^2)= 0.656329  ratio= 0.043406  learning rate= 0.077411
step= 808  sqrt(max_i v^_i)  = 0.077441  sqrt(sum_i v^_i)  = 2.571556  ratio= 0.030114  learning rate= 0.077477
step= 808  sqrt(max_i m^_i^2)= 0.022364  sqrt(sum_i m^_i^2)= 0.658781  ratio= 0.033948  learning rate= 0.077477
step= 809  sqrt(max_i v^_i)  = 0.077375  sqrt(sum_i v^_i)  = 2.571445  ratio= 0.030090  learning rate= 0.077544
step= 809  sqrt(max_i m^_i^2)= 0.024491  sqrt(sum_i m^_i^2)= 0.655895  ratio= 0.037340  learning rate= 0.077544
step= 810  sqrt(max_i v^_i)  = 0.077305  sqrt(sum_i v^_i)  = 2.571304  ratio= 0.030065  learning rate= 0.077613
step= 810  sqrt(max_i m^_i^2)= 0.023376  sqrt(sum_i m^_i^2)= 0.655277  ratio= 0.035673  learning rate= 0.077613
step= 811  sqrt(max_i v^_i)  = 0.077243  sqrt(sum_i v^_i)  = 2.571290  ratio= 0.030040  learning rate= 0.077676
step= 811  sqrt(max_i m^_i^2)= 0.024373  sqrt(sum_i m^_i^2)= 0.656978  ratio= 0.037099  learning rate= 0.077676
step= 812  sqrt(max_i v^_i)  = 0.077185  sqrt(sum_i v^_i)  = 2.571229  ratio= 0.030019  learning rate= 0.077734
step= 812  sqrt(max_i m^_i^2)= 0.029729  sqrt(sum_i m^_i^2)= 0.659893  ratio= 0.045051  learning rate= 0.077734
step= 813  sqrt(max_i v^_i)  = 0.077127  sqrt(sum_i v^_i)  = 2.571105  ratio= 0.029998  learning rate= 0.077793
step= 813  sqrt(max_i m^_i^2)= 0.027530  sqrt(sum_i m^_i^2)= 0.660780  ratio= 0.041664  learning rate= 0.077793
step= 814  sqrt(max_i v^_i)  = 0.077058  sqrt(sum_i v^_i)  = 2.570976  ratio= 0.029972  learning rate= 0.077862
step= 814  sqrt(max_i m^_i^2)= 0.023610  sqrt(sum_i m^_i^2)= 0.659302  ratio= 0.035811  learning rate= 0.077862
step= 815  sqrt(max_i v^_i)  = 0.076993  sqrt(sum_i v^_i)  = 2.570865  ratio= 0.029948  learning rate= 0.077928
step= 815  sqrt(max_i m^_i^2)= 0.032644  sqrt(sum_i m^_i^2)= 0.658691  ratio= 0.049558  learning rate= 0.077928
step= 816  sqrt(max_i v^_i)  = 0.076924  sqrt(sum_i v^_i)  = 2.570679  ratio= 0.029924  learning rate= 0.077998
step= 816  sqrt(max_i m^_i^2)= 0.028894  sqrt(sum_i m^_i^2)= 0.655092  ratio= 0.044107  learning rate= 0.077998
step= 817  sqrt(max_i v^_i)  = 0.076858  sqrt(sum_i v^_i)  = 2.570586  ratio= 0.029899  learning rate= 0.078065
step= 817  sqrt(max_i m^_i^2)= 0.026737  sqrt(sum_i m^_i^2)= 0.651086  ratio= 0.041066  learning rate= 0.078065
step= 818  sqrt(max_i v^_i)  = 0.076801  sqrt(sum_i v^_i)  = 2.570446  ratio= 0.029878  learning rate= 0.078123
step= 818  sqrt(max_i m^_i^2)= 0.029651  sqrt(sum_i m^_i^2)= 0.653449  ratio= 0.045376  learning rate= 0.078123
step= 819  sqrt(max_i v^_i)  = 0.076738  sqrt(sum_i v^_i)  = 2.570391  ratio= 0.029855  learning rate= 0.078187
step= 819  sqrt(max_i m^_i^2)= 0.026094  sqrt(sum_i m^_i^2)= 0.652785  ratio= 0.039973  learning rate= 0.078187
step= 820  sqrt(max_i v^_i)  = 0.076683  sqrt(sum_i v^_i)  = 2.570280  ratio= 0.029835  learning rate= 0.078243
step= 820  sqrt(max_i m^_i^2)= 0.029691  sqrt(sum_i m^_i^2)= 0.652210  ratio= 0.045524  learning rate= 0.078243
step= 821  sqrt(max_i v^_i)  = 0.076617  sqrt(sum_i v^_i)  = 2.570137  ratio= 0.029810  learning rate= 0.078311
step= 821  sqrt(max_i m^_i^2)= 0.026702  sqrt(sum_i m^_i^2)= 0.655164  ratio= 0.040757  learning rate= 0.078311
step= 822  sqrt(max_i v^_i)  = 0.076550  sqrt(sum_i v^_i)  = 2.569912  ratio= 0.029787  learning rate= 0.078379
step= 822  sqrt(max_i m^_i^2)= 0.027425  sqrt(sum_i m^_i^2)= 0.652842  ratio= 0.042009  learning rate= 0.078379
step= 823  sqrt(max_i v^_i)  = 0.076497  sqrt(sum_i v^_i)  = 2.569809  ratio= 0.029767  learning rate= 0.078434
step= 823  sqrt(max_i m^_i^2)= 0.023185  sqrt(sum_i m^_i^2)= 0.652830  ratio= 0.035515  learning rate= 0.078434
step= 824  sqrt(max_i v^_i)  = 0.076431  sqrt(sum_i v^_i)  = 2.569730  ratio= 0.029743  learning rate= 0.078501
step= 824  sqrt(max_i m^_i^2)= 0.030049  sqrt(sum_i m^_i^2)= 0.655914  ratio= 0.045813  learning rate= 0.078501
step= 825  sqrt(max_i v^_i)  = 0.076366  sqrt(sum_i v^_i)  = 2.569622  ratio= 0.029719  learning rate= 0.078568
step= 825  sqrt(max_i m^_i^2)= 0.027489  sqrt(sum_i m^_i^2)= 0.659435  ratio= 0.041686  learning rate= 0.078568
step= 826  sqrt(max_i v^_i)  = 0.076302  sqrt(sum_i v^_i)  = 2.569554  ratio= 0.029695  learning rate= 0.078634
step= 826  sqrt(max_i m^_i^2)= 0.024214  sqrt(sum_i m^_i^2)= 0.656823  ratio= 0.036865  learning rate= 0.078634
step= 827  sqrt(max_i v^_i)  = 0.076236  sqrt(sum_i v^_i)  = 2.569420  ratio= 0.029671  learning rate= 0.078702
step= 827  sqrt(max_i m^_i^2)= 0.024016  sqrt(sum_i m^_i^2)= 0.654795  ratio= 0.036677  learning rate= 0.078702
step= 828  sqrt(max_i v^_i)  = 0.076171  sqrt(sum_i v^_i)  = 2.569336  ratio= 0.029646  learning rate= 0.078769
step= 828  sqrt(max_i m^_i^2)= 0.023991  sqrt(sum_i m^_i^2)= 0.655211  ratio= 0.036616  learning rate= 0.078769
step= 829  sqrt(max_i v^_i)  = 0.076111  sqrt(sum_i v^_i)  = 2.569235  ratio= 0.029624  learning rate= 0.078831
step= 829  sqrt(max_i m^_i^2)= 0.029069  sqrt(sum_i m^_i^2)= 0.655480  ratio= 0.044348  learning rate= 0.078831
step= 830  sqrt(max_i v^_i)  = 0.076050  sqrt(sum_i v^_i)  = 2.569145  ratio= 0.029601  learning rate= 0.078894
step= 830  sqrt(max_i m^_i^2)= 0.029043  sqrt(sum_i m^_i^2)= 0.653560  ratio= 0.044438  learning rate= 0.078894
step= 831  sqrt(max_i v^_i)  = 0.075984  sqrt(sum_i v^_i)  = 2.568987  ratio= 0.029577  learning rate= 0.078963
step= 831  sqrt(max_i m^_i^2)= 0.029846  sqrt(sum_i m^_i^2)= 0.655652  ratio= 0.045522  learning rate= 0.078963
step= 832  sqrt(max_i v^_i)  = 0.075921  sqrt(sum_i v^_i)  = 2.568932  ratio= 0.029553  learning rate= 0.079029
step= 832  sqrt(max_i m^_i^2)= 0.029530  sqrt(sum_i m^_i^2)= 0.657013  ratio= 0.044945  learning rate= 0.079029
step= 833  sqrt(max_i v^_i)  = 0.075858  sqrt(sum_i v^_i)  = 2.568885  ratio= 0.029530  learning rate= 0.079094
step= 833  sqrt(max_i m^_i^2)= 0.025928  sqrt(sum_i m^_i^2)= 0.656132  ratio= 0.039517  learning rate= 0.079094
step= 834  sqrt(max_i v^_i)  = 0.075792  sqrt(sum_i v^_i)  = 2.568777  ratio= 0.029505  learning rate= 0.079163
step= 834  sqrt(max_i m^_i^2)= 0.032289  sqrt(sum_i m^_i^2)= 0.655064  ratio= 0.049291  learning rate= 0.079163
step= 835  sqrt(max_i v^_i)  = 0.075726  sqrt(sum_i v^_i)  = 2.568617  ratio= 0.029481  learning rate= 0.079232
step= 835  sqrt(max_i m^_i^2)= 0.025129  sqrt(sum_i m^_i^2)= 0.651282  ratio= 0.038585  learning rate= 0.079232
step= 836  sqrt(max_i v^_i)  = 0.075659  sqrt(sum_i v^_i)  = 2.568415  ratio= 0.029458  learning rate= 0.079302
step= 836  sqrt(max_i m^_i^2)= 0.024997  sqrt(sum_i m^_i^2)= 0.649121  ratio= 0.038509  learning rate= 0.079302
step= 837  sqrt(max_i v^_i)  = 0.075615  sqrt(sum_i v^_i)  = 2.568326  ratio= 0.029441  learning rate= 0.079348
step= 837  sqrt(max_i m^_i^2)= 0.024375  sqrt(sum_i m^_i^2)= 0.647418  ratio= 0.037650  learning rate= 0.079348
step= 838  sqrt(max_i v^_i)  = 0.075549  sqrt(sum_i v^_i)  = 2.568166  ratio= 0.029417  learning rate= 0.079418
step= 838  sqrt(max_i m^_i^2)= 0.023816  sqrt(sum_i m^_i^2)= 0.650064  ratio= 0.036637  learning rate= 0.079418
step= 839  sqrt(max_i v^_i)  = 0.075512  sqrt(sum_i v^_i)  = 2.568013  ratio= 0.029405  learning rate= 0.079456
step= 839  sqrt(max_i m^_i^2)= 0.023183  sqrt(sum_i m^_i^2)= 0.650437  ratio= 0.035643  learning rate= 0.079456
step= 840  sqrt(max_i v^_i)  = 0.075446  sqrt(sum_i v^_i)  = 2.567881  ratio= 0.029381  learning rate= 0.079526
step= 840  sqrt(max_i m^_i^2)= 0.021679  sqrt(sum_i m^_i^2)= 0.653340  ratio= 0.033182  learning rate= 0.079526
step= 841  sqrt(max_i v^_i)  = 0.075382  sqrt(sum_i v^_i)  = 2.567721  ratio= 0.029357  learning rate= 0.079594
step= 841  sqrt(max_i m^_i^2)= 0.027086  sqrt(sum_i m^_i^2)= 0.652545  ratio= 0.041508  learning rate= 0.079594
step= 842  sqrt(max_i v^_i)  = 0.075322  sqrt(sum_i v^_i)  = 2.567636  ratio= 0.029335  learning rate= 0.079656
step= 842  sqrt(max_i m^_i^2)= 0.030981  sqrt(sum_i m^_i^2)= 0.654211  ratio= 0.047356  learning rate= 0.079656
step= 843  sqrt(max_i v^_i)  = 0.075258  sqrt(sum_i v^_i)  = 2.567447  ratio= 0.029312  learning rate= 0.079725
step= 843  sqrt(max_i m^_i^2)= 0.033515  sqrt(sum_i m^_i^2)= 0.654782  ratio= 0.051185  learning rate= 0.079725
step= 844  sqrt(max_i v^_i)  = 0.075192  sqrt(sum_i v^_i)  = 2.567382  ratio= 0.029287  learning rate= 0.079795
step= 844  sqrt(max_i m^_i^2)= 0.035796  sqrt(sum_i m^_i^2)= 0.656626  ratio= 0.054515  learning rate= 0.079795
step= 845  sqrt(max_i v^_i)  = 0.075127  sqrt(sum_i v^_i)  = 2.567243  ratio= 0.029264  learning rate= 0.079863
step= 845  sqrt(max_i m^_i^2)= 0.034936  sqrt(sum_i m^_i^2)= 0.655276  ratio= 0.053314  learning rate= 0.079863
step= 846  sqrt(max_i v^_i)  = 0.075062  sqrt(sum_i v^_i)  = 2.567065  ratio= 0.029240  learning rate= 0.079933
step= 846  sqrt(max_i m^_i^2)= 0.030278  sqrt(sum_i m^_i^2)= 0.656310  ratio= 0.046134  learning rate= 0.079933
step= 847  sqrt(max_i v^_i)  = 0.074996  sqrt(sum_i v^_i)  = 2.566937  ratio= 0.029216  learning rate= 0.080003
step= 847  sqrt(max_i m^_i^2)= 0.022631  sqrt(sum_i m^_i^2)= 0.652421  ratio= 0.034688  learning rate= 0.080003
step= 848  sqrt(max_i v^_i)  = 0.074932  sqrt(sum_i v^_i)  = 2.566776  ratio= 0.029193  learning rate= 0.080072
step= 848  sqrt(max_i m^_i^2)= 0.025551  sqrt(sum_i m^_i^2)= 0.650185  ratio= 0.039298  learning rate= 0.080072
step= 849  sqrt(max_i v^_i)  = 0.074878  sqrt(sum_i v^_i)  = 2.566750  ratio= 0.029172  learning rate= 0.080129
step= 849  sqrt(max_i m^_i^2)= 0.025180  sqrt(sum_i m^_i^2)= 0.652508  ratio= 0.038589  learning rate= 0.080129
step= 850  sqrt(max_i v^_i)  = 0.074814  sqrt(sum_i v^_i)  = 2.566673  ratio= 0.029148  learning rate= 0.080198
step= 850  sqrt(max_i m^_i^2)= 0.027146  sqrt(sum_i m^_i^2)= 0.654083  ratio= 0.041503  learning rate= 0.080198
step= 851  sqrt(max_i v^_i)  = 0.074752  sqrt(sum_i v^_i)  = 2.566580  ratio= 0.029125  learning rate= 0.080264
step= 851  sqrt(max_i m^_i^2)= 0.027385  sqrt(sum_i m^_i^2)= 0.652483  ratio= 0.041970  learning rate= 0.080264
step= 852  sqrt(max_i v^_i)  = 0.074698  sqrt(sum_i v^_i)  = 2.566542  ratio= 0.029105  learning rate= 0.080322
step= 852  sqrt(max_i m^_i^2)= 0.029131  sqrt(sum_i m^_i^2)= 0.654914  ratio= 0.044481  learning rate= 0.080322
step= 853  sqrt(max_i v^_i)  = 0.074633  sqrt(sum_i v^_i)  = 2.566388  ratio= 0.029081  learning rate= 0.080392
step= 853  sqrt(max_i m^_i^2)= 0.024531  sqrt(sum_i m^_i^2)= 0.652159  ratio= 0.037615  learning rate= 0.080392
step= 854  sqrt(max_i v^_i)  = 0.074569  sqrt(sum_i v^_i)  = 2.566234  ratio= 0.029058  learning rate= 0.080462
step= 854  sqrt(max_i m^_i^2)= 0.024828  sqrt(sum_i m^_i^2)= 0.648804  ratio= 0.038268  learning rate= 0.080462
step= 855  sqrt(max_i v^_i)  = 0.074522  sqrt(sum_i v^_i)  = 2.566160  ratio= 0.029040  learning rate= 0.080512
step= 855  sqrt(max_i m^_i^2)= 0.029234  sqrt(sum_i m^_i^2)= 0.650248  ratio= 0.044959  learning rate= 0.080512
step= 856  sqrt(max_i v^_i)  = 0.074463  sqrt(sum_i v^_i)  = 2.566024  ratio= 0.029019  learning rate= 0.080576
step= 856  sqrt(max_i m^_i^2)= 0.027375  sqrt(sum_i m^_i^2)= 0.650789  ratio= 0.042064  learning rate= 0.080576
step= 857  sqrt(max_i v^_i)  = 0.074398  sqrt(sum_i v^_i)  = 2.565955  ratio= 0.028994  learning rate= 0.080646
step= 857  sqrt(max_i m^_i^2)= 0.025937  sqrt(sum_i m^_i^2)= 0.649911  ratio= 0.039908  learning rate= 0.080646
step= 858  sqrt(max_i v^_i)  = 0.074335  sqrt(sum_i v^_i)  = 2.565840  ratio= 0.028971  learning rate= 0.080715
step= 858  sqrt(max_i m^_i^2)= 0.029535  sqrt(sum_i m^_i^2)= 0.646982  ratio= 0.045651  learning rate= 0.080715
step= 859  sqrt(max_i v^_i)  = 0.074286  sqrt(sum_i v^_i)  = 2.565693  ratio= 0.028953  learning rate= 0.080768
step= 859  sqrt(max_i m^_i^2)= 0.032037  sqrt(sum_i m^_i^2)= 0.645968  ratio= 0.049595  learning rate= 0.080768
step= 860  sqrt(max_i v^_i)  = 0.074221  sqrt(sum_i v^_i)  = 2.565563  ratio= 0.028930  learning rate= 0.080838
step= 860  sqrt(max_i m^_i^2)= 0.030405  sqrt(sum_i m^_i^2)= 0.645883  ratio= 0.047074  learning rate= 0.080838
step= 861  sqrt(max_i v^_i)  = 0.074157  sqrt(sum_i v^_i)  = 2.565424  ratio= 0.028906  learning rate= 0.080908
step= 861  sqrt(max_i m^_i^2)= 0.035732  sqrt(sum_i m^_i^2)= 0.645350  ratio= 0.055368  learning rate= 0.080908
step= 862  sqrt(max_i v^_i)  = 0.074094  sqrt(sum_i v^_i)  = 2.565354  ratio= 0.028882  learning rate= 0.080978
step= 862  sqrt(max_i m^_i^2)= 0.032759  sqrt(sum_i m^_i^2)= 0.645673  ratio= 0.050736  learning rate= 0.080978
step= 863  sqrt(max_i v^_i)  = 0.074032  sqrt(sum_i v^_i)  = 2.565222  ratio= 0.028860  learning rate= 0.081045
step= 863  sqrt(max_i m^_i^2)= 0.029112  sqrt(sum_i m^_i^2)= 0.643771  ratio= 0.045221  learning rate= 0.081045
step= 864  sqrt(max_i v^_i)  = 0.073968  sqrt(sum_i v^_i)  = 2.565117  ratio= 0.028836  learning rate= 0.081116
step= 864  sqrt(max_i m^_i^2)= 0.028070  sqrt(sum_i m^_i^2)= 0.649296  ratio= 0.043231  learning rate= 0.081116
step= 865  sqrt(max_i v^_i)  = 0.073904  sqrt(sum_i v^_i)  = 2.565030  ratio= 0.028812  learning rate= 0.081186
step= 865  sqrt(max_i m^_i^2)= 0.023847  sqrt(sum_i m^_i^2)= 0.647570  ratio= 0.036826  learning rate= 0.081186
step= 866  sqrt(max_i v^_i)  = 0.073840  sqrt(sum_i v^_i)  = 2.564844  ratio= 0.028789  learning rate= 0.081256
step= 866  sqrt(max_i m^_i^2)= 0.025460  sqrt(sum_i m^_i^2)= 0.649607  ratio= 0.039193  learning rate= 0.081256
step= 867  sqrt(max_i v^_i)  = 0.073777  sqrt(sum_i v^_i)  = 2.564759  ratio= 0.028766  learning rate= 0.081325
step= 867  sqrt(max_i m^_i^2)= 0.031313  sqrt(sum_i m^_i^2)= 0.653308  ratio= 0.047930  learning rate= 0.081325
step= 868  sqrt(max_i v^_i)  = 0.073729  sqrt(sum_i v^_i)  = 2.564693  ratio= 0.028748  learning rate= 0.081378
step= 868  sqrt(max_i m^_i^2)= 0.027843  sqrt(sum_i m^_i^2)= 0.651055  ratio= 0.042766  learning rate= 0.081378
step= 869  sqrt(max_i v^_i)  = 0.073666  sqrt(sum_i v^_i)  = 2.564677  ratio= 0.028723  learning rate= 0.081448
step= 869  sqrt(max_i m^_i^2)= 0.028137  sqrt(sum_i m^_i^2)= 0.655284  ratio= 0.042939  learning rate= 0.081448
step= 870  sqrt(max_i v^_i)  = 0.073602  sqrt(sum_i v^_i)  = 2.564547  ratio= 0.028700  learning rate= 0.081518
step= 870  sqrt(max_i m^_i^2)= 0.027609  sqrt(sum_i m^_i^2)= 0.654315  ratio= 0.042195  learning rate= 0.081518
step= 871  sqrt(max_i v^_i)  = 0.073541  sqrt(sum_i v^_i)  = 2.564433  ratio= 0.028677  learning rate= 0.081586
step= 871  sqrt(max_i m^_i^2)= 0.020714  sqrt(sum_i m^_i^2)= 0.650583  ratio= 0.031839  learning rate= 0.081586
step= 872  sqrt(max_i v^_i)  = 0.073479  sqrt(sum_i v^_i)  = 2.564295  ratio= 0.028655  learning rate= 0.081655
step= 872  sqrt(max_i m^_i^2)= 0.020338  sqrt(sum_i m^_i^2)= 0.649476  ratio= 0.031315  learning rate= 0.081655
step= 873  sqrt(max_i v^_i)  = 0.073418  sqrt(sum_i v^_i)  = 2.564141  ratio= 0.028633  learning rate= 0.081723
step= 873  sqrt(max_i m^_i^2)= 0.025765  sqrt(sum_i m^_i^2)= 0.650254  ratio= 0.039622  learning rate= 0.081723
step= 874  sqrt(max_i v^_i)  = 0.073370  sqrt(sum_i v^_i)  = 2.564030  ratio= 0.028615  learning rate= 0.081776
step= 874  sqrt(max_i m^_i^2)= 0.024823  sqrt(sum_i m^_i^2)= 0.644854  ratio= 0.038494  learning rate= 0.081776
step= 875  sqrt(max_i v^_i)  = 0.073308  sqrt(sum_i v^_i)  = 2.563849  ratio= 0.028593  learning rate= 0.081846
step= 875  sqrt(max_i m^_i^2)= 0.023251  sqrt(sum_i m^_i^2)= 0.643366  ratio= 0.036139  learning rate= 0.081846
step= 876  sqrt(max_i v^_i)  = 0.073246  sqrt(sum_i v^_i)  = 2.563745  ratio= 0.028570  learning rate= 0.081915
step= 876  sqrt(max_i m^_i^2)= 0.024187  sqrt(sum_i m^_i^2)= 0.643201  ratio= 0.037605  learning rate= 0.081915
step= 877  sqrt(max_i v^_i)  = 0.073189  sqrt(sum_i v^_i)  = 2.563590  ratio= 0.028549  learning rate= 0.081979
step= 877  sqrt(max_i m^_i^2)= 0.025030  sqrt(sum_i m^_i^2)= 0.642738  ratio= 0.038943  learning rate= 0.081979
step= 878  sqrt(max_i v^_i)  = 0.073126  sqrt(sum_i v^_i)  = 2.563550  ratio= 0.028525  learning rate= 0.082049
step= 878  sqrt(max_i m^_i^2)= 0.030301  sqrt(sum_i m^_i^2)= 0.641470  ratio= 0.047237  learning rate= 0.082049
step= 879  sqrt(max_i v^_i)  = 0.073069  sqrt(sum_i v^_i)  = 2.563515  ratio= 0.028503  learning rate= 0.082113
step= 879  sqrt(max_i m^_i^2)= 0.032387  sqrt(sum_i m^_i^2)= 0.644659  ratio= 0.050238  learning rate= 0.082113
step= 880  sqrt(max_i v^_i)  = 0.073008  sqrt(sum_i v^_i)  = 2.563416  ratio= 0.028481  learning rate= 0.082182
step= 880  sqrt(max_i m^_i^2)= 0.033471  sqrt(sum_i m^_i^2)= 0.647673  ratio= 0.051678  learning rate= 0.082182
step= 881  sqrt(max_i v^_i)  = 0.072945  sqrt(sum_i v^_i)  = 2.563406  ratio= 0.028456  learning rate= 0.082252
step= 881  sqrt(max_i m^_i^2)= 0.028159  sqrt(sum_i m^_i^2)= 0.651092  ratio= 0.043249  learning rate= 0.082252
step= 882  sqrt(max_i v^_i)  = 0.072883  sqrt(sum_i v^_i)  = 2.563305  ratio= 0.028433  learning rate= 0.082322
step= 882  sqrt(max_i m^_i^2)= 0.025692  sqrt(sum_i m^_i^2)= 0.647255  ratio= 0.039693  learning rate= 0.082322
step= 883  sqrt(max_i v^_i)  = 0.072822  sqrt(sum_i v^_i)  = 2.563195  ratio= 0.028411  learning rate= 0.082392
step= 883  sqrt(max_i m^_i^2)= 0.021529  sqrt(sum_i m^_i^2)= 0.646489  ratio= 0.033302  learning rate= 0.082392
step= 884  sqrt(max_i v^_i)  = 0.072765  sqrt(sum_i v^_i)  = 2.562997  ratio= 0.028391  learning rate= 0.082456
step= 884  sqrt(max_i m^_i^2)= 0.021830  sqrt(sum_i m^_i^2)= 0.644236  ratio= 0.033886  learning rate= 0.082456
step= 885  sqrt(max_i v^_i)  = 0.072713  sqrt(sum_i v^_i)  = 2.562861  ratio= 0.028372  learning rate= 0.082515
step= 885  sqrt(max_i m^_i^2)= 0.025266  sqrt(sum_i m^_i^2)= 0.645203  ratio= 0.039159  learning rate= 0.082515
step= 886  sqrt(max_i v^_i)  = 0.072654  sqrt(sum_i v^_i)  = 2.562825  ratio= 0.028349  learning rate= 0.082582
step= 886  sqrt(max_i m^_i^2)= 0.023963  sqrt(sum_i m^_i^2)= 0.647029  ratio= 0.037035  learning rate= 0.082582
step= 887  sqrt(max_i v^_i)  = 0.072597  sqrt(sum_i v^_i)  = 2.562717  ratio= 0.028328  learning rate= 0.082646
step= 887  sqrt(max_i m^_i^2)= 0.026907  sqrt(sum_i m^_i^2)= 0.646658  ratio= 0.041610  learning rate= 0.082646
step= 888  sqrt(max_i v^_i)  = 0.072536  sqrt(sum_i v^_i)  = 2.562587  ratio= 0.028306  learning rate= 0.082716
step= 888  sqrt(max_i m^_i^2)= 0.027099  sqrt(sum_i m^_i^2)= 0.644110  ratio= 0.042071  learning rate= 0.082716
step= 889  sqrt(max_i v^_i)  = 0.072475  sqrt(sum_i v^_i)  = 2.562466  ratio= 0.028283  learning rate= 0.082786
step= 889  sqrt(max_i m^_i^2)= 0.030870  sqrt(sum_i m^_i^2)= 0.647488  ratio= 0.047677  learning rate= 0.082786
step= 890  sqrt(max_i v^_i)  = 0.072438  sqrt(sum_i v^_i)  = 2.562368  ratio= 0.028270  learning rate= 0.082828
step= 890  sqrt(max_i m^_i^2)= 0.031352  sqrt(sum_i m^_i^2)= 0.651536  ratio= 0.048120  learning rate= 0.082828
step= 891  sqrt(max_i v^_i)  = 0.072377  sqrt(sum_i v^_i)  = 2.562270  ratio= 0.028247  learning rate= 0.082898
step= 891  sqrt(max_i m^_i^2)= 0.029442  sqrt(sum_i m^_i^2)= 0.654307  ratio= 0.044997  learning rate= 0.082898
step= 892  sqrt(max_i v^_i)  = 0.072316  sqrt(sum_i v^_i)  = 2.562149  ratio= 0.028225  learning rate= 0.082969
step= 892  sqrt(max_i m^_i^2)= 0.029060  sqrt(sum_i m^_i^2)= 0.652119  ratio= 0.044563  learning rate= 0.082969
step= 893  sqrt(max_i v^_i)  = 0.072254  sqrt(sum_i v^_i)  = 2.562054  ratio= 0.028202  learning rate= 0.083039
step= 893  sqrt(max_i m^_i^2)= 0.029327  sqrt(sum_i m^_i^2)= 0.655057  ratio= 0.044770  learning rate= 0.083039
step= 894  sqrt(max_i v^_i)  = 0.072195  sqrt(sum_i v^_i)  = 2.562029  ratio= 0.028179  learning rate= 0.083107
step= 894  sqrt(max_i m^_i^2)= 0.027808  sqrt(sum_i m^_i^2)= 0.650389  ratio= 0.042757  learning rate= 0.083107
step= 895  sqrt(max_i v^_i)  = 0.072148  sqrt(sum_i v^_i)  = 2.561965  ratio= 0.028161  learning rate= 0.083162
step= 895  sqrt(max_i m^_i^2)= 0.029826  sqrt(sum_i m^_i^2)= 0.651010  ratio= 0.045816  learning rate= 0.083162
step= 896  sqrt(max_i v^_i)  = 0.072122  sqrt(sum_i v^_i)  = 2.561942  ratio= 0.028151  learning rate= 0.083191
step= 896  sqrt(max_i m^_i^2)= 0.025605  sqrt(sum_i m^_i^2)= 0.652676  ratio= 0.039231  learning rate= 0.083191
step= 897  sqrt(max_i v^_i)  = 0.072065  sqrt(sum_i v^_i)  = 2.561863  ratio= 0.028130  learning rate= 0.083257
step= 897  sqrt(max_i m^_i^2)= 0.027772  sqrt(sum_i m^_i^2)= 0.648418  ratio= 0.042830  learning rate= 0.083257
step= 898  sqrt(max_i v^_i)  = 0.072009  sqrt(sum_i v^_i)  = 2.561711  ratio= 0.028110  learning rate= 0.083322
step= 898  sqrt(max_i m^_i^2)= 0.020719  sqrt(sum_i m^_i^2)= 0.643585  ratio= 0.032194  learning rate= 0.083322
step= 899  sqrt(max_i v^_i)  = 0.071953  sqrt(sum_i v^_i)  = 2.561606  ratio= 0.028089  learning rate= 0.083387
step= 899  sqrt(max_i m^_i^2)= 0.022591  sqrt(sum_i m^_i^2)= 0.643288  ratio= 0.035119  learning rate= 0.083387
step= 900  sqrt(max_i v^_i)  = 0.071892  sqrt(sum_i v^_i)  = 2.561484  ratio= 0.028067  learning rate= 0.083457
step= 900  sqrt(max_i m^_i^2)= 0.024016  sqrt(sum_i m^_i^2)= 0.642491  ratio= 0.037380  learning rate= 0.083457
step= 901  sqrt(max_i v^_i)  = 0.071848  sqrt(sum_i v^_i)  = 2.561416  ratio= 0.028050  learning rate= 0.083509
step= 901  sqrt(max_i m^_i^2)= 0.027118  sqrt(sum_i m^_i^2)= 0.649139  ratio= 0.041776  learning rate= 0.083509
step= 902  sqrt(max_i v^_i)  = 0.071788  sqrt(sum_i v^_i)  = 2.561223  ratio= 0.028029  learning rate= 0.083579
step= 902  sqrt(max_i m^_i^2)= 0.025488  sqrt(sum_i m^_i^2)= 0.644767  ratio= 0.039530  learning rate= 0.083579
step= 903  sqrt(max_i v^_i)  = 0.071727  sqrt(sum_i v^_i)  = 2.561013  ratio= 0.028007  learning rate= 0.083649
step= 903  sqrt(max_i m^_i^2)= 0.025412  sqrt(sum_i m^_i^2)= 0.641257  ratio= 0.039629  learning rate= 0.083649
step= 904  sqrt(max_i v^_i)  = 0.071673  sqrt(sum_i v^_i)  = 2.560963  ratio= 0.027987  learning rate= 0.083712
step= 904  sqrt(max_i m^_i^2)= 0.024366  sqrt(sum_i m^_i^2)= 0.639352  ratio= 0.038111  learning rate= 0.083712
step= 905  sqrt(max_i v^_i)  = 0.071614  sqrt(sum_i v^_i)  = 2.560918  ratio= 0.027964  learning rate= 0.083781
step= 905  sqrt(max_i m^_i^2)= 0.025916  sqrt(sum_i m^_i^2)= 0.641911  ratio= 0.040374  learning rate= 0.083781
step= 906  sqrt(max_i v^_i)  = 0.071558  sqrt(sum_i v^_i)  = 2.560805  ratio= 0.027944  learning rate= 0.083847
step= 906  sqrt(max_i m^_i^2)= 0.026724  sqrt(sum_i m^_i^2)= 0.642622  ratio= 0.041585  learning rate= 0.083847
step= 907  sqrt(max_i v^_i)  = 0.071498  sqrt(sum_i v^_i)  = 2.560698  ratio= 0.027921  learning rate= 0.083917
step= 907  sqrt(max_i m^_i^2)= 0.031334  sqrt(sum_i m^_i^2)= 0.640545  ratio= 0.048917  learning rate= 0.083917
step= 908  sqrt(max_i v^_i)  = 0.071438  sqrt(sum_i v^_i)  = 2.560596  ratio= 0.027899  learning rate= 0.083988
step= 908  sqrt(max_i m^_i^2)= 0.028769  sqrt(sum_i m^_i^2)= 0.642262  ratio= 0.044794  learning rate= 0.083988
step= 909  sqrt(max_i v^_i)  = 0.071378  sqrt(sum_i v^_i)  = 2.560480  ratio= 0.027877  learning rate= 0.084058
step= 909  sqrt(max_i m^_i^2)= 0.030576  sqrt(sum_i m^_i^2)= 0.642506  ratio= 0.047588  learning rate= 0.084058
step= 910  sqrt(max_i v^_i)  = 0.071319  sqrt(sum_i v^_i)  = 2.560331  ratio= 0.027855  learning rate= 0.084128
step= 910  sqrt(max_i m^_i^2)= 0.032858  sqrt(sum_i m^_i^2)= 0.641522  ratio= 0.051219  learning rate= 0.084128
step= 911  sqrt(max_i v^_i)  = 0.071260  sqrt(sum_i v^_i)  = 2.560211  ratio= 0.027833  learning rate= 0.084198
step= 911  sqrt(max_i m^_i^2)= 0.030058  sqrt(sum_i m^_i^2)= 0.642548  ratio= 0.046780  learning rate= 0.084198
step= 912  sqrt(max_i v^_i)  = 0.071215  sqrt(sum_i v^_i)  = 2.560069  ratio= 0.027818  learning rate= 0.084251
step= 912  sqrt(max_i m^_i^2)= 0.027538  sqrt(sum_i m^_i^2)= 0.645316  ratio= 0.042674  learning rate= 0.084251
step= 913  sqrt(max_i v^_i)  = 0.071164  sqrt(sum_i v^_i)  = 2.559941  ratio= 0.027799  learning rate= 0.084311
step= 913  sqrt(max_i m^_i^2)= 0.025204  sqrt(sum_i m^_i^2)= 0.647174  ratio= 0.038944  learning rate= 0.084311
step= 914  sqrt(max_i v^_i)  = 0.071110  sqrt(sum_i v^_i)  = 2.559900  ratio= 0.027778  learning rate= 0.084375
step= 914  sqrt(max_i m^_i^2)= 0.029342  sqrt(sum_i m^_i^2)= 0.643068  ratio= 0.045628  learning rate= 0.084375
step= 915  sqrt(max_i v^_i)  = 0.071051  sqrt(sum_i v^_i)  = 2.559774  ratio= 0.027757  learning rate= 0.084446
step= 915  sqrt(max_i m^_i^2)= 0.025351  sqrt(sum_i m^_i^2)= 0.644802  ratio= 0.039316  learning rate= 0.084446
step= 916  sqrt(max_i v^_i)  = 0.070995  sqrt(sum_i v^_i)  = 2.559578  ratio= 0.027737  learning rate= 0.084512
step= 916  sqrt(max_i m^_i^2)= 0.024219  sqrt(sum_i m^_i^2)= 0.643994  ratio= 0.037607  learning rate= 0.084512
step= 917  sqrt(max_i v^_i)  = 0.070937  sqrt(sum_i v^_i)  = 2.559416  ratio= 0.027716  learning rate= 0.084581
step= 917  sqrt(max_i m^_i^2)= 0.024128  sqrt(sum_i m^_i^2)= 0.639761  ratio= 0.037714  learning rate= 0.084581
step= 918  sqrt(max_i v^_i)  = 0.070878  sqrt(sum_i v^_i)  = 2.559306  ratio= 0.027694  learning rate= 0.084651
step= 918  sqrt(max_i m^_i^2)= 0.025712  sqrt(sum_i m^_i^2)= 0.639166  ratio= 0.040227  learning rate= 0.084651
step= 919  sqrt(max_i v^_i)  = 0.070819  sqrt(sum_i v^_i)  = 2.559202  ratio= 0.027672  learning rate= 0.084721
step= 919  sqrt(max_i m^_i^2)= 0.030482  sqrt(sum_i m^_i^2)= 0.637239  ratio= 0.047835  learning rate= 0.084721
step= 920  sqrt(max_i v^_i)  = 0.070765  sqrt(sum_i v^_i)  = 2.559194  ratio= 0.027651  learning rate= 0.084787
step= 920  sqrt(max_i m^_i^2)= 0.027088  sqrt(sum_i m^_i^2)= 0.636017  ratio= 0.042591  learning rate= 0.084787
step= 921  sqrt(max_i v^_i)  = 0.070713  sqrt(sum_i v^_i)  = 2.559079  ratio= 0.027632  learning rate= 0.084849
step= 921  sqrt(max_i m^_i^2)= 0.021121  sqrt(sum_i m^_i^2)= 0.633053  ratio= 0.033364  learning rate= 0.084849
step= 922  sqrt(max_i v^_i)  = 0.070662  sqrt(sum_i v^_i)  = 2.559020  ratio= 0.027613  learning rate= 0.084910
step= 922  sqrt(max_i m^_i^2)= 0.021170  sqrt(sum_i m^_i^2)= 0.634524  ratio= 0.033364  learning rate= 0.084910
step= 923  sqrt(max_i v^_i)  = 0.070608  sqrt(sum_i v^_i)  = 2.558911  ratio= 0.027593  learning rate= 0.084974
step= 923  sqrt(max_i m^_i^2)= 0.019062  sqrt(sum_i m^_i^2)= 0.636444  ratio= 0.029951  learning rate= 0.084974
step= 924  sqrt(max_i v^_i)  = 0.070556  sqrt(sum_i v^_i)  = 2.559051  ratio= 0.027571  learning rate= 0.085038
step= 924  sqrt(max_i m^_i^2)= 0.021141  sqrt(sum_i m^_i^2)= 0.640715  ratio= 0.032997  learning rate= 0.085038
step= 925  sqrt(max_i v^_i)  = 0.070501  sqrt(sum_i v^_i)  = 2.558938  ratio= 0.027551  learning rate= 0.085104
step= 925  sqrt(max_i m^_i^2)= 0.022449  sqrt(sum_i m^_i^2)= 0.641227  ratio= 0.035010  learning rate= 0.085104
step= 926  sqrt(max_i v^_i)  = 0.070444  sqrt(sum_i v^_i)  = 2.558860  ratio= 0.027530  learning rate= 0.085172
step= 926  sqrt(max_i m^_i^2)= 0.029786  sqrt(sum_i m^_i^2)= 0.643076  ratio= 0.046319  learning rate= 0.085172
step= 927  sqrt(max_i v^_i)  = 0.070397  sqrt(sum_i v^_i)  = 2.558745  ratio= 0.027512  learning rate= 0.085230
step= 927  sqrt(max_i m^_i^2)= 0.031597  sqrt(sum_i m^_i^2)= 0.637713  ratio= 0.049547  learning rate= 0.085230
step= 928  sqrt(max_i v^_i)  = 0.070348  sqrt(sum_i v^_i)  = 2.558616  ratio= 0.027494  learning rate= 0.085290
step= 928  sqrt(max_i m^_i^2)= 0.028372  sqrt(sum_i m^_i^2)= 0.639489  ratio= 0.044367  learning rate= 0.085290
step= 929  sqrt(max_i v^_i)  = 0.070293  sqrt(sum_i v^_i)  = 2.558513  ratio= 0.027474  learning rate= 0.085355
step= 929  sqrt(max_i m^_i^2)= 0.024498  sqrt(sum_i m^_i^2)= 0.638592  ratio= 0.038363  learning rate= 0.085355
step= 930  sqrt(max_i v^_i)  = 0.070245  sqrt(sum_i v^_i)  = 2.558347  ratio= 0.027457  learning rate= 0.085414
step= 930  sqrt(max_i m^_i^2)= 0.028779  sqrt(sum_i m^_i^2)= 0.641628  ratio= 0.044853  learning rate= 0.085414
step= 931  sqrt(max_i v^_i)  = 0.070190  sqrt(sum_i v^_i)  = 2.558247  ratio= 0.027437  learning rate= 0.085481
step= 931  sqrt(max_i m^_i^2)= 0.025836  sqrt(sum_i m^_i^2)= 0.644452  ratio= 0.040089  learning rate= 0.085481
step= 932  sqrt(max_i v^_i)  = 0.070133  sqrt(sum_i v^_i)  = 2.558109  ratio= 0.027416  learning rate= 0.085551
step= 932  sqrt(max_i m^_i^2)= 0.022837  sqrt(sum_i m^_i^2)= 0.645104  ratio= 0.035400  learning rate= 0.085551
step= 933  sqrt(max_i v^_i)  = 0.070077  sqrt(sum_i v^_i)  = 2.558077  ratio= 0.027394  learning rate= 0.085619
step= 933  sqrt(max_i m^_i^2)= 0.027238  sqrt(sum_i m^_i^2)= 0.646456  ratio= 0.042134  learning rate= 0.085619
step= 934  sqrt(max_i v^_i)  = 0.070033  sqrt(sum_i v^_i)  = 2.557884  ratio= 0.027379  learning rate= 0.085672
step= 934  sqrt(max_i m^_i^2)= 0.024459  sqrt(sum_i m^_i^2)= 0.643608  ratio= 0.038004  learning rate= 0.085672
step= 935  sqrt(max_i v^_i)  = 0.069976  sqrt(sum_i v^_i)  = 2.557775  ratio= 0.027358  learning rate= 0.085742
step= 935  sqrt(max_i m^_i^2)= 0.023046  sqrt(sum_i m^_i^2)= 0.643614  ratio= 0.035807  learning rate= 0.085742
step= 936  sqrt(max_i v^_i)  = 0.069925  sqrt(sum_i v^_i)  = 2.557627  ratio= 0.027340  learning rate= 0.085806
step= 936  sqrt(max_i m^_i^2)= 0.021590  sqrt(sum_i m^_i^2)= 0.640779  ratio= 0.033693  learning rate= 0.085806
step= 937  sqrt(max_i v^_i)  = 0.069872  sqrt(sum_i v^_i)  = 2.557543  ratio= 0.027320  learning rate= 0.085870
step= 937  sqrt(max_i m^_i^2)= 0.025582  sqrt(sum_i m^_i^2)= 0.642850  ratio= 0.039795  learning rate= 0.085870
step= 938  sqrt(max_i v^_i)  = 0.069815  sqrt(sum_i v^_i)  = 2.557490  ratio= 0.027298  learning rate= 0.085940
step= 938  sqrt(max_i m^_i^2)= 0.025760  sqrt(sum_i m^_i^2)= 0.640238  ratio= 0.040234  learning rate= 0.085940
step= 939  sqrt(max_i v^_i)  = 0.069759  sqrt(sum_i v^_i)  = 2.557423  ratio= 0.027277  learning rate= 0.086009
step= 939  sqrt(max_i m^_i^2)= 0.021475  sqrt(sum_i m^_i^2)= 0.639736  ratio= 0.033568  learning rate= 0.086009
step= 940  sqrt(max_i v^_i)  = 0.069705  sqrt(sum_i v^_i)  = 2.557362  ratio= 0.027257  learning rate= 0.086076
step= 940  sqrt(max_i m^_i^2)= 0.022515  sqrt(sum_i m^_i^2)= 0.637082  ratio= 0.035340  learning rate= 0.086076
step= 941  sqrt(max_i v^_i)  = 0.069648  sqrt(sum_i v^_i)  = 2.557187  ratio= 0.027236  learning rate= 0.086147
step= 941  sqrt(max_i m^_i^2)= 0.023483  sqrt(sum_i m^_i^2)= 0.637013  ratio= 0.036865  learning rate= 0.086147
step= 942  sqrt(max_i v^_i)  = 0.069594  sqrt(sum_i v^_i)  = 2.557080  ratio= 0.027216  learning rate= 0.086213
step= 942  sqrt(max_i m^_i^2)= 0.026527  sqrt(sum_i m^_i^2)= 0.636267  ratio= 0.041691  learning rate= 0.086213
step= 943  sqrt(max_i v^_i)  = 0.069540  sqrt(sum_i v^_i)  = 2.557001  ratio= 0.027196  learning rate= 0.086279
step= 943  sqrt(max_i m^_i^2)= 0.022297  sqrt(sum_i m^_i^2)= 0.635059  ratio= 0.035110  learning rate= 0.086279
step= 944  sqrt(max_i v^_i)  = 0.069515  sqrt(sum_i v^_i)  = 2.556821  ratio= 0.027188  learning rate= 0.086311
step= 944  sqrt(max_i m^_i^2)= 0.024862  sqrt(sum_i m^_i^2)= 0.634672  ratio= 0.039173  learning rate= 0.086311
step= 945  sqrt(max_i v^_i)  = 0.069461  sqrt(sum_i v^_i)  = 2.556775  ratio= 0.027168  learning rate= 0.086378
step= 945  sqrt(max_i m^_i^2)= 0.022116  sqrt(sum_i m^_i^2)= 0.636770  ratio= 0.034731  learning rate= 0.086378
step= 946  sqrt(max_i v^_i)  = 0.069420  sqrt(sum_i v^_i)  = 2.556615  ratio= 0.027153  learning rate= 0.086429
step= 946  sqrt(max_i m^_i^2)= 0.022557  sqrt(sum_i m^_i^2)= 0.632089  ratio= 0.035686  learning rate= 0.086429
step= 947  sqrt(max_i v^_i)  = 0.069383  sqrt(sum_i v^_i)  = 2.556564  ratio= 0.027139  learning rate= 0.086475
step= 947  sqrt(max_i m^_i^2)= 0.024728  sqrt(sum_i m^_i^2)= 0.638094  ratio= 0.038753  learning rate= 0.086475
step= 948  sqrt(max_i v^_i)  = 0.069327  sqrt(sum_i v^_i)  = 2.556490  ratio= 0.027118  learning rate= 0.086545
step= 948  sqrt(max_i m^_i^2)= 0.028395  sqrt(sum_i m^_i^2)= 0.636155  ratio= 0.044636  learning rate= 0.086545
step= 949  sqrt(max_i v^_i)  = 0.069270  sqrt(sum_i v^_i)  = 2.556394  ratio= 0.027097  learning rate= 0.086616
step= 949  sqrt(max_i m^_i^2)= 0.031696  sqrt(sum_i m^_i^2)= 0.636078  ratio= 0.049830  learning rate= 0.086616
step= 950  sqrt(max_i v^_i)  = 0.069215  sqrt(sum_i v^_i)  = 2.556207  ratio= 0.027077  learning rate= 0.086685
step= 950  sqrt(max_i m^_i^2)= 0.033696  sqrt(sum_i m^_i^2)= 0.636563  ratio= 0.052934  learning rate= 0.086685
step= 951  sqrt(max_i v^_i)  = 0.069165  sqrt(sum_i v^_i)  = 2.556062  ratio= 0.027059  learning rate= 0.086747
step= 951  sqrt(max_i m^_i^2)= 0.036466  sqrt(sum_i m^_i^2)= 0.634775  ratio= 0.057447  learning rate= 0.086747
step= 952  sqrt(max_i v^_i)  = 0.069125  sqrt(sum_i v^_i)  = 2.555872  ratio= 0.027046  learning rate= 0.086797
step= 952  sqrt(max_i m^_i^2)= 0.038419  sqrt(sum_i m^_i^2)= 0.632723  ratio= 0.060720  learning rate= 0.086797
step= 953  sqrt(max_i v^_i)  = 0.069071  sqrt(sum_i v^_i)  = 2.555815  ratio= 0.027025  learning rate= 0.086866
step= 953  sqrt(max_i m^_i^2)= 0.040716  sqrt(sum_i m^_i^2)= 0.638519  ratio= 0.063767  learning rate= 0.086866
step= 954  sqrt(max_i v^_i)  = 0.069037  sqrt(sum_i v^_i)  = 2.555760  ratio= 0.027012  learning rate= 0.086908
step= 954  sqrt(max_i m^_i^2)= 0.029380  sqrt(sum_i m^_i^2)= 0.639646  ratio= 0.045931  learning rate= 0.086908
step= 955  sqrt(max_i v^_i)  = 0.068982  sqrt(sum_i v^_i)  = 2.555661  ratio= 0.026992  learning rate= 0.086979
step= 955  sqrt(max_i m^_i^2)= 0.031842  sqrt(sum_i m^_i^2)= 0.634466  ratio= 0.050187  learning rate= 0.086979
step= 956  sqrt(max_i v^_i)  = 0.068930  sqrt(sum_i v^_i)  = 2.555589  ratio= 0.026972  learning rate= 0.087044
step= 956  sqrt(max_i m^_i^2)= 0.031146  sqrt(sum_i m^_i^2)= 0.636756  ratio= 0.048913  learning rate= 0.087044
step= 957  sqrt(max_i v^_i)  = 0.068874  sqrt(sum_i v^_i)  = 2.555435  ratio= 0.026952  learning rate= 0.087114
step= 957  sqrt(max_i m^_i^2)= 0.026249  sqrt(sum_i m^_i^2)= 0.633725  ratio= 0.041420  learning rate= 0.087114
step= 958  sqrt(max_i v^_i)  = 0.068821  sqrt(sum_i v^_i)  = 2.555384  ratio= 0.026932  learning rate= 0.087182
step= 958  sqrt(max_i m^_i^2)= 0.025698  sqrt(sum_i m^_i^2)= 0.637381  ratio= 0.040318  learning rate= 0.087182
step= 959  sqrt(max_i v^_i)  = 0.068765  sqrt(sum_i v^_i)  = 2.555340  ratio= 0.026910  learning rate= 0.087252
step= 959  sqrt(max_i m^_i^2)= 0.030126  sqrt(sum_i m^_i^2)= 0.638986  ratio= 0.047147  learning rate= 0.087252
step= 960  sqrt(max_i v^_i)  = 0.068710  sqrt(sum_i v^_i)  = 2.555203  ratio= 0.026890  learning rate= 0.087323
step= 960  sqrt(max_i m^_i^2)= 0.035426  sqrt(sum_i m^_i^2)= 0.635969  ratio= 0.055704  learning rate= 0.087323
step= 961  sqrt(max_i v^_i)  = 0.068665  sqrt(sum_i v^_i)  = 2.555144  ratio= 0.026873  learning rate= 0.087379
step= 961  sqrt(max_i m^_i^2)= 0.040196  sqrt(sum_i m^_i^2)= 0.636436  ratio= 0.063158  learning rate= 0.087379
step= 962  sqrt(max_i v^_i)  = 0.068614  sqrt(sum_i v^_i)  = 2.555054  ratio= 0.026854  learning rate= 0.087444
step= 962  sqrt(max_i m^_i^2)= 0.037693  sqrt(sum_i m^_i^2)= 0.637426  ratio= 0.059133  learning rate= 0.087444
step= 963  sqrt(max_i v^_i)  = 0.068564  sqrt(sum_i v^_i)  = 2.555041  ratio= 0.026835  learning rate= 0.087508
step= 963  sqrt(max_i m^_i^2)= 0.029614  sqrt(sum_i m^_i^2)= 0.636423  ratio= 0.046532  learning rate= 0.087508
step= 964  sqrt(max_i v^_i)  = 0.068509  sqrt(sum_i v^_i)  = 2.554961  ratio= 0.026814  learning rate= 0.087579
step= 964  sqrt(max_i m^_i^2)= 0.024285  sqrt(sum_i m^_i^2)= 0.636493  ratio= 0.038155  learning rate= 0.087579
step= 965  sqrt(max_i v^_i)  = 0.068460  sqrt(sum_i v^_i)  = 2.554873  ratio= 0.026796  learning rate= 0.087642
step= 965  sqrt(max_i m^_i^2)= 0.023831  sqrt(sum_i m^_i^2)= 0.638219  ratio= 0.037340  learning rate= 0.087642
step= 966  sqrt(max_i v^_i)  = 0.068414  sqrt(sum_i v^_i)  = 2.554726  ratio= 0.026779  learning rate= 0.087700
step= 966  sqrt(max_i m^_i^2)= 0.026421  sqrt(sum_i m^_i^2)= 0.636046  ratio= 0.041540  learning rate= 0.087700
step= 967  sqrt(max_i v^_i)  = 0.068360  sqrt(sum_i v^_i)  = 2.554591  ratio= 0.026760  learning rate= 0.087769
step= 967  sqrt(max_i m^_i^2)= 0.027370  sqrt(sum_i m^_i^2)= 0.636198  ratio= 0.043021  learning rate= 0.087769
step= 968  sqrt(max_i v^_i)  = 0.068310  sqrt(sum_i v^_i)  = 2.554536  ratio= 0.026741  learning rate= 0.087833
step= 968  sqrt(max_i m^_i^2)= 0.023301  sqrt(sum_i m^_i^2)= 0.637410  ratio= 0.036556  learning rate= 0.087833
step= 969  sqrt(max_i v^_i)  = 0.068256  sqrt(sum_i v^_i)  = 2.554379  ratio= 0.026721  learning rate= 0.087904
step= 969  sqrt(max_i m^_i^2)= 0.025140  sqrt(sum_i m^_i^2)= 0.633988  ratio= 0.039653  learning rate= 0.087904
step= 970  sqrt(max_i v^_i)  = 0.068204  sqrt(sum_i v^_i)  = 2.554320  ratio= 0.026701  learning rate= 0.087971
step= 970  sqrt(max_i m^_i^2)= 0.027636  sqrt(sum_i m^_i^2)= 0.635894  ratio= 0.043461  learning rate= 0.087971
step= 971  sqrt(max_i v^_i)  = 0.068150  sqrt(sum_i v^_i)  = 2.554287  ratio= 0.026680  learning rate= 0.088040
step= 971  sqrt(max_i m^_i^2)= 0.027210  sqrt(sum_i m^_i^2)= 0.638205  ratio= 0.042636  learning rate= 0.088040
step= 972  sqrt(max_i v^_i)  = 0.068100  sqrt(sum_i v^_i)  = 2.554185  ratio= 0.026662  learning rate= 0.088105
step= 972  sqrt(max_i m^_i^2)= 0.027798  sqrt(sum_i m^_i^2)= 0.638603  ratio= 0.043529  learning rate= 0.088105
step= 973  sqrt(max_i v^_i)  = 0.068048  sqrt(sum_i v^_i)  = 2.554073  ratio= 0.026643  learning rate= 0.088171
step= 973  sqrt(max_i m^_i^2)= 0.022501  sqrt(sum_i m^_i^2)= 0.639164  ratio= 0.035204  learning rate= 0.088171
step= 974  sqrt(max_i v^_i)  = 0.067994  sqrt(sum_i v^_i)  = 2.553954  ratio= 0.026623  learning rate= 0.088242
step= 974  sqrt(max_i m^_i^2)= 0.022463  sqrt(sum_i m^_i^2)= 0.634799  ratio= 0.035385  learning rate= 0.088242
step= 975  sqrt(max_i v^_i)  = 0.067944  sqrt(sum_i v^_i)  = 2.553872  ratio= 0.026604  learning rate= 0.088307
step= 975  sqrt(max_i m^_i^2)= 0.025085  sqrt(sum_i m^_i^2)= 0.634272  ratio= 0.039549  learning rate= 0.088307
step= 976  sqrt(max_i v^_i)  = 0.067891  sqrt(sum_i v^_i)  = 2.553812  ratio= 0.026584  learning rate= 0.088376
step= 976  sqrt(max_i m^_i^2)= 0.020563  sqrt(sum_i m^_i^2)= 0.634392  ratio= 0.032413  learning rate= 0.088376
step= 977  sqrt(max_i v^_i)  = 0.067843  sqrt(sum_i v^_i)  = 2.553657  ratio= 0.026567  learning rate= 0.088438
step= 977  sqrt(max_i m^_i^2)= 0.021027  sqrt(sum_i m^_i^2)= 0.631138  ratio= 0.033316  learning rate= 0.088438
step= 978  sqrt(max_i v^_i)  = 0.067789  sqrt(sum_i v^_i)  = 2.553636  ratio= 0.026546  learning rate= 0.088509
step= 978  sqrt(max_i m^_i^2)= 0.020073  sqrt(sum_i m^_i^2)= 0.635411  ratio= 0.031591  learning rate= 0.088509
step= 979  sqrt(max_i v^_i)  = 0.067735  sqrt(sum_i v^_i)  = 2.553596  ratio= 0.026525  learning rate= 0.088579
step= 979  sqrt(max_i m^_i^2)= 0.019328  sqrt(sum_i m^_i^2)= 0.635524  ratio= 0.030413  learning rate= 0.088579
step= 980  sqrt(max_i v^_i)  = 0.067690  sqrt(sum_i v^_i)  = 2.553515  ratio= 0.026509  learning rate= 0.088638
step= 980  sqrt(max_i m^_i^2)= 0.022023  sqrt(sum_i m^_i^2)= 0.636539  ratio= 0.034597  learning rate= 0.088638
step= 981  sqrt(max_i v^_i)  = 0.067636  sqrt(sum_i v^_i)  = 2.553450  ratio= 0.026488  learning rate= 0.088709
step= 981  sqrt(max_i m^_i^2)= 0.024991  sqrt(sum_i m^_i^2)= 0.637355  ratio= 0.039211  learning rate= 0.088709
step= 982  sqrt(max_i v^_i)  = 0.067582  sqrt(sum_i v^_i)  = 2.553349  ratio= 0.026468  learning rate= 0.088779
step= 982  sqrt(max_i m^_i^2)= 0.023040  sqrt(sum_i m^_i^2)= 0.634962  ratio= 0.036286  learning rate= 0.088779
step= 983  sqrt(max_i v^_i)  = 0.067531  sqrt(sum_i v^_i)  = 2.553326  ratio= 0.026448  learning rate= 0.088846
step= 983  sqrt(max_i m^_i^2)= 0.023518  sqrt(sum_i m^_i^2)= 0.633241  ratio= 0.037140  learning rate= 0.088846
step= 984  sqrt(max_i v^_i)  = 0.067480  sqrt(sum_i v^_i)  = 2.553283  ratio= 0.026429  learning rate= 0.088913
step= 984  sqrt(max_i m^_i^2)= 0.023491  sqrt(sum_i m^_i^2)= 0.632672  ratio= 0.037129  learning rate= 0.088913
step= 985  sqrt(max_i v^_i)  = 0.067428  sqrt(sum_i v^_i)  = 2.553214  ratio= 0.026409  learning rate= 0.088983
step= 985  sqrt(max_i m^_i^2)= 0.026273  sqrt(sum_i m^_i^2)= 0.632299  ratio= 0.041552  learning rate= 0.088983
step= 986  sqrt(max_i v^_i)  = 0.067378  sqrt(sum_i v^_i)  = 2.553176  ratio= 0.026390  learning rate= 0.089049
step= 986  sqrt(max_i m^_i^2)= 0.026486  sqrt(sum_i m^_i^2)= 0.633772  ratio= 0.041790  learning rate= 0.089049
step= 987  sqrt(max_i v^_i)  = 0.067326  sqrt(sum_i v^_i)  = 2.553023  ratio= 0.026371  learning rate= 0.089117
step= 987  sqrt(max_i m^_i^2)= 0.023764  sqrt(sum_i m^_i^2)= 0.635985  ratio= 0.037366  learning rate= 0.089117
step= 988  sqrt(max_i v^_i)  = 0.067275  sqrt(sum_i v^_i)  = 2.552949  ratio= 0.026352  learning rate= 0.089184
step= 988  sqrt(max_i m^_i^2)= 0.027140  sqrt(sum_i m^_i^2)= 0.636428  ratio= 0.042644  learning rate= 0.089184
step= 989  sqrt(max_i v^_i)  = 0.067222  sqrt(sum_i v^_i)  = 2.552838  ratio= 0.026332  learning rate= 0.089255
step= 989  sqrt(max_i m^_i^2)= 0.023492  sqrt(sum_i m^_i^2)= 0.632591  ratio= 0.037136  learning rate= 0.089255
step= 990  sqrt(max_i v^_i)  = 0.067172  sqrt(sum_i v^_i)  = 2.552700  ratio= 0.026314  learning rate= 0.089322
step= 990  sqrt(max_i m^_i^2)= 0.027416  sqrt(sum_i m^_i^2)= 0.632909  ratio= 0.043317  learning rate= 0.089322
step= 991  sqrt(max_i v^_i)  = 0.067120  sqrt(sum_i v^_i)  = 2.552607  ratio= 0.026295  learning rate= 0.089391
step= 991  sqrt(max_i m^_i^2)= 0.029703  sqrt(sum_i m^_i^2)= 0.634378  ratio= 0.046822  learning rate= 0.089391
step= 992  sqrt(max_i v^_i)  = 0.067068  sqrt(sum_i v^_i)  = 2.552507  ratio= 0.026275  learning rate= 0.089460
step= 992  sqrt(max_i m^_i^2)= 0.028328  sqrt(sum_i m^_i^2)= 0.634643  ratio= 0.044636  learning rate= 0.089460
step= 993  sqrt(max_i v^_i)  = 0.067019  sqrt(sum_i v^_i)  = 2.552427  ratio= 0.026257  learning rate= 0.089525
step= 993  sqrt(max_i m^_i^2)= 0.031038  sqrt(sum_i m^_i^2)= 0.634845  ratio= 0.048891  learning rate= 0.089525
step= 994  sqrt(max_i v^_i)  = 0.066966  sqrt(sum_i v^_i)  = 2.552377  ratio= 0.026237  learning rate= 0.089596
step= 994  sqrt(max_i m^_i^2)= 0.032760  sqrt(sum_i m^_i^2)= 0.633665  ratio= 0.051699  learning rate= 0.089596
step= 995  sqrt(max_i v^_i)  = 0.066914  sqrt(sum_i v^_i)  = 2.552292  ratio= 0.026217  learning rate= 0.089666
step= 995  sqrt(max_i m^_i^2)= 0.026516  sqrt(sum_i m^_i^2)= 0.632200  ratio= 0.041942  learning rate= 0.089666
step= 996  sqrt(max_i v^_i)  = 0.066862  sqrt(sum_i v^_i)  = 2.552220  ratio= 0.026198  learning rate= 0.089736
step= 996  sqrt(max_i m^_i^2)= 0.028906  sqrt(sum_i m^_i^2)= 0.630056  ratio= 0.045879  learning rate= 0.089736
step= 997  sqrt(max_i v^_i)  = 0.066810  sqrt(sum_i v^_i)  = 2.552132  ratio= 0.026178  learning rate= 0.089806
step= 997  sqrt(max_i m^_i^2)= 0.027418  sqrt(sum_i m^_i^2)= 0.630171  ratio= 0.043509  learning rate= 0.089806
step= 998  sqrt(max_i v^_i)  = 0.066762  sqrt(sum_i v^_i)  = 2.552057  ratio= 0.026160  learning rate= 0.089871
step= 998  sqrt(max_i m^_i^2)= 0.031553  sqrt(sum_i m^_i^2)= 0.632910  ratio= 0.049854  learning rate= 0.089871
step= 999  sqrt(max_i v^_i)  = 0.066711  sqrt(sum_i v^_i)  = 2.551994  ratio= 0.026141  learning rate= 0.089939
step= 999  sqrt(max_i m^_i^2)= 0.034547  sqrt(sum_i m^_i^2)= 0.635386  ratio= 0.054372  learning rate= 0.089939
step= 1000  sqrt(max_i v^_i)  = 0.066670  sqrt(sum_i v^_i)  = 2.551882  ratio= 0.026126  learning rate= 0.089995
step= 1000  sqrt(max_i m^_i^2)= 0.027934  sqrt(sum_i m^_i^2)= 0.635153  ratio= 0.043980  learning rate= 0.089995
step= 1001  sqrt(max_i v^_i)  = 0.066617  sqrt(sum_i v^_i)  = 2.551736  ratio= 0.026107  learning rate= 0.090066
step= 1001  sqrt(max_i m^_i^2)= 0.025674  sqrt(sum_i m^_i^2)= 0.633323  ratio= 0.040539  learning rate= 0.090066
step= 1002  sqrt(max_i v^_i)  = 0.066565  sqrt(sum_i v^_i)  = 2.551616  ratio= 0.026087  learning rate= 0.090136
step= 1002  sqrt(max_i m^_i^2)= 0.028457  sqrt(sum_i m^_i^2)= 0.637582  ratio= 0.044632  learning rate= 0.090136
step= 1003  sqrt(max_i v^_i)  = 0.066514  sqrt(sum_i v^_i)  = 2.551522  ratio= 0.026068  learning rate= 0.090205
step= 1003  sqrt(max_i m^_i^2)= 0.034844  sqrt(sum_i m^_i^2)= 0.639022  ratio= 0.054527  learning rate= 0.090205
step= 1004  sqrt(max_i v^_i)  = 0.066467  sqrt(sum_i v^_i)  = 2.551550  ratio= 0.026050  learning rate= 0.090268
step= 1004  sqrt(max_i m^_i^2)= 0.028942  sqrt(sum_i m^_i^2)= 0.634476  ratio= 0.045616  learning rate= 0.090268
step= 1005  sqrt(max_i v^_i)  = 0.066415  sqrt(sum_i v^_i)  = 2.551449  ratio= 0.026030  learning rate= 0.090340
step= 1005  sqrt(max_i m^_i^2)= 0.025572  sqrt(sum_i m^_i^2)= 0.633430  ratio= 0.040371  learning rate= 0.090340
step= 1006  sqrt(max_i v^_i)  = 0.066363  sqrt(sum_i v^_i)  = 2.551395  ratio= 0.026011  learning rate= 0.090410
step= 1006  sqrt(max_i m^_i^2)= 0.021550  sqrt(sum_i m^_i^2)= 0.630975  ratio= 0.034154  learning rate= 0.090410
step= 1007  sqrt(max_i v^_i)  = 0.066311  sqrt(sum_i v^_i)  = 2.551288  ratio= 0.025991  learning rate= 0.090481
step= 1007  sqrt(max_i m^_i^2)= 0.022916  sqrt(sum_i m^_i^2)= 0.630852  ratio= 0.036325  learning rate= 0.090481
step= 1008  sqrt(max_i v^_i)  = 0.066259  sqrt(sum_i v^_i)  = 2.551111  ratio= 0.025973  learning rate= 0.090552
step= 1008  sqrt(max_i m^_i^2)= 0.027798  sqrt(sum_i m^_i^2)= 0.628803  ratio= 0.044207  learning rate= 0.090552
step= 1009  sqrt(max_i v^_i)  = 0.066212  sqrt(sum_i v^_i)  = 2.550999  ratio= 0.025955  learning rate= 0.090616
step= 1009  sqrt(max_i m^_i^2)= 0.027826  sqrt(sum_i m^_i^2)= 0.627874  ratio= 0.044318  learning rate= 0.090616
step= 1010  sqrt(max_i v^_i)  = 0.066164  sqrt(sum_i v^_i)  = 2.550943  ratio= 0.025937  learning rate= 0.090683
step= 1010  sqrt(max_i m^_i^2)= 0.025925  sqrt(sum_i m^_i^2)= 0.624166  ratio= 0.041536  learning rate= 0.090683
step= 1011  sqrt(max_i v^_i)  = 0.066112  sqrt(sum_i v^_i)  = 2.550830  ratio= 0.025918  learning rate= 0.090754
step= 1011  sqrt(max_i m^_i^2)= 0.025026  sqrt(sum_i m^_i^2)= 0.623740  ratio= 0.040123  learning rate= 0.090754
step= 1012  sqrt(max_i v^_i)  = 0.066062  sqrt(sum_i v^_i)  = 2.550749  ratio= 0.025899  learning rate= 0.090823
step= 1012  sqrt(max_i m^_i^2)= 0.022275  sqrt(sum_i m^_i^2)= 0.623998  ratio= 0.035697  learning rate= 0.090823
step= 1013  sqrt(max_i v^_i)  = 0.066010  sqrt(sum_i v^_i)  = 2.550636  ratio= 0.025880  learning rate= 0.090894
step= 1013  sqrt(max_i m^_i^2)= 0.027708  sqrt(sum_i m^_i^2)= 0.628578  ratio= 0.044081  learning rate= 0.090894
step= 1014  sqrt(max_i v^_i)  = 0.065960  sqrt(sum_i v^_i)  = 2.550654  ratio= 0.025860  learning rate= 0.090962
step= 1014  sqrt(max_i m^_i^2)= 0.022231  sqrt(sum_i m^_i^2)= 0.632204  ratio= 0.035164  learning rate= 0.090962
step= 1015  sqrt(max_i v^_i)  = 0.065927  sqrt(sum_i v^_i)  = 2.550517  ratio= 0.025849  learning rate= 0.091008
step= 1015  sqrt(max_i m^_i^2)= 0.020561  sqrt(sum_i m^_i^2)= 0.629272  ratio= 0.032675  learning rate= 0.091008
step= 1016  sqrt(max_i v^_i)  = 0.065895  sqrt(sum_i v^_i)  = 2.550489  ratio= 0.025836  learning rate= 0.091053
step= 1016  sqrt(max_i m^_i^2)= 0.025000  sqrt(sum_i m^_i^2)= 0.632470  ratio= 0.039528  learning rate= 0.091053
step= 1017  sqrt(max_i v^_i)  = 0.065843  sqrt(sum_i v^_i)  = 2.550469  ratio= 0.025816  learning rate= 0.091124
step= 1017  sqrt(max_i m^_i^2)= 0.027030  sqrt(sum_i m^_i^2)= 0.632862  ratio= 0.042710  learning rate= 0.091124
step= 1018  sqrt(max_i v^_i)  = 0.065793  sqrt(sum_i v^_i)  = 2.550322  ratio= 0.025798  learning rate= 0.091194
step= 1018  sqrt(max_i m^_i^2)= 0.024973  sqrt(sum_i m^_i^2)= 0.629441  ratio= 0.039675  learning rate= 0.091194
step= 1019  sqrt(max_i v^_i)  = 0.065742  sqrt(sum_i v^_i)  = 2.550297  ratio= 0.025778  learning rate= 0.091265
step= 1019  sqrt(max_i m^_i^2)= 0.027712  sqrt(sum_i m^_i^2)= 0.633975  ratio= 0.043712  learning rate= 0.091265
step= 1020  sqrt(max_i v^_i)  = 0.065691  sqrt(sum_i v^_i)  = 2.550149  ratio= 0.025760  learning rate= 0.091336
step= 1020  sqrt(max_i m^_i^2)= 0.030336  sqrt(sum_i m^_i^2)= 0.633378  ratio= 0.047895  learning rate= 0.091336
step= 1021  sqrt(max_i v^_i)  = 0.065654  sqrt(sum_i v^_i)  = 2.550032  ratio= 0.025746  learning rate= 0.091387
step= 1021  sqrt(max_i m^_i^2)= 0.029890  sqrt(sum_i m^_i^2)= 0.634242  ratio= 0.047127  learning rate= 0.091387
step= 1022  sqrt(max_i v^_i)  = 0.065603  sqrt(sum_i v^_i)  = 2.549901  ratio= 0.025727  learning rate= 0.091459
step= 1022  sqrt(max_i m^_i^2)= 0.027178  sqrt(sum_i m^_i^2)= 0.634128  ratio= 0.042859  learning rate= 0.091459
step= 1023  sqrt(max_i v^_i)  = 0.065553  sqrt(sum_i v^_i)  = 2.549751  ratio= 0.025709  learning rate= 0.091528
step= 1023  sqrt(max_i m^_i^2)= 0.031457  sqrt(sum_i m^_i^2)= 0.631636  ratio= 0.049802  learning rate= 0.091528
step= 1024  sqrt(max_i v^_i)  = 0.065507  sqrt(sum_i v^_i)  = 2.549706  ratio= 0.025692  learning rate= 0.091592
step= 1024  sqrt(max_i m^_i^2)= 0.029927  sqrt(sum_i m^_i^2)= 0.631128  ratio= 0.047419  learning rate= 0.091592
step= 1025  sqrt(max_i v^_i)  = 0.065457  sqrt(sum_i v^_i)  = 2.549704  ratio= 0.025673  learning rate= 0.091661
step= 1025  sqrt(max_i m^_i^2)= 0.027067  sqrt(sum_i m^_i^2)= 0.635137  ratio= 0.042616  learning rate= 0.091661
step= 1026  sqrt(max_i v^_i)  = 0.065412  sqrt(sum_i v^_i)  = 2.549614  ratio= 0.025656  learning rate= 0.091725
step= 1026  sqrt(max_i m^_i^2)= 0.026318  sqrt(sum_i m^_i^2)= 0.636008  ratio= 0.041380  learning rate= 0.091725
step= 1027  sqrt(max_i v^_i)  = 0.065365  sqrt(sum_i v^_i)  = 2.549537  ratio= 0.025638  learning rate= 0.091791
step= 1027  sqrt(max_i m^_i^2)= 0.023439  sqrt(sum_i m^_i^2)= 0.635160  ratio= 0.036903  learning rate= 0.091791
step= 1028  sqrt(max_i v^_i)  = 0.065316  sqrt(sum_i v^_i)  = 2.549410  ratio= 0.025620  learning rate= 0.091859
step= 1028  sqrt(max_i m^_i^2)= 0.021556  sqrt(sum_i m^_i^2)= 0.625985  ratio= 0.034435  learning rate= 0.091859
step= 1029  sqrt(max_i v^_i)  = 0.065266  sqrt(sum_i v^_i)  = 2.549328  ratio= 0.025601  learning rate= 0.091930
step= 1029  sqrt(max_i m^_i^2)= 0.025774  sqrt(sum_i m^_i^2)= 0.629340  ratio= 0.040953  learning rate= 0.091930
step= 1030  sqrt(max_i v^_i)  = 0.065222  sqrt(sum_i v^_i)  = 2.549190  ratio= 0.025585  learning rate= 0.091992
step= 1030  sqrt(max_i m^_i^2)= 0.022864  sqrt(sum_i m^_i^2)= 0.627338  ratio= 0.036447  learning rate= 0.091992
step= 1031  sqrt(max_i v^_i)  = 0.065172  sqrt(sum_i v^_i)  = 2.549061  ratio= 0.025567  learning rate= 0.092062
step= 1031  sqrt(max_i m^_i^2)= 0.027702  sqrt(sum_i m^_i^2)= 0.626757  ratio= 0.044199  learning rate= 0.092062
step= 1032  sqrt(max_i v^_i)  = 0.065122  sqrt(sum_i v^_i)  = 2.548952  ratio= 0.025549  learning rate= 0.092133
step= 1032  sqrt(max_i m^_i^2)= 0.025104  sqrt(sum_i m^_i^2)= 0.626554  ratio= 0.040067  learning rate= 0.092133
step= 1033  sqrt(max_i v^_i)  = 0.065072  sqrt(sum_i v^_i)  = 2.548776  ratio= 0.025531  learning rate= 0.092205
step= 1033  sqrt(max_i m^_i^2)= 0.020600  sqrt(sum_i m^_i^2)= 0.626200  ratio= 0.032898  learning rate= 0.092205
step= 1034  sqrt(max_i v^_i)  = 0.065022  sqrt(sum_i v^_i)  = 2.548730  ratio= 0.025511  learning rate= 0.092275
step= 1034  sqrt(max_i m^_i^2)= 0.026733  sqrt(sum_i m^_i^2)= 0.628690  ratio= 0.042521  learning rate= 0.092275
step= 1035  sqrt(max_i v^_i)  = 0.064984  sqrt(sum_i v^_i)  = 2.548647  ratio= 0.025497  learning rate= 0.092330
step= 1035  sqrt(max_i m^_i^2)= 0.027912  sqrt(sum_i m^_i^2)= 0.631266  ratio= 0.044217  learning rate= 0.092330
step= 1036  sqrt(max_i v^_i)  = 0.064936  sqrt(sum_i v^_i)  = 2.548584  ratio= 0.025479  learning rate= 0.092397
step= 1036  sqrt(max_i m^_i^2)= 0.027797  sqrt(sum_i m^_i^2)= 0.633233  ratio= 0.043897  learning rate= 0.092397
step= 1037  sqrt(max_i v^_i)  = 0.064886  sqrt(sum_i v^_i)  = 2.548463  ratio= 0.025461  learning rate= 0.092469
step= 1037  sqrt(max_i m^_i^2)= 0.030389  sqrt(sum_i m^_i^2)= 0.631627  ratio= 0.048113  learning rate= 0.092469
step= 1038  sqrt(max_i v^_i)  = 0.064837  sqrt(sum_i v^_i)  = 2.548461  ratio= 0.025442  learning rate= 0.092538
step= 1038  sqrt(max_i m^_i^2)= 0.039561  sqrt(sum_i m^_i^2)= 0.630572  ratio= 0.062739  learning rate= 0.092538
step= 1039  sqrt(max_i v^_i)  = 0.064787  sqrt(sum_i v^_i)  = 2.548361  ratio= 0.025423  learning rate= 0.092610
step= 1039  sqrt(max_i m^_i^2)= 0.041020  sqrt(sum_i m^_i^2)= 0.632507  ratio= 0.064853  learning rate= 0.092610
step= 1040  sqrt(max_i v^_i)  = 0.064739  sqrt(sum_i v^_i)  = 2.548289  ratio= 0.025405  learning rate= 0.092679
step= 1040  sqrt(max_i m^_i^2)= 0.040391  sqrt(sum_i m^_i^2)= 0.631689  ratio= 0.063941  learning rate= 0.092679
step= 1041  sqrt(max_i v^_i)  = 0.064689  sqrt(sum_i v^_i)  = 2.548181  ratio= 0.025386  learning rate= 0.092750
step= 1041  sqrt(max_i m^_i^2)= 0.030116  sqrt(sum_i m^_i^2)= 0.629961  ratio= 0.047806  learning rate= 0.092750
step= 1042  sqrt(max_i v^_i)  = 0.064639  sqrt(sum_i v^_i)  = 2.548036  ratio= 0.025368  learning rate= 0.092822
step= 1042  sqrt(max_i m^_i^2)= 0.030577  sqrt(sum_i m^_i^2)= 0.626637  ratio= 0.048795  learning rate= 0.092822
step= 1043  sqrt(max_i v^_i)  = 0.064589  sqrt(sum_i v^_i)  = 2.547862  ratio= 0.025350  learning rate= 0.092894
step= 1043  sqrt(max_i m^_i^2)= 0.027108  sqrt(sum_i m^_i^2)= 0.624346  ratio= 0.043418  learning rate= 0.092894
step= 1044  sqrt(max_i v^_i)  = 0.064540  sqrt(sum_i v^_i)  = 2.547768  ratio= 0.025332  learning rate= 0.092965
step= 1044  sqrt(max_i m^_i^2)= 0.029811  sqrt(sum_i m^_i^2)= 0.626845  ratio= 0.047558  learning rate= 0.092965
step= 1045  sqrt(max_i v^_i)  = 0.064511  sqrt(sum_i v^_i)  = 2.547721  ratio= 0.025321  learning rate= 0.093005
step= 1045  sqrt(max_i m^_i^2)= 0.026419  sqrt(sum_i m^_i^2)= 0.626428  ratio= 0.042174  learning rate= 0.093005
step= 1046  sqrt(max_i v^_i)  = 0.064467  sqrt(sum_i v^_i)  = 2.547610  ratio= 0.025305  learning rate= 0.093069
step= 1046  sqrt(max_i m^_i^2)= 0.025467  sqrt(sum_i m^_i^2)= 0.625993  ratio= 0.040683  learning rate= 0.093069
step= 1047  sqrt(max_i v^_i)  = 0.064417  sqrt(sum_i v^_i)  = 2.547620  ratio= 0.025285  learning rate= 0.093141
step= 1047  sqrt(max_i m^_i^2)= 0.028067  sqrt(sum_i m^_i^2)= 0.629463  ratio= 0.044589  learning rate= 0.093141
step= 1048  sqrt(max_i v^_i)  = 0.064368  sqrt(sum_i v^_i)  = 2.547584  ratio= 0.025266  learning rate= 0.093212
step= 1048  sqrt(max_i m^_i^2)= 0.036539  sqrt(sum_i m^_i^2)= 0.626480  ratio= 0.058324  learning rate= 0.093212
step= 1049  sqrt(max_i v^_i)  = 0.064321  sqrt(sum_i v^_i)  = 2.547542  ratio= 0.025248  learning rate= 0.093280
step= 1049  sqrt(max_i m^_i^2)= 0.037368  sqrt(sum_i m^_i^2)= 0.627304  ratio= 0.059568  learning rate= 0.093280
step= 1050  sqrt(max_i v^_i)  = 0.064274  sqrt(sum_i v^_i)  = 2.547467  ratio= 0.025231  learning rate= 0.093348
step= 1050  sqrt(max_i m^_i^2)= 0.033259  sqrt(sum_i m^_i^2)= 0.629802  ratio= 0.052808  learning rate= 0.093348
step= 1051  sqrt(max_i v^_i)  = 0.064235  sqrt(sum_i v^_i)  = 2.547386  ratio= 0.025216  learning rate= 0.093405
step= 1051  sqrt(max_i m^_i^2)= 0.024201  sqrt(sum_i m^_i^2)= 0.629701  ratio= 0.038432  learning rate= 0.093405
step= 1052  sqrt(max_i v^_i)  = 0.064188  sqrt(sum_i v^_i)  = 2.547340  ratio= 0.025198  learning rate= 0.093474
step= 1052  sqrt(max_i m^_i^2)= 0.025594  sqrt(sum_i m^_i^2)= 0.630694  ratio= 0.040581  learning rate= 0.093474
step= 1053  sqrt(max_i v^_i)  = 0.064141  sqrt(sum_i v^_i)  = 2.547247  ratio= 0.025181  learning rate= 0.093542
step= 1053  sqrt(max_i m^_i^2)= 0.030556  sqrt(sum_i m^_i^2)= 0.630902  ratio= 0.048433  learning rate= 0.093542
step= 1054  sqrt(max_i v^_i)  = 0.064098  sqrt(sum_i v^_i)  = 2.547173  ratio= 0.025164  learning rate= 0.093606
step= 1054  sqrt(max_i m^_i^2)= 0.029753  sqrt(sum_i m^_i^2)= 0.627717  ratio= 0.047398  learning rate= 0.093606
step= 1055  sqrt(max_i v^_i)  = 0.064051  sqrt(sum_i v^_i)  = 2.547067  ratio= 0.025147  learning rate= 0.093674
step= 1055  sqrt(max_i m^_i^2)= 0.037084  sqrt(sum_i m^_i^2)= 0.625126  ratio= 0.059323  learning rate= 0.093674
step= 1056  sqrt(max_i v^_i)  = 0.064002  sqrt(sum_i v^_i)  = 2.546955  ratio= 0.025129  learning rate= 0.093746
step= 1056  sqrt(max_i m^_i^2)= 0.033003  sqrt(sum_i m^_i^2)= 0.619993  ratio= 0.053232  learning rate= 0.093746
step= 1057  sqrt(max_i v^_i)  = 0.063954  sqrt(sum_i v^_i)  = 2.546883  ratio= 0.025111  learning rate= 0.093817
step= 1057  sqrt(max_i m^_i^2)= 0.023505  sqrt(sum_i m^_i^2)= 0.620460  ratio= 0.037883  learning rate= 0.093817
step= 1058  sqrt(max_i v^_i)  = 0.063905  sqrt(sum_i v^_i)  = 2.546846  ratio= 0.025092  learning rate= 0.093889
step= 1058  sqrt(max_i m^_i^2)= 0.024337  sqrt(sum_i m^_i^2)= 0.621649  ratio= 0.039149  learning rate= 0.093889
step= 1059  sqrt(max_i v^_i)  = 0.063856  sqrt(sum_i v^_i)  = 2.546766  ratio= 0.025073  learning rate= 0.093960
step= 1059  sqrt(max_i m^_i^2)= 0.026971  sqrt(sum_i m^_i^2)= 0.622118  ratio= 0.043353  learning rate= 0.093960
step= 1060  sqrt(max_i v^_i)  = 0.063808  sqrt(sum_i v^_i)  = 2.546701  ratio= 0.025055  learning rate= 0.094031
step= 1060  sqrt(max_i m^_i^2)= 0.030697  sqrt(sum_i m^_i^2)= 0.621916  ratio= 0.049358  learning rate= 0.094031
step= 1061  sqrt(max_i v^_i)  = 0.063764  sqrt(sum_i v^_i)  = 2.546644  ratio= 0.025038  learning rate= 0.094096
step= 1061  sqrt(max_i m^_i^2)= 0.029195  sqrt(sum_i m^_i^2)= 0.623177  ratio= 0.046849  learning rate= 0.094096
step= 1062  sqrt(max_i v^_i)  = 0.063715  sqrt(sum_i v^_i)  = 2.546536  ratio= 0.025020  learning rate= 0.094167
step= 1062  sqrt(max_i m^_i^2)= 0.029786  sqrt(sum_i m^_i^2)= 0.624270  ratio= 0.047713  learning rate= 0.094167
step= 1063  sqrt(max_i v^_i)  = 0.063667  sqrt(sum_i v^_i)  = 2.546408  ratio= 0.025003  learning rate= 0.094239
step= 1063  sqrt(max_i m^_i^2)= 0.027776  sqrt(sum_i m^_i^2)= 0.624278  ratio= 0.044492  learning rate= 0.094239
step= 1064  sqrt(max_i v^_i)  = 0.063639  sqrt(sum_i v^_i)  = 2.546436  ratio= 0.024992  learning rate= 0.094280
step= 1064  sqrt(max_i m^_i^2)= 0.033097  sqrt(sum_i m^_i^2)= 0.627009  ratio= 0.052786  learning rate= 0.094280
step= 1065  sqrt(max_i v^_i)  = 0.063591  sqrt(sum_i v^_i)  = 2.546288  ratio= 0.024974  learning rate= 0.094351
step= 1065  sqrt(max_i m^_i^2)= 0.025265  sqrt(sum_i m^_i^2)= 0.625372  ratio= 0.040400  learning rate= 0.094351
step= 1066  sqrt(max_i v^_i)  = 0.063544  sqrt(sum_i v^_i)  = 2.546129  ratio= 0.024957  learning rate= 0.094421
step= 1066  sqrt(max_i m^_i^2)= 0.024636  sqrt(sum_i m^_i^2)= 0.620416  ratio= 0.039709  learning rate= 0.094421
step= 1067  sqrt(max_i v^_i)  = 0.063531  sqrt(sum_i v^_i)  = 2.546190  ratio= 0.024952  learning rate= 0.094440
step= 1067  sqrt(max_i m^_i^2)= 0.028938  sqrt(sum_i m^_i^2)= 0.624954  ratio= 0.046305  learning rate= 0.094440
step= 1068  sqrt(max_i v^_i)  = 0.063485  sqrt(sum_i v^_i)  = 2.546045  ratio= 0.024935  learning rate= 0.094509
step= 1068  sqrt(max_i m^_i^2)= 0.029362  sqrt(sum_i m^_i^2)= 0.625969  ratio= 0.046906  learning rate= 0.094509
step= 1069  sqrt(max_i v^_i)  = 0.063457  sqrt(sum_i v^_i)  = 2.545976  ratio= 0.024925  learning rate= 0.094550
step= 1069  sqrt(max_i m^_i^2)= 0.027742  sqrt(sum_i m^_i^2)= 0.625006  ratio= 0.044386  learning rate= 0.094550
step= 1070  sqrt(max_i v^_i)  = 0.063415  sqrt(sum_i v^_i)  = 2.545898  ratio= 0.024909  learning rate= 0.094613
step= 1070  sqrt(max_i m^_i^2)= 0.026382  sqrt(sum_i m^_i^2)= 0.629825  ratio= 0.041888  learning rate= 0.094613
step= 1071  sqrt(max_i v^_i)  = 0.063368  sqrt(sum_i v^_i)  = 2.545882  ratio= 0.024891  learning rate= 0.094683
step= 1071  sqrt(max_i m^_i^2)= 0.031141  sqrt(sum_i m^_i^2)= 0.635515  ratio= 0.049002  learning rate= 0.094683
step= 1072  sqrt(max_i v^_i)  = 0.063320  sqrt(sum_i v^_i)  = 2.545858  ratio= 0.024872  learning rate= 0.094755
step= 1072  sqrt(max_i m^_i^2)= 0.027255  sqrt(sum_i m^_i^2)= 0.636162  ratio= 0.042843  learning rate= 0.094755
step= 1073  sqrt(max_i v^_i)  = 0.063280  sqrt(sum_i v^_i)  = 2.545844  ratio= 0.024856  learning rate= 0.094815
step= 1073  sqrt(max_i m^_i^2)= 0.024826  sqrt(sum_i m^_i^2)= 0.630985  ratio= 0.039344  learning rate= 0.094815
step= 1074  sqrt(max_i v^_i)  = 0.063233  sqrt(sum_i v^_i)  = 2.545754  ratio= 0.024839  learning rate= 0.094886
step= 1074  sqrt(max_i m^_i^2)= 0.025516  sqrt(sum_i m^_i^2)= 0.629309  ratio= 0.040546  learning rate= 0.094886
step= 1075  sqrt(max_i v^_i)  = 0.063185  sqrt(sum_i v^_i)  = 2.545670  ratio= 0.024821  learning rate= 0.094957
step= 1075  sqrt(max_i m^_i^2)= 0.024230  sqrt(sum_i m^_i^2)= 0.627476  ratio= 0.038615  learning rate= 0.094957
step= 1076  sqrt(max_i v^_i)  = 0.063158  sqrt(sum_i v^_i)  = 2.545645  ratio= 0.024810  learning rate= 0.094999
step= 1076  sqrt(max_i m^_i^2)= 0.026528  sqrt(sum_i m^_i^2)= 0.631272  ratio= 0.042023  learning rate= 0.094999
step= 1077  sqrt(max_i v^_i)  = 0.063124  sqrt(sum_i v^_i)  = 2.545568  ratio= 0.024798  learning rate= 0.095050
step= 1077  sqrt(max_i m^_i^2)= 0.025499  sqrt(sum_i m^_i^2)= 0.634373  ratio= 0.040196  learning rate= 0.095050
step= 1078  sqrt(max_i v^_i)  = 0.063076  sqrt(sum_i v^_i)  = 2.545509  ratio= 0.024779  learning rate= 0.095122
step= 1078  sqrt(max_i m^_i^2)= 0.025542  sqrt(sum_i m^_i^2)= 0.628677  ratio= 0.040628  learning rate= 0.095122
step= 1079  sqrt(max_i v^_i)  = 0.063045  sqrt(sum_i v^_i)  = 2.545454  ratio= 0.024768  learning rate= 0.095169
step= 1079  sqrt(max_i m^_i^2)= 0.025531  sqrt(sum_i m^_i^2)= 0.625554  ratio= 0.040813  learning rate= 0.095169
step= 1080  sqrt(max_i v^_i)  = 0.062998  sqrt(sum_i v^_i)  = 2.545360  ratio= 0.024750  learning rate= 0.095240
step= 1080  sqrt(max_i m^_i^2)= 0.020445  sqrt(sum_i m^_i^2)= 0.623130  ratio= 0.032810  learning rate= 0.095240
step= 1081  sqrt(max_i v^_i)  = 0.063027  sqrt(sum_i v^_i)  = 2.545296  ratio= 0.024762  learning rate= 0.095196
step= 1081  sqrt(max_i m^_i^2)= 0.022833  sqrt(sum_i m^_i^2)= 0.622243  ratio= 0.036694  learning rate= 0.095196
step= 1082  sqrt(max_i v^_i)  = 0.062983  sqrt(sum_i v^_i)  = 2.545151  ratio= 0.024746  learning rate= 0.095263
step= 1082  sqrt(max_i m^_i^2)= 0.022245  sqrt(sum_i m^_i^2)= 0.619200  ratio= 0.035925  learning rate= 0.095263
step= 1083  sqrt(max_i v^_i)  = 0.062936  sqrt(sum_i v^_i)  = 2.545037  ratio= 0.024729  learning rate= 0.095333
step= 1083  sqrt(max_i m^_i^2)= 0.021087  sqrt(sum_i m^_i^2)= 0.617612  ratio= 0.034143  learning rate= 0.095333
step= 1084  sqrt(max_i v^_i)  = 0.062892  sqrt(sum_i v^_i)  = 2.545002  ratio= 0.024712  learning rate= 0.095400
step= 1084  sqrt(max_i m^_i^2)= 0.020720  sqrt(sum_i m^_i^2)= 0.617713  ratio= 0.033542  learning rate= 0.095400
step= 1085  sqrt(max_i v^_i)  = 0.062855  sqrt(sum_i v^_i)  = 2.544885  ratio= 0.024698  learning rate= 0.095457
step= 1085  sqrt(max_i m^_i^2)= 0.023463  sqrt(sum_i m^_i^2)= 0.619811  ratio= 0.037856  learning rate= 0.095457
step= 1086  sqrt(max_i v^_i)  = 0.062816  sqrt(sum_i v^_i)  = 2.544804  ratio= 0.024684  learning rate= 0.095516
step= 1086  sqrt(max_i m^_i^2)= 0.020777  sqrt(sum_i m^_i^2)= 0.618312  ratio= 0.033603  learning rate= 0.095516
step= 1087  sqrt(max_i v^_i)  = 0.062773  sqrt(sum_i v^_i)  = 2.544773  ratio= 0.024667  learning rate= 0.095581
step= 1087  sqrt(max_i m^_i^2)= 0.027284  sqrt(sum_i m^_i^2)= 0.620382  ratio= 0.043980  learning rate= 0.095581
step= 1088  sqrt(max_i v^_i)  = 0.062728  sqrt(sum_i v^_i)  = 2.544654  ratio= 0.024651  learning rate= 0.095650
step= 1088  sqrt(max_i m^_i^2)= 0.027866  sqrt(sum_i m^_i^2)= 0.620040  ratio= 0.044942  learning rate= 0.095650
step= 1089  sqrt(max_i v^_i)  = 0.062681  sqrt(sum_i v^_i)  = 2.544614  ratio= 0.024633  learning rate= 0.095721
step= 1089  sqrt(max_i m^_i^2)= 0.028272  sqrt(sum_i m^_i^2)= 0.618939  ratio= 0.045678  learning rate= 0.095721
step= 1090  sqrt(max_i v^_i)  = 0.062650  sqrt(sum_i v^_i)  = 2.544544  ratio= 0.024621  learning rate= 0.095768
step= 1090  sqrt(max_i m^_i^2)= 0.029014  sqrt(sum_i m^_i^2)= 0.619091  ratio= 0.046865  learning rate= 0.095768
step= 1091  sqrt(max_i v^_i)  = 0.062615  sqrt(sum_i v^_i)  = 2.544530  ratio= 0.024608  learning rate= 0.095823
step= 1091  sqrt(max_i m^_i^2)= 0.029125  sqrt(sum_i m^_i^2)= 0.622257  ratio= 0.046806  learning rate= 0.095823
step= 1092  sqrt(max_i v^_i)  = 0.062568  sqrt(sum_i v^_i)  = 2.544430  ratio= 0.024590  learning rate= 0.095895
step= 1092  sqrt(max_i m^_i^2)= 0.031659  sqrt(sum_i m^_i^2)= 0.620380  ratio= 0.051032  learning rate= 0.095895
step= 1093  sqrt(max_i v^_i)  = 0.062521  sqrt(sum_i v^_i)  = 2.544346  ratio= 0.024572  learning rate= 0.095967
step= 1093  sqrt(max_i m^_i^2)= 0.029080  sqrt(sum_i m^_i^2)= 0.619947  ratio= 0.046907  learning rate= 0.095967
step= 1094  sqrt(max_i v^_i)  = 0.062475  sqrt(sum_i v^_i)  = 2.544253  ratio= 0.024555  learning rate= 0.096037
step= 1094  sqrt(max_i m^_i^2)= 0.027729  sqrt(sum_i m^_i^2)= 0.618066  ratio= 0.044865  learning rate= 0.096037
step= 1095  sqrt(max_i v^_i)  = 0.062437  sqrt(sum_i v^_i)  = 2.544201  ratio= 0.024541  learning rate= 0.096095
step= 1095  sqrt(max_i m^_i^2)= 0.026192  sqrt(sum_i m^_i^2)= 0.618831  ratio= 0.042326  learning rate= 0.096095
step= 1096  sqrt(max_i v^_i)  = 0.062391  sqrt(sum_i v^_i)  = 2.544127  ratio= 0.024523  learning rate= 0.096167
step= 1096  sqrt(max_i m^_i^2)= 0.027425  sqrt(sum_i m^_i^2)= 0.623149  ratio= 0.044011  learning rate= 0.096167
step= 1097  sqrt(max_i v^_i)  = 0.062346  sqrt(sum_i v^_i)  = 2.544090  ratio= 0.024506  learning rate= 0.096235
step= 1097  sqrt(max_i m^_i^2)= 0.025215  sqrt(sum_i m^_i^2)= 0.620179  ratio= 0.040658  learning rate= 0.096235
step= 1098  sqrt(max_i v^_i)  = 0.062300  sqrt(sum_i v^_i)  = 2.544004  ratio= 0.024489  learning rate= 0.096307
step= 1098  sqrt(max_i m^_i^2)= 0.032950  sqrt(sum_i m^_i^2)= 0.622297  ratio= 0.052949  learning rate= 0.096307
step= 1099  sqrt(max_i v^_i)  = 0.062253  sqrt(sum_i v^_i)  = 2.543931  ratio= 0.024471  learning rate= 0.096379
step= 1099  sqrt(max_i m^_i^2)= 0.024460  sqrt(sum_i m^_i^2)= 0.621418  ratio= 0.039362  learning rate= 0.096379
step= 1100  sqrt(max_i v^_i)  = 0.062217  sqrt(sum_i v^_i)  = 2.543858  ratio= 0.024458  learning rate= 0.096435
step= 1100  sqrt(max_i m^_i^2)= 0.025950  sqrt(sum_i m^_i^2)= 0.621995  ratio= 0.041720  learning rate= 0.096435
step= 1101  sqrt(max_i v^_i)  = 0.062172  sqrt(sum_i v^_i)  = 2.543773  ratio= 0.024441  learning rate= 0.096505
step= 1101  sqrt(max_i m^_i^2)= 0.022304  sqrt(sum_i m^_i^2)= 0.624295  ratio= 0.035727  learning rate= 0.096505
step= 1102  sqrt(max_i v^_i)  = 0.062125  sqrt(sum_i v^_i)  = 2.543696  ratio= 0.024423  learning rate= 0.096577
step= 1102  sqrt(max_i m^_i^2)= 0.025627  sqrt(sum_i m^_i^2)= 0.625113  ratio= 0.040995  learning rate= 0.096577
step= 1103  sqrt(max_i v^_i)  = 0.062083  sqrt(sum_i v^_i)  = 2.543595  ratio= 0.024407  learning rate= 0.096644
step= 1103  sqrt(max_i m^_i^2)= 0.023909  sqrt(sum_i m^_i^2)= 0.621826  ratio= 0.038450  learning rate= 0.096644
step= 1104  sqrt(max_i v^_i)  = 0.062037  sqrt(sum_i v^_i)  = 2.543519  ratio= 0.024390  learning rate= 0.096715
step= 1104  sqrt(max_i m^_i^2)= 0.024082  sqrt(sum_i m^_i^2)= 0.621264  ratio= 0.038764  learning rate= 0.096715
step= 1105  sqrt(max_i v^_i)  = 0.061993  sqrt(sum_i v^_i)  = 2.543452  ratio= 0.024374  learning rate= 0.096784
step= 1105  sqrt(max_i m^_i^2)= 0.032976  sqrt(sum_i m^_i^2)= 0.617670  ratio= 0.053388  learning rate= 0.096784
step= 1106  sqrt(max_i v^_i)  = 0.061957  sqrt(sum_i v^_i)  = 2.543425  ratio= 0.024360  learning rate= 0.096840
step= 1106  sqrt(max_i m^_i^2)= 0.029829  sqrt(sum_i m^_i^2)= 0.618948  ratio= 0.048192  learning rate= 0.096840
step= 1107  sqrt(max_i v^_i)  = 0.061914  sqrt(sum_i v^_i)  = 2.543344  ratio= 0.024343  learning rate= 0.096907
step= 1107  sqrt(max_i m^_i^2)= 0.026436  sqrt(sum_i m^_i^2)= 0.618568  ratio= 0.042737  learning rate= 0.096907
step= 1108  sqrt(max_i v^_i)  = 0.061876  sqrt(sum_i v^_i)  = 2.543263  ratio= 0.024329  learning rate= 0.096967
step= 1108  sqrt(max_i m^_i^2)= 0.032181  sqrt(sum_i m^_i^2)= 0.623038  ratio= 0.051652  learning rate= 0.096967
step= 1109  sqrt(max_i v^_i)  = 0.061837  sqrt(sum_i v^_i)  = 2.543111  ratio= 0.024315  learning rate= 0.097028
step= 1109  sqrt(max_i m^_i^2)= 0.027643  sqrt(sum_i m^_i^2)= 0.620566  ratio= 0.044545  learning rate= 0.097028
step= 1110  sqrt(max_i v^_i)  = 0.061791  sqrt(sum_i v^_i)  = 2.542987  ratio= 0.024299  learning rate= 0.097100
step= 1110  sqrt(max_i m^_i^2)= 0.026471  sqrt(sum_i m^_i^2)= 0.621364  ratio= 0.042602  learning rate= 0.097100
step= 1111  sqrt(max_i v^_i)  = 0.061745  sqrt(sum_i v^_i)  = 2.542882  ratio= 0.024282  learning rate= 0.097172
step= 1111  sqrt(max_i m^_i^2)= 0.026387  sqrt(sum_i m^_i^2)= 0.617965  ratio= 0.042700  learning rate= 0.097172
step= 1112  sqrt(max_i v^_i)  = 0.061702  sqrt(sum_i v^_i)  = 2.542873  ratio= 0.024265  learning rate= 0.097239
step= 1112  sqrt(max_i m^_i^2)= 0.034079  sqrt(sum_i m^_i^2)= 0.623334  ratio= 0.054672  learning rate= 0.097239
step= 1113  sqrt(max_i v^_i)  = 0.061660  sqrt(sum_i v^_i)  = 2.542771  ratio= 0.024249  learning rate= 0.097306
step= 1113  sqrt(max_i m^_i^2)= 0.033234  sqrt(sum_i m^_i^2)= 0.622192  ratio= 0.053414  learning rate= 0.097306
step= 1114  sqrt(max_i v^_i)  = 0.061618  sqrt(sum_i v^_i)  = 2.542655  ratio= 0.024234  learning rate= 0.097372
step= 1114  sqrt(max_i m^_i^2)= 0.031502  sqrt(sum_i m^_i^2)= 0.620831  ratio= 0.050742  learning rate= 0.097372
step= 1115  sqrt(max_i v^_i)  = 0.061573  sqrt(sum_i v^_i)  = 2.542532  ratio= 0.024217  learning rate= 0.097443
step= 1115  sqrt(max_i m^_i^2)= 0.034798  sqrt(sum_i m^_i^2)= 0.619423  ratio= 0.056179  learning rate= 0.097443
step= 1116  sqrt(max_i v^_i)  = 0.061528  sqrt(sum_i v^_i)  = 2.542463  ratio= 0.024200  learning rate= 0.097515
step= 1116  sqrt(max_i m^_i^2)= 0.032910  sqrt(sum_i m^_i^2)= 0.616280  ratio= 0.053402  learning rate= 0.097515
step= 1117  sqrt(max_i v^_i)  = 0.061483  sqrt(sum_i v^_i)  = 2.542370  ratio= 0.024183  learning rate= 0.097587
step= 1117  sqrt(max_i m^_i^2)= 0.033951  sqrt(sum_i m^_i^2)= 0.615426  ratio= 0.055166  learning rate= 0.097587
step= 1118  sqrt(max_i v^_i)  = 0.061443  sqrt(sum_i v^_i)  = 2.542335  ratio= 0.024168  learning rate= 0.097650
step= 1118  sqrt(max_i m^_i^2)= 0.028128  sqrt(sum_i m^_i^2)= 0.618177  ratio= 0.045501  learning rate= 0.097650
step= 1119  sqrt(max_i v^_i)  = 0.061400  sqrt(sum_i v^_i)  = 2.542248  ratio= 0.024152  learning rate= 0.097719
step= 1119  sqrt(max_i m^_i^2)= 0.026915  sqrt(sum_i m^_i^2)= 0.616890  ratio= 0.043631  learning rate= 0.097719
step= 1120  sqrt(max_i v^_i)  = 0.061356  sqrt(sum_i v^_i)  = 2.542179  ratio= 0.024135  learning rate= 0.097789
step= 1120  sqrt(max_i m^_i^2)= 0.031730  sqrt(sum_i m^_i^2)= 0.618479  ratio= 0.051303  learning rate= 0.097789
step= 1121  sqrt(max_i v^_i)  = 0.061318  sqrt(sum_i v^_i)  = 2.542124  ratio= 0.024121  learning rate= 0.097849
step= 1121  sqrt(max_i m^_i^2)= 0.030461  sqrt(sum_i m^_i^2)= 0.618579  ratio= 0.049244  learning rate= 0.097849
step= 1122  sqrt(max_i v^_i)  = 0.061273  sqrt(sum_i v^_i)  = 2.542032  ratio= 0.024104  learning rate= 0.097921
step= 1122  sqrt(max_i m^_i^2)= 0.022765  sqrt(sum_i m^_i^2)= 0.616684  ratio= 0.036915  learning rate= 0.097921
step= 1123  sqrt(max_i v^_i)  = 0.061227  sqrt(sum_i v^_i)  = 2.541998  ratio= 0.024086  learning rate= 0.097994
step= 1123  sqrt(max_i m^_i^2)= 0.026147  sqrt(sum_i m^_i^2)= 0.620418  ratio= 0.042144  learning rate= 0.097994
step= 1124  sqrt(max_i v^_i)  = 0.061198  sqrt(sum_i v^_i)  = 2.541871  ratio= 0.024076  learning rate= 0.098040
step= 1124  sqrt(max_i m^_i^2)= 0.023120  sqrt(sum_i m^_i^2)= 0.619204  ratio= 0.037338  learning rate= 0.098040
step= 1125  sqrt(max_i v^_i)  = 0.061157  sqrt(sum_i v^_i)  = 2.541746  ratio= 0.024061  learning rate= 0.098107
step= 1125  sqrt(max_i m^_i^2)= 0.020394  sqrt(sum_i m^_i^2)= 0.616452  ratio= 0.033083  learning rate= 0.098107
step= 1126  sqrt(max_i v^_i)  = 0.061113  sqrt(sum_i v^_i)  = 2.541674  ratio= 0.024044  learning rate= 0.098178
step= 1126  sqrt(max_i m^_i^2)= 0.025112  sqrt(sum_i m^_i^2)= 0.615079  ratio= 0.040828  learning rate= 0.098178
step= 1127  sqrt(max_i v^_i)  = 0.061069  sqrt(sum_i v^_i)  = 2.541540  ratio= 0.024028  learning rate= 0.098249
step= 1127  sqrt(max_i m^_i^2)= 0.020235  sqrt(sum_i m^_i^2)= 0.615598  ratio= 0.032870  learning rate= 0.098249
step= 1128  sqrt(max_i v^_i)  = 0.061025  sqrt(sum_i v^_i)  = 2.541518  ratio= 0.024011  learning rate= 0.098318
step= 1128  sqrt(max_i m^_i^2)= 0.019899  sqrt(sum_i m^_i^2)= 0.612824  ratio= 0.032471  learning rate= 0.098318
step= 1129  sqrt(max_i v^_i)  = 0.060980  sqrt(sum_i v^_i)  = 2.541449  ratio= 0.023994  learning rate= 0.098391
step= 1129  sqrt(max_i m^_i^2)= 0.021610  sqrt(sum_i m^_i^2)= 0.608185  ratio= 0.035532  learning rate= 0.098391
step= 1130  sqrt(max_i v^_i)  = 0.060935  sqrt(sum_i v^_i)  = 2.541370  ratio= 0.023977  learning rate= 0.098464
step= 1130  sqrt(max_i m^_i^2)= 0.023073  sqrt(sum_i m^_i^2)= 0.610483  ratio= 0.037795  learning rate= 0.098464
step= 1131  sqrt(max_i v^_i)  = 0.060904  sqrt(sum_i v^_i)  = 2.541298  ratio= 0.023966  learning rate= 0.098514
step= 1131  sqrt(max_i m^_i^2)= 0.032810  sqrt(sum_i m^_i^2)= 0.616696  ratio= 0.053203  learning rate= 0.098514
step= 1132  sqrt(max_i v^_i)  = 0.060861  sqrt(sum_i v^_i)  = 2.541217  ratio= 0.023949  learning rate= 0.098584
step= 1132  sqrt(max_i m^_i^2)= 0.027160  sqrt(sum_i m^_i^2)= 0.619936  ratio= 0.043812  learning rate= 0.098584
step= 1133  sqrt(max_i v^_i)  = 0.060816  sqrt(sum_i v^_i)  = 2.541134  ratio= 0.023933  learning rate= 0.098656
step= 1133  sqrt(max_i m^_i^2)= 0.028398  sqrt(sum_i m^_i^2)= 0.621611  ratio= 0.045684  learning rate= 0.098656
step= 1134  sqrt(max_i v^_i)  = 0.060772  sqrt(sum_i v^_i)  = 2.541035  ratio= 0.023916  learning rate= 0.098728
step= 1134  sqrt(max_i m^_i^2)= 0.024781  sqrt(sum_i m^_i^2)= 0.617716  ratio= 0.040117  learning rate= 0.098728
step= 1135  sqrt(max_i v^_i)  = 0.060728  sqrt(sum_i v^_i)  = 2.540941  ratio= 0.023900  learning rate= 0.098799
step= 1135  sqrt(max_i m^_i^2)= 0.020055  sqrt(sum_i m^_i^2)= 0.615699  ratio= 0.032573  learning rate= 0.098799
step= 1136  sqrt(max_i v^_i)  = 0.060684  sqrt(sum_i v^_i)  = 2.540822  ratio= 0.023884  learning rate= 0.098872
step= 1136  sqrt(max_i m^_i^2)= 0.020717  sqrt(sum_i m^_i^2)= 0.613809  ratio= 0.033752  learning rate= 0.098872
step= 1137  sqrt(max_i v^_i)  = 0.060639  sqrt(sum_i v^_i)  = 2.540725  ratio= 0.023867  learning rate= 0.098944
step= 1137  sqrt(max_i m^_i^2)= 0.020269  sqrt(sum_i m^_i^2)= 0.614503  ratio= 0.032984  learning rate= 0.098944
step= 1138  sqrt(max_i v^_i)  = 0.060617  sqrt(sum_i v^_i)  = 2.540662  ratio= 0.023859  learning rate= 0.098981
step= 1138  sqrt(max_i m^_i^2)= 0.022248  sqrt(sum_i m^_i^2)= 0.610582  ratio= 0.036438  learning rate= 0.098981
step= 1139  sqrt(max_i v^_i)  = 0.060572  sqrt(sum_i v^_i)  = 2.540613  ratio= 0.023842  learning rate= 0.099054
step= 1139  sqrt(max_i m^_i^2)= 0.024055  sqrt(sum_i m^_i^2)= 0.617094  ratio= 0.038981  learning rate= 0.099054
step= 1140  sqrt(max_i v^_i)  = 0.060528  sqrt(sum_i v^_i)  = 2.540565  ratio= 0.023825  learning rate= 0.099126
step= 1140  sqrt(max_i m^_i^2)= 0.023064  sqrt(sum_i m^_i^2)= 0.616370  ratio= 0.037419  learning rate= 0.099126
step= 1141  sqrt(max_i v^_i)  = 0.060490  sqrt(sum_i v^_i)  = 2.540553  ratio= 0.023810  learning rate= 0.099189
step= 1141  sqrt(max_i m^_i^2)= 0.021905  sqrt(sum_i m^_i^2)= 0.614444  ratio= 0.035650  learning rate= 0.099189
step= 1142  sqrt(max_i v^_i)  = 0.060455  sqrt(sum_i v^_i)  = 2.540483  ratio= 0.023797  learning rate= 0.099245
step= 1142  sqrt(max_i m^_i^2)= 0.021688  sqrt(sum_i m^_i^2)= 0.617565  ratio= 0.035118  learning rate= 0.099245
step= 1143  sqrt(max_i v^_i)  = 0.060420  sqrt(sum_i v^_i)  = 2.540509  ratio= 0.023783  learning rate= 0.099304
step= 1143  sqrt(max_i m^_i^2)= 0.020983  sqrt(sum_i m^_i^2)= 0.616404  ratio= 0.034040  learning rate= 0.099304
step= 1144  sqrt(max_i v^_i)  = 0.060376  sqrt(sum_i v^_i)  = 2.540501  ratio= 0.023765  learning rate= 0.099376
step= 1144  sqrt(max_i m^_i^2)= 0.021463  sqrt(sum_i m^_i^2)= 0.618097  ratio= 0.034724  learning rate= 0.099376
step= 1145  sqrt(max_i v^_i)  = 0.060332  sqrt(sum_i v^_i)  = 2.540498  ratio= 0.023748  learning rate= 0.099449
step= 1145  sqrt(max_i m^_i^2)= 0.021915  sqrt(sum_i m^_i^2)= 0.622034  ratio= 0.035231  learning rate= 0.099449
step= 1146  sqrt(max_i v^_i)  = 0.060290  sqrt(sum_i v^_i)  = 2.540368  ratio= 0.023733  learning rate= 0.099517
step= 1146  sqrt(max_i m^_i^2)= 0.023005  sqrt(sum_i m^_i^2)= 0.619255  ratio= 0.037149  learning rate= 0.099517
step= 1147  sqrt(max_i v^_i)  = 0.060255  sqrt(sum_i v^_i)  = 2.540319  ratio= 0.023720  learning rate= 0.099575
step= 1147  sqrt(max_i m^_i^2)= 0.021676  sqrt(sum_i m^_i^2)= 0.618950  ratio= 0.035021  learning rate= 0.099575
step= 1148  sqrt(max_i v^_i)  = 0.060216  sqrt(sum_i v^_i)  = 2.540223  ratio= 0.023705  learning rate= 0.099639
step= 1148  sqrt(max_i m^_i^2)= 0.026235  sqrt(sum_i m^_i^2)= 0.617155  ratio= 0.042509  learning rate= 0.099639
step= 1149  sqrt(max_i v^_i)  = 0.060173  sqrt(sum_i v^_i)  = 2.540157  ratio= 0.023689  learning rate= 0.099711
step= 1149  sqrt(max_i m^_i^2)= 0.024937  sqrt(sum_i m^_i^2)= 0.617916  ratio= 0.040357  learning rate= 0.099711
step= 1150  sqrt(max_i v^_i)  = 0.060148  sqrt(sum_i v^_i)  = 2.540029  ratio= 0.023680  learning rate= 0.099752
step= 1150  sqrt(max_i m^_i^2)= 0.024268  sqrt(sum_i m^_i^2)= 0.616989  ratio= 0.039333  learning rate= 0.099752
step= 1151  sqrt(max_i v^_i)  = 0.060107  sqrt(sum_i v^_i)  = 2.539906  ratio= 0.023665  learning rate= 0.099821
step= 1151  sqrt(max_i m^_i^2)= 0.028093  sqrt(sum_i m^_i^2)= 0.618208  ratio= 0.045442  learning rate= 0.099821
step= 1152  sqrt(max_i v^_i)  = 0.060063  sqrt(sum_i v^_i)  = 2.539827  ratio= 0.023648  learning rate= 0.099894
step= 1152  sqrt(max_i m^_i^2)= 0.025638  sqrt(sum_i m^_i^2)= 0.618858  ratio= 0.041428  learning rate= 0.099894
step= 1153  sqrt(max_i v^_i)  = 0.060057  sqrt(sum_i v^_i)  = 2.539817  ratio= 0.023646  learning rate= 0.099904
step= 1153  sqrt(max_i m^_i^2)= 0.026040  sqrt(sum_i m^_i^2)= 0.624405  ratio= 0.041704  learning rate= 0.099904
step= 1154  sqrt(max_i v^_i)  = 0.060013  sqrt(sum_i v^_i)  = 2.539748  ratio= 0.023630  learning rate= 0.099977
step= 1154  sqrt(max_i m^_i^2)= 0.026496  sqrt(sum_i m^_i^2)= 0.623011  ratio= 0.042529  learning rate= 0.099977
step= 1155  sqrt(max_i v^_i)  = 0.059977  sqrt(sum_i v^_i)  = 2.539675  ratio= 0.023616  learning rate= 0.100037
step= 1155  sqrt(max_i m^_i^2)= 0.027938  sqrt(sum_i m^_i^2)= 0.616742  ratio= 0.045299  learning rate= 0.100037
step= 1156  sqrt(max_i v^_i)  = 0.059937  sqrt(sum_i v^_i)  = 2.539559  ratio= 0.023601  learning rate= 0.100104
step= 1156  sqrt(max_i m^_i^2)= 0.018229  sqrt(sum_i m^_i^2)= 0.611735  ratio= 0.029798  learning rate= 0.100104
step= 1157  sqrt(max_i v^_i)  = 0.059894  sqrt(sum_i v^_i)  = 2.539490  ratio= 0.023585  learning rate= 0.100176
step= 1157  sqrt(max_i m^_i^2)= 0.020253  sqrt(sum_i m^_i^2)= 0.610933  ratio= 0.033151  learning rate= 0.100176
step= 1158  sqrt(max_i v^_i)  = 0.059853  sqrt(sum_i v^_i)  = 2.539392  ratio= 0.023570  learning rate= 0.100243
step= 1158  sqrt(max_i m^_i^2)= 0.018491  sqrt(sum_i m^_i^2)= 0.611705  ratio= 0.030229  learning rate= 0.100243
step= 1159  sqrt(max_i v^_i)  = 0.059810  sqrt(sum_i v^_i)  = 2.539333  ratio= 0.023553  learning rate= 0.100316
step= 1159  sqrt(max_i m^_i^2)= 0.021383  sqrt(sum_i m^_i^2)= 0.612009  ratio= 0.034939  learning rate= 0.100316
step= 1160  sqrt(max_i v^_i)  = 0.059771  sqrt(sum_i v^_i)  = 2.539300  ratio= 0.023538  learning rate= 0.100382
step= 1160  sqrt(max_i m^_i^2)= 0.025566  sqrt(sum_i m^_i^2)= 0.606265  ratio= 0.042170  learning rate= 0.100382
step= 1161  sqrt(max_i v^_i)  = 0.059729  sqrt(sum_i v^_i)  = 2.539225  ratio= 0.023523  learning rate= 0.100452
step= 1161  sqrt(max_i m^_i^2)= 0.023341  sqrt(sum_i m^_i^2)= 0.607049  ratio= 0.038451  learning rate= 0.100452
step= 1162  sqrt(max_i v^_i)  = 0.059688  sqrt(sum_i v^_i)  = 2.539160  ratio= 0.023507  learning rate= 0.100521
step= 1162  sqrt(max_i m^_i^2)= 0.021908  sqrt(sum_i m^_i^2)= 0.609018  ratio= 0.035973  learning rate= 0.100521
step= 1163  sqrt(max_i v^_i)  = 0.059653  sqrt(sum_i v^_i)  = 2.539015  ratio= 0.023495  learning rate= 0.100580
step= 1163  sqrt(max_i m^_i^2)= 0.024030  sqrt(sum_i m^_i^2)= 0.609105  ratio= 0.039451  learning rate= 0.100580
step= 1164  sqrt(max_i v^_i)  = 0.059610  sqrt(sum_i v^_i)  = 2.538907  ratio= 0.023479  learning rate= 0.100652
step= 1164  sqrt(max_i m^_i^2)= 0.020416  sqrt(sum_i m^_i^2)= 0.612868  ratio= 0.033312  learning rate= 0.100652
step= 1165  sqrt(max_i v^_i)  = 0.059567  sqrt(sum_i v^_i)  = 2.538809  ratio= 0.023463  learning rate= 0.100725
step= 1165  sqrt(max_i m^_i^2)= 0.023265  sqrt(sum_i m^_i^2)= 0.612664  ratio= 0.037974  learning rate= 0.100725
step= 1166  sqrt(max_i v^_i)  = 0.059527  sqrt(sum_i v^_i)  = 2.538758  ratio= 0.023447  learning rate= 0.100793
step= 1166  sqrt(max_i m^_i^2)= 0.027527  sqrt(sum_i m^_i^2)= 0.614184  ratio= 0.044818  learning rate= 0.100793
step= 1167  sqrt(max_i v^_i)  = 0.059484  sqrt(sum_i v^_i)  = 2.538681  ratio= 0.023431  learning rate= 0.100866
step= 1167  sqrt(max_i m^_i^2)= 0.023323  sqrt(sum_i m^_i^2)= 0.614900  ratio= 0.037930  learning rate= 0.100866
step= 1168  sqrt(max_i v^_i)  = 0.059441  sqrt(sum_i v^_i)  = 2.538604  ratio= 0.023415  learning rate= 0.100939
step= 1168  sqrt(max_i m^_i^2)= 0.025494  sqrt(sum_i m^_i^2)= 0.615474  ratio= 0.041421  learning rate= 0.100939
step= 1169  sqrt(max_i v^_i)  = 0.059398  sqrt(sum_i v^_i)  = 2.538522  ratio= 0.023399  learning rate= 0.101012
step= 1169  sqrt(max_i m^_i^2)= 0.025506  sqrt(sum_i m^_i^2)= 0.614728  ratio= 0.041491  learning rate= 0.101012
step= 1170  sqrt(max_i v^_i)  = 0.059366  sqrt(sum_i v^_i)  = 2.538389  ratio= 0.023387  learning rate= 0.101066
step= 1170  sqrt(max_i m^_i^2)= 0.030370  sqrt(sum_i m^_i^2)= 0.618720  ratio= 0.049086  learning rate= 0.101066
step= 1171  sqrt(max_i v^_i)  = 0.059342  sqrt(sum_i v^_i)  = 2.538302  ratio= 0.023379  learning rate= 0.101107
step= 1171  sqrt(max_i m^_i^2)= 0.027960  sqrt(sum_i m^_i^2)= 0.619248  ratio= 0.045151  learning rate= 0.101107
step= 1172  sqrt(max_i v^_i)  = 0.059299  sqrt(sum_i v^_i)  = 2.538285  ratio= 0.023362  learning rate= 0.101180
step= 1172  sqrt(max_i m^_i^2)= 0.027939  sqrt(sum_i m^_i^2)= 0.616892  ratio= 0.045290  learning rate= 0.101180
step= 1173  sqrt(max_i v^_i)  = 0.059257  sqrt(sum_i v^_i)  = 2.538260  ratio= 0.023345  learning rate= 0.101253
step= 1173  sqrt(max_i m^_i^2)= 0.036659  sqrt(sum_i m^_i^2)= 0.619400  ratio= 0.059184  learning rate= 0.101253
step= 1174  sqrt(max_i v^_i)  = 0.059214  sqrt(sum_i v^_i)  = 2.538196  ratio= 0.023329  learning rate= 0.101326
step= 1174  sqrt(max_i m^_i^2)= 0.033827  sqrt(sum_i m^_i^2)= 0.615915  ratio= 0.054921  learning rate= 0.101326
step= 1175  sqrt(max_i v^_i)  = 0.059171  sqrt(sum_i v^_i)  = 2.538107  ratio= 0.023313  learning rate= 0.101399
step= 1175  sqrt(max_i m^_i^2)= 0.029336  sqrt(sum_i m^_i^2)= 0.615490  ratio= 0.047662  learning rate= 0.101399
step= 1176  sqrt(max_i v^_i)  = 0.059129  sqrt(sum_i v^_i)  = 2.538013  ratio= 0.023297  learning rate= 0.101472
step= 1176  sqrt(max_i m^_i^2)= 0.029177  sqrt(sum_i m^_i^2)= 0.615991  ratio= 0.047366  learning rate= 0.101472
step= 1177  sqrt(max_i v^_i)  = 0.059086  sqrt(sum_i v^_i)  = 2.538017  ratio= 0.023280  learning rate= 0.101545
step= 1177  sqrt(max_i m^_i^2)= 0.029035  sqrt(sum_i m^_i^2)= 0.620102  ratio= 0.046822  learning rate= 0.101545
step= 1178  sqrt(max_i v^_i)  = 0.059043  sqrt(sum_i v^_i)  = 2.537956  ratio= 0.023264  learning rate= 0.101619
step= 1178  sqrt(max_i m^_i^2)= 0.027935  sqrt(sum_i m^_i^2)= 0.621557  ratio= 0.044944  learning rate= 0.101619
step= 1179  sqrt(max_i v^_i)  = 0.059008  sqrt(sum_i v^_i)  = 2.537918  ratio= 0.023250  learning rate= 0.101680
step= 1179  sqrt(max_i m^_i^2)= 0.031780  sqrt(sum_i m^_i^2)= 0.622958  ratio= 0.051014  learning rate= 0.101680
step= 1180  sqrt(max_i v^_i)  = 0.058976  sqrt(sum_i v^_i)  = 2.537883  ratio= 0.023238  learning rate= 0.101734
step= 1180  sqrt(max_i m^_i^2)= 0.033044  sqrt(sum_i m^_i^2)= 0.626111  ratio= 0.052776  learning rate= 0.101734
step= 1181  sqrt(max_i v^_i)  = 0.058934  sqrt(sum_i v^_i)  = 2.537850  ratio= 0.023222  learning rate= 0.101807
step= 1181  sqrt(max_i m^_i^2)= 0.027513  sqrt(sum_i m^_i^2)= 0.624067  ratio= 0.044086  learning rate= 0.101807
step= 1182  sqrt(max_i v^_i)  = 0.058893  sqrt(sum_i v^_i)  = 2.537753  ratio= 0.023207  learning rate= 0.101879
step= 1182  sqrt(max_i m^_i^2)= 0.028798  sqrt(sum_i m^_i^2)= 0.616660  ratio= 0.046700  learning rate= 0.101879
step= 1183  sqrt(max_i v^_i)  = 0.058862  sqrt(sum_i v^_i)  = 2.537737  ratio= 0.023195  learning rate= 0.101932
step= 1183  sqrt(max_i m^_i^2)= 0.032045  sqrt(sum_i m^_i^2)= 0.615468  ratio= 0.052067  learning rate= 0.101932
step= 1184  sqrt(max_i v^_i)  = 0.058822  sqrt(sum_i v^_i)  = 2.537703  ratio= 0.023179  learning rate= 0.102000
step= 1184  sqrt(max_i m^_i^2)= 0.033557  sqrt(sum_i m^_i^2)= 0.618305  ratio= 0.054272  learning rate= 0.102000
step= 1185  sqrt(max_i v^_i)  = 0.058794  sqrt(sum_i v^_i)  = 2.537662  ratio= 0.023169  learning rate= 0.102050
step= 1185  sqrt(max_i m^_i^2)= 0.031034  sqrt(sum_i m^_i^2)= 0.619161  ratio= 0.050122  learning rate= 0.102050
step= 1186  sqrt(max_i v^_i)  = 0.058759  sqrt(sum_i v^_i)  = 2.537571  ratio= 0.023156  learning rate= 0.102110
step= 1186  sqrt(max_i m^_i^2)= 0.031675  sqrt(sum_i m^_i^2)= 0.620295  ratio= 0.051065  learning rate= 0.102110
step= 1187  sqrt(max_i v^_i)  = 0.058721  sqrt(sum_i v^_i)  = 2.537569  ratio= 0.023141  learning rate= 0.102177
step= 1187  sqrt(max_i m^_i^2)= 0.029340  sqrt(sum_i m^_i^2)= 0.618842  ratio= 0.047411  learning rate= 0.102177
step= 1188  sqrt(max_i v^_i)  = 0.058678  sqrt(sum_i v^_i)  = 2.537536  ratio= 0.023124  learning rate= 0.102250
step= 1188  sqrt(max_i m^_i^2)= 0.027238  sqrt(sum_i m^_i^2)= 0.619914  ratio= 0.043938  learning rate= 0.102250
step= 1189  sqrt(max_i v^_i)  = 0.058640  sqrt(sum_i v^_i)  = 2.537535  ratio= 0.023109  learning rate= 0.102318
step= 1189  sqrt(max_i m^_i^2)= 0.030200  sqrt(sum_i m^_i^2)= 0.617058  ratio= 0.048943  learning rate= 0.102318
step= 1190  sqrt(max_i v^_i)  = 0.058598  sqrt(sum_i v^_i)  = 2.537556  ratio= 0.023092  learning rate= 0.102391
step= 1190  sqrt(max_i m^_i^2)= 0.025100  sqrt(sum_i m^_i^2)= 0.617465  ratio= 0.040649  learning rate= 0.102391
step= 1191  sqrt(max_i v^_i)  = 0.058558  sqrt(sum_i v^_i)  = 2.537435  ratio= 0.023078  learning rate= 0.102461
step= 1191  sqrt(max_i m^_i^2)= 0.025257  sqrt(sum_i m^_i^2)= 0.617524  ratio= 0.040900  learning rate= 0.102461
step= 1192  sqrt(max_i v^_i)  = 0.058520  sqrt(sum_i v^_i)  = 2.537359  ratio= 0.023063  learning rate= 0.102527
step= 1192  sqrt(max_i m^_i^2)= 0.022126  sqrt(sum_i m^_i^2)= 0.614034  ratio= 0.036034  learning rate= 0.102527
step= 1193  sqrt(max_i v^_i)  = 0.058480  sqrt(sum_i v^_i)  = 2.537301  ratio= 0.023048  learning rate= 0.102597
step= 1193  sqrt(max_i m^_i^2)= 0.021736  sqrt(sum_i m^_i^2)= 0.611185  ratio= 0.035564  learning rate= 0.102597
step= 1194  sqrt(max_i v^_i)  = 0.058438  sqrt(sum_i v^_i)  = 2.537213  ratio= 0.023032  learning rate= 0.102671
step= 1194  sqrt(max_i m^_i^2)= 0.018475  sqrt(sum_i m^_i^2)= 0.611529  ratio= 0.030212  learning rate= 0.102671
step= 1195  sqrt(max_i v^_i)  = 0.058443  sqrt(sum_i v^_i)  = 2.537186  ratio= 0.023034  learning rate= 0.102663
step= 1195  sqrt(max_i m^_i^2)= 0.022114  sqrt(sum_i m^_i^2)= 0.611975  ratio= 0.036135  learning rate= 0.102663
step= 1196  sqrt(max_i v^_i)  = 0.058401  sqrt(sum_i v^_i)  = 2.537193  ratio= 0.023018  learning rate= 0.102736
step= 1196  sqrt(max_i m^_i^2)= 0.028629  sqrt(sum_i m^_i^2)= 0.618769  ratio= 0.046268  learning rate= 0.102736
step= 1197  sqrt(max_i v^_i)  = 0.058361  sqrt(sum_i v^_i)  = 2.537036  ratio= 0.023004  learning rate= 0.102807
step= 1197  sqrt(max_i m^_i^2)= 0.024152  sqrt(sum_i m^_i^2)= 0.613710  ratio= 0.039354  learning rate= 0.102807
step= 1198  sqrt(max_i v^_i)  = 0.058325  sqrt(sum_i v^_i)  = 2.536961  ratio= 0.022990  learning rate= 0.102870
step= 1198  sqrt(max_i m^_i^2)= 0.022090  sqrt(sum_i m^_i^2)= 0.614575  ratio= 0.035944  learning rate= 0.102870
step= 1199  sqrt(max_i v^_i)  = 0.058285  sqrt(sum_i v^_i)  = 2.536846  ratio= 0.022975  learning rate= 0.102940
step= 1199  sqrt(max_i m^_i^2)= 0.026463  sqrt(sum_i m^_i^2)= 0.615357  ratio= 0.043004  learning rate= 0.102940
step= 1200  sqrt(max_i v^_i)  = 0.058254  sqrt(sum_i v^_i)  = 2.536710  ratio= 0.022964  learning rate= 0.102996
step= 1200  sqrt(max_i m^_i^2)= 0.026676  sqrt(sum_i m^_i^2)= 0.610803  ratio= 0.043674  learning rate= 0.102996
step= 1201  sqrt(max_i v^_i)  = 0.058214  sqrt(sum_i v^_i)  = 2.536766  ratio= 0.022948  learning rate= 0.103066
step= 1201  sqrt(max_i m^_i^2)= 0.023975  sqrt(sum_i m^_i^2)= 0.617400  ratio= 0.038833  learning rate= 0.103066
step= 1202  sqrt(max_i v^_i)  = 0.058173  sqrt(sum_i v^_i)  = 2.536683  ratio= 0.022933  learning rate= 0.103139
step= 1202  sqrt(max_i m^_i^2)= 0.026459  sqrt(sum_i m^_i^2)= 0.619419  ratio= 0.042715  learning rate= 0.103139
step= 1203  sqrt(max_i v^_i)  = 0.058162  sqrt(sum_i v^_i)  = 2.536657  ratio= 0.022929  learning rate= 0.103158
step= 1203  sqrt(max_i m^_i^2)= 0.026672  sqrt(sum_i m^_i^2)= 0.619331  ratio= 0.043066  learning rate= 0.103158
step= 1204  sqrt(max_i v^_i)  = 0.058121  sqrt(sum_i v^_i)  = 2.536597  ratio= 0.022913  learning rate= 0.103231
step= 1204  sqrt(max_i m^_i^2)= 0.025894  sqrt(sum_i m^_i^2)= 0.619440  ratio= 0.041802  learning rate= 0.103231
step= 1205  sqrt(max_i v^_i)  = 0.058080  sqrt(sum_i v^_i)  = 2.536554  ratio= 0.022897  learning rate= 0.103304
step= 1205  sqrt(max_i m^_i^2)= 0.019884  sqrt(sum_i m^_i^2)= 0.620685  ratio= 0.032035  learning rate= 0.103304
step= 1206  sqrt(max_i v^_i)  = 0.058041  sqrt(sum_i v^_i)  = 2.536503  ratio= 0.022882  learning rate= 0.103374
step= 1206  sqrt(max_i m^_i^2)= 0.029626  sqrt(sum_i m^_i^2)= 0.621047  ratio= 0.047703  learning rate= 0.103374
step= 1207  sqrt(max_i v^_i)  = 0.058000  sqrt(sum_i v^_i)  = 2.536416  ratio= 0.022867  learning rate= 0.103446
step= 1207  sqrt(max_i m^_i^2)= 0.033036  sqrt(sum_i m^_i^2)= 0.621371  ratio= 0.053166  learning rate= 0.103446
step= 1208  sqrt(max_i v^_i)  = 0.057971  sqrt(sum_i v^_i)  = 2.536351  ratio= 0.022856  learning rate= 0.103498
step= 1208  sqrt(max_i m^_i^2)= 0.025425  sqrt(sum_i m^_i^2)= 0.622197  ratio= 0.040864  learning rate= 0.103498
step= 1209  sqrt(max_i v^_i)  = 0.057933  sqrt(sum_i v^_i)  = 2.536259  ratio= 0.022842  learning rate= 0.103565
step= 1209  sqrt(max_i m^_i^2)= 0.023430  sqrt(sum_i m^_i^2)= 0.617143  ratio= 0.037965  learning rate= 0.103565
step= 1210  sqrt(max_i v^_i)  = 0.057892  sqrt(sum_i v^_i)  = 2.536218  ratio= 0.022826  learning rate= 0.103639
step= 1210  sqrt(max_i m^_i^2)= 0.021663  sqrt(sum_i m^_i^2)= 0.616124  ratio= 0.035160  learning rate= 0.103639
step= 1211  sqrt(max_i v^_i)  = 0.057851  sqrt(sum_i v^_i)  = 2.536144  ratio= 0.022811  learning rate= 0.103713
step= 1211  sqrt(max_i m^_i^2)= 0.019906  sqrt(sum_i m^_i^2)= 0.611518  ratio= 0.032552  learning rate= 0.103713
step= 1212  sqrt(max_i v^_i)  = 0.057811  sqrt(sum_i v^_i)  = 2.536117  ratio= 0.022795  learning rate= 0.103785
step= 1212  sqrt(max_i m^_i^2)= 0.023276  sqrt(sum_i m^_i^2)= 0.612576  ratio= 0.037997  learning rate= 0.103785
step= 1213  sqrt(max_i v^_i)  = 0.057775  sqrt(sum_i v^_i)  = 2.536114  ratio= 0.022781  learning rate= 0.103849
step= 1213  sqrt(max_i m^_i^2)= 0.023129  sqrt(sum_i m^_i^2)= 0.615350  ratio= 0.037587  learning rate= 0.103849
step= 1214  sqrt(max_i v^_i)  = 0.057734  sqrt(sum_i v^_i)  = 2.536148  ratio= 0.022765  learning rate= 0.103923
step= 1214  sqrt(max_i m^_i^2)= 0.023637  sqrt(sum_i m^_i^2)= 0.613554  ratio= 0.038524  learning rate= 0.103923
step= 1215  sqrt(max_i v^_i)  = 0.057700  sqrt(sum_i v^_i)  = 2.536027  ratio= 0.022752  learning rate= 0.103985
step= 1215  sqrt(max_i m^_i^2)= 0.021614  sqrt(sum_i m^_i^2)= 0.614279  ratio= 0.035186  learning rate= 0.103985
step= 1216  sqrt(max_i v^_i)  = 0.057660  sqrt(sum_i v^_i)  = 2.535990  ratio= 0.022737  learning rate= 0.104057
step= 1216  sqrt(max_i m^_i^2)= 0.020107  sqrt(sum_i m^_i^2)= 0.615325  ratio= 0.032677  learning rate= 0.104057
step= 1217  sqrt(max_i v^_i)  = 0.057626  sqrt(sum_i v^_i)  = 2.536016  ratio= 0.022723  learning rate= 0.104119
step= 1217  sqrt(max_i m^_i^2)= 0.019884  sqrt(sum_i m^_i^2)= 0.620376  ratio= 0.032051  learning rate= 0.104119
step= 1218  sqrt(max_i v^_i)  = 0.057591  sqrt(sum_i v^_i)  = 2.535964  ratio= 0.022710  learning rate= 0.104180
step= 1218  sqrt(max_i m^_i^2)= 0.021209  sqrt(sum_i m^_i^2)= 0.620487  ratio= 0.034181  learning rate= 0.104180
step= 1219  sqrt(max_i v^_i)  = 0.057556  sqrt(sum_i v^_i)  = 2.535877  ratio= 0.022697  learning rate= 0.104244
step= 1219  sqrt(max_i m^_i^2)= 0.020038  sqrt(sum_i m^_i^2)= 0.618488  ratio= 0.032399  learning rate= 0.104244
step= 1220  sqrt(max_i v^_i)  = 0.057515  sqrt(sum_i v^_i)  = 2.535758  ratio= 0.022682  learning rate= 0.104318
step= 1220  sqrt(max_i m^_i^2)= 0.026927  sqrt(sum_i m^_i^2)= 0.622229  ratio= 0.043274  learning rate= 0.104318
step= 1221  sqrt(max_i v^_i)  = 0.057478  sqrt(sum_i v^_i)  = 2.535704  ratio= 0.022668  learning rate= 0.104385
step= 1221  sqrt(max_i m^_i^2)= 0.024129  sqrt(sum_i m^_i^2)= 0.616510  ratio= 0.039139  learning rate= 0.104385
step= 1222  sqrt(max_i v^_i)  = 0.057440  sqrt(sum_i v^_i)  = 2.535605  ratio= 0.022653  learning rate= 0.104456
step= 1222  sqrt(max_i m^_i^2)= 0.024684  sqrt(sum_i m^_i^2)= 0.610848  ratio= 0.040409  learning rate= 0.104456
step= 1223  sqrt(max_i v^_i)  = 0.057400  sqrt(sum_i v^_i)  = 2.535572  ratio= 0.022638  learning rate= 0.104528
step= 1223  sqrt(max_i m^_i^2)= 0.025567  sqrt(sum_i m^_i^2)= 0.608343  ratio= 0.042028  learning rate= 0.104528
step= 1224  sqrt(max_i v^_i)  = 0.057359  sqrt(sum_i v^_i)  = 2.535430  ratio= 0.022623  learning rate= 0.104602
step= 1224  sqrt(max_i m^_i^2)= 0.020633  sqrt(sum_i m^_i^2)= 0.607303  ratio= 0.033975  learning rate= 0.104602
step= 1225  sqrt(max_i v^_i)  = 0.057323  sqrt(sum_i v^_i)  = 2.535435  ratio= 0.022609  learning rate= 0.104668
step= 1225  sqrt(max_i m^_i^2)= 0.023261  sqrt(sum_i m^_i^2)= 0.608064  ratio= 0.038254  learning rate= 0.104668
step= 1226  sqrt(max_i v^_i)  = 0.057283  sqrt(sum_i v^_i)  = 2.535456  ratio= 0.022593  learning rate= 0.104742
step= 1226  sqrt(max_i m^_i^2)= 0.030482  sqrt(sum_i m^_i^2)= 0.614033  ratio= 0.049642  learning rate= 0.104742
step= 1227  sqrt(max_i v^_i)  = 0.057242  sqrt(sum_i v^_i)  = 2.535353  ratio= 0.022578  learning rate= 0.104816
step= 1227  sqrt(max_i m^_i^2)= 0.027272  sqrt(sum_i m^_i^2)= 0.611308  ratio= 0.044613  learning rate= 0.104816
step= 1228  sqrt(max_i v^_i)  = 0.057216  sqrt(sum_i v^_i)  = 2.535309  ratio= 0.022568  learning rate= 0.104865
step= 1228  sqrt(max_i m^_i^2)= 0.026347  sqrt(sum_i m^_i^2)= 0.608663  ratio= 0.043286  learning rate= 0.104865
step= 1229  sqrt(max_i v^_i)  = 0.057182  sqrt(sum_i v^_i)  = 2.535261  ratio= 0.022555  learning rate= 0.104927
step= 1229  sqrt(max_i m^_i^2)= 0.029589  sqrt(sum_i m^_i^2)= 0.611885  ratio= 0.048357  learning rate= 0.104927
step= 1230  sqrt(max_i v^_i)  = 0.057176  sqrt(sum_i v^_i)  = 2.535201  ratio= 0.022553  learning rate= 0.104938
step= 1230  sqrt(max_i m^_i^2)= 0.027262  sqrt(sum_i m^_i^2)= 0.611196  ratio= 0.044604  learning rate= 0.104938
step= 1231  sqrt(max_i v^_i)  = 0.057145  sqrt(sum_i v^_i)  = 2.535120  ratio= 0.022542  learning rate= 0.104993
step= 1231  sqrt(max_i m^_i^2)= 0.032016  sqrt(sum_i m^_i^2)= 0.612777  ratio= 0.052248  learning rate= 0.104993
step= 1232  sqrt(max_i v^_i)  = 0.057107  sqrt(sum_i v^_i)  = 2.535028  ratio= 0.022527  learning rate= 0.105063
step= 1232  sqrt(max_i m^_i^2)= 0.032943  sqrt(sum_i m^_i^2)= 0.610216  ratio= 0.053985  learning rate= 0.105063
step= 1233  sqrt(max_i v^_i)  = 0.057068  sqrt(sum_i v^_i)  = 2.534995  ratio= 0.022512  learning rate= 0.105135
step= 1233  sqrt(max_i m^_i^2)= 0.032495  sqrt(sum_i m^_i^2)= 0.612122  ratio= 0.053086  learning rate= 0.105135
step= 1234  sqrt(max_i v^_i)  = 0.057029  sqrt(sum_i v^_i)  = 2.534951  ratio= 0.022497  learning rate= 0.105208
step= 1234  sqrt(max_i m^_i^2)= 0.026680  sqrt(sum_i m^_i^2)= 0.610096  ratio= 0.043732  learning rate= 0.105208
step= 1235  sqrt(max_i v^_i)  = 0.056991  sqrt(sum_i v^_i)  = 2.534857  ratio= 0.022483  learning rate= 0.105278
step= 1235  sqrt(max_i m^_i^2)= 0.026018  sqrt(sum_i m^_i^2)= 0.607880  ratio= 0.042801  learning rate= 0.105278
step= 1236  sqrt(max_i v^_i)  = 0.056951  sqrt(sum_i v^_i)  = 2.534809  ratio= 0.022468  learning rate= 0.105351
step= 1236  sqrt(max_i m^_i^2)= 0.028359  sqrt(sum_i m^_i^2)= 0.609008  ratio= 0.046566  learning rate= 0.105351
step= 1237  sqrt(max_i v^_i)  = 0.056911  sqrt(sum_i v^_i)  = 2.534753  ratio= 0.022452  learning rate= 0.105425
step= 1237  sqrt(max_i m^_i^2)= 0.027553  sqrt(sum_i m^_i^2)= 0.610375  ratio= 0.045141  learning rate= 0.105425
step= 1238  sqrt(max_i v^_i)  = 0.056874  sqrt(sum_i v^_i)  = 2.534631  ratio= 0.022439  learning rate= 0.105495
step= 1238  sqrt(max_i m^_i^2)= 0.023065  sqrt(sum_i m^_i^2)= 0.607985  ratio= 0.037937  learning rate= 0.105495
step= 1239  sqrt(max_i v^_i)  = 0.056836  sqrt(sum_i v^_i)  = 2.534644  ratio= 0.022423  learning rate= 0.105566
step= 1239  sqrt(max_i m^_i^2)= 0.024924  sqrt(sum_i m^_i^2)= 0.612313  ratio= 0.040704  learning rate= 0.105566
step= 1240  sqrt(max_i v^_i)  = 0.056804  sqrt(sum_i v^_i)  = 2.534505  ratio= 0.022412  learning rate= 0.105625
step= 1240  sqrt(max_i m^_i^2)= 0.026726  sqrt(sum_i m^_i^2)= 0.607572  ratio= 0.043988  learning rate= 0.105625
step= 1241  sqrt(max_i v^_i)  = 0.056764  sqrt(sum_i v^_i)  = 2.534414  ratio= 0.022397  learning rate= 0.105700
step= 1241  sqrt(max_i m^_i^2)= 0.026575  sqrt(sum_i m^_i^2)= 0.609052  ratio= 0.043633  learning rate= 0.105700
step= 1242  sqrt(max_i v^_i)  = 0.056725  sqrt(sum_i v^_i)  = 2.534337  ratio= 0.022382  learning rate= 0.105772
step= 1242  sqrt(max_i m^_i^2)= 0.026725  sqrt(sum_i m^_i^2)= 0.606767  ratio= 0.044045  learning rate= 0.105772
step= 1243  sqrt(max_i v^_i)  = 0.056685  sqrt(sum_i v^_i)  = 2.534332  ratio= 0.022367  learning rate= 0.105846
step= 1243  sqrt(max_i m^_i^2)= 0.034204  sqrt(sum_i m^_i^2)= 0.609054  ratio= 0.056159  learning rate= 0.105846
step= 1244  sqrt(max_i v^_i)  = 0.056646  sqrt(sum_i v^_i)  = 2.534230  ratio= 0.022352  learning rate= 0.105918
step= 1244  sqrt(max_i m^_i^2)= 0.032130  sqrt(sum_i m^_i^2)= 0.606320  ratio= 0.052991  learning rate= 0.105918
step= 1245  sqrt(max_i v^_i)  = 0.056620  sqrt(sum_i v^_i)  = 2.534163  ratio= 0.022343  learning rate= 0.105969
step= 1245  sqrt(max_i m^_i^2)= 0.030509  sqrt(sum_i m^_i^2)= 0.603659  ratio= 0.050540  learning rate= 0.105969
step= 1246  sqrt(max_i v^_i)  = 0.056587  sqrt(sum_i v^_i)  = 2.534067  ratio= 0.022331  learning rate= 0.106029
step= 1246  sqrt(max_i m^_i^2)= 0.034149  sqrt(sum_i m^_i^2)= 0.604933  ratio= 0.056451  learning rate= 0.106029
step= 1247  sqrt(max_i v^_i)  = 0.056553  sqrt(sum_i v^_i)  = 2.534037  ratio= 0.022317  learning rate= 0.106093
step= 1247  sqrt(max_i m^_i^2)= 0.022507  sqrt(sum_i m^_i^2)= 0.605768  ratio= 0.037154  learning rate= 0.106093
step= 1248  sqrt(max_i v^_i)  = 0.056521  sqrt(sum_i v^_i)  = 2.534000  ratio= 0.022305  learning rate= 0.106153
step= 1248  sqrt(max_i m^_i^2)= 0.024957  sqrt(sum_i m^_i^2)= 0.606374  ratio= 0.041158  learning rate= 0.106153
step= 1249  sqrt(max_i v^_i)  = 0.056484  sqrt(sum_i v^_i)  = 2.533987  ratio= 0.022291  learning rate= 0.106223
step= 1249  sqrt(max_i m^_i^2)= 0.022886  sqrt(sum_i m^_i^2)= 0.606645  ratio= 0.037725  learning rate= 0.106223
step= 1250  sqrt(max_i v^_i)  = 0.056448  sqrt(sum_i v^_i)  = 2.534013  ratio= 0.022276  learning rate= 0.106291
step= 1250  sqrt(max_i m^_i^2)= 0.028167  sqrt(sum_i m^_i^2)= 0.608134  ratio= 0.046317  learning rate= 0.106291
step= 1251  sqrt(max_i v^_i)  = 0.056411  sqrt(sum_i v^_i)  = 2.533893  ratio= 0.022262  learning rate= 0.106361
step= 1251  sqrt(max_i m^_i^2)= 0.023039  sqrt(sum_i m^_i^2)= 0.603707  ratio= 0.038162  learning rate= 0.106361
step= 1252  sqrt(max_i v^_i)  = 0.056390  sqrt(sum_i v^_i)  = 2.533854  ratio= 0.022255  learning rate= 0.106400
step= 1252  sqrt(max_i m^_i^2)= 0.026454  sqrt(sum_i m^_i^2)= 0.606761  ratio= 0.043599  learning rate= 0.106400
step= 1253  sqrt(max_i v^_i)  = 0.056351  sqrt(sum_i v^_i)  = 2.533793  ratio= 0.022240  learning rate= 0.106474
step= 1253  sqrt(max_i m^_i^2)= 0.026616  sqrt(sum_i m^_i^2)= 0.605149  ratio= 0.043982  learning rate= 0.106474
step= 1254  sqrt(max_i v^_i)  = 0.056317  sqrt(sum_i v^_i)  = 2.533724  ratio= 0.022227  learning rate= 0.106537
step= 1254  sqrt(max_i m^_i^2)= 0.026761  sqrt(sum_i m^_i^2)= 0.602618  ratio= 0.044408  learning rate= 0.106537
step= 1255  sqrt(max_i v^_i)  = 0.056279  sqrt(sum_i v^_i)  = 2.533647  ratio= 0.022213  learning rate= 0.106609
step= 1255  sqrt(max_i m^_i^2)= 0.028833  sqrt(sum_i m^_i^2)= 0.600722  ratio= 0.047997  learning rate= 0.106609
step= 1256  sqrt(max_i v^_i)  = 0.056240  sqrt(sum_i v^_i)  = 2.533647  ratio= 0.022197  learning rate= 0.106683
step= 1256  sqrt(max_i m^_i^2)= 0.020051  sqrt(sum_i m^_i^2)= 0.597152  ratio= 0.033578  learning rate= 0.106683
step= 1257  sqrt(max_i v^_i)  = 0.056202  sqrt(sum_i v^_i)  = 2.533588  ratio= 0.022183  learning rate= 0.106755
step= 1257  sqrt(max_i m^_i^2)= 0.020467  sqrt(sum_i m^_i^2)= 0.599563  ratio= 0.034137  learning rate= 0.106755
step= 1258  sqrt(max_i v^_i)  = 0.056167  sqrt(sum_i v^_i)  = 2.533595  ratio= 0.022169  learning rate= 0.106823
step= 1258  sqrt(max_i m^_i^2)= 0.019639  sqrt(sum_i m^_i^2)= 0.608667  ratio= 0.032265  learning rate= 0.106823
step= 1259  sqrt(max_i v^_i)  = 0.056132  sqrt(sum_i v^_i)  = 2.533595  ratio= 0.022155  learning rate= 0.106888
step= 1259  sqrt(max_i m^_i^2)= 0.022556  sqrt(sum_i m^_i^2)= 0.613975  ratio= 0.036738  learning rate= 0.106888
step= 1260  sqrt(max_i v^_i)  = 0.056094  sqrt(sum_i v^_i)  = 2.533567  ratio= 0.022140  learning rate= 0.106961
step= 1260  sqrt(max_i m^_i^2)= 0.027074  sqrt(sum_i m^_i^2)= 0.615608  ratio= 0.043980  learning rate= 0.106961
step= 1261  sqrt(max_i v^_i)  = 0.056056  sqrt(sum_i v^_i)  = 2.533551  ratio= 0.022126  learning rate= 0.107033
step= 1261  sqrt(max_i m^_i^2)= 0.019490  sqrt(sum_i m^_i^2)= 0.614331  ratio= 0.031725  learning rate= 0.107033
step= 1262  sqrt(max_i v^_i)  = 0.056017  sqrt(sum_i v^_i)  = 2.533521  ratio= 0.022110  learning rate= 0.107108
step= 1262  sqrt(max_i m^_i^2)= 0.021390  sqrt(sum_i m^_i^2)= 0.617676  ratio= 0.034630  learning rate= 0.107108
step= 1263  sqrt(max_i v^_i)  = 0.055980  sqrt(sum_i v^_i)  = 2.533467  ratio= 0.022096  learning rate= 0.107180
step= 1263  sqrt(max_i m^_i^2)= 0.024074  sqrt(sum_i m^_i^2)= 0.620168  ratio= 0.038819  learning rate= 0.107180
step= 1264  sqrt(max_i v^_i)  = 0.055942  sqrt(sum_i v^_i)  = 2.533475  ratio= 0.022081  learning rate= 0.107252
step= 1264  sqrt(max_i m^_i^2)= 0.023791  sqrt(sum_i m^_i^2)= 0.611157  ratio= 0.038928  learning rate= 0.107252
step= 1265  sqrt(max_i v^_i)  = 0.055905  sqrt(sum_i v^_i)  = 2.533388  ratio= 0.022067  learning rate= 0.107323
step= 1265  sqrt(max_i m^_i^2)= 0.029524  sqrt(sum_i m^_i^2)= 0.608794  ratio= 0.048496  learning rate= 0.107323
step= 1266  sqrt(max_i v^_i)  = 0.055872  sqrt(sum_i v^_i)  = 2.533348  ratio= 0.022055  learning rate= 0.107386
step= 1266  sqrt(max_i m^_i^2)= 0.030298  sqrt(sum_i m^_i^2)= 0.611364  ratio= 0.049558  learning rate= 0.107386
step= 1267  sqrt(max_i v^_i)  = 0.055836  sqrt(sum_i v^_i)  = 2.533318  ratio= 0.022040  learning rate= 0.107457
step= 1267  sqrt(max_i m^_i^2)= 0.029158  sqrt(sum_i m^_i^2)= 0.612352  ratio= 0.047616  learning rate= 0.107457
step= 1268  sqrt(max_i v^_i)  = 0.055798  sqrt(sum_i v^_i)  = 2.533240  ratio= 0.022026  learning rate= 0.107528
step= 1268  sqrt(max_i m^_i^2)= 0.026255  sqrt(sum_i m^_i^2)= 0.612962  ratio= 0.042833  learning rate= 0.107528
step= 1269  sqrt(max_i v^_i)  = 0.055760  sqrt(sum_i v^_i)  = 2.533212  ratio= 0.022012  learning rate= 0.107602
step= 1269  sqrt(max_i m^_i^2)= 0.030673  sqrt(sum_i m^_i^2)= 0.614614  ratio= 0.049906  learning rate= 0.107602
step= 1270  sqrt(max_i v^_i)  = 0.055722  sqrt(sum_i v^_i)  = 2.533132  ratio= 0.021997  learning rate= 0.107676
step= 1270  sqrt(max_i m^_i^2)= 0.030394  sqrt(sum_i m^_i^2)= 0.614465  ratio= 0.049464  learning rate= 0.107676
step= 1271  sqrt(max_i v^_i)  = 0.055684  sqrt(sum_i v^_i)  = 2.533112  ratio= 0.021982  learning rate= 0.107749
step= 1271  sqrt(max_i m^_i^2)= 0.036674  sqrt(sum_i m^_i^2)= 0.614725  ratio= 0.059659  learning rate= 0.107749
step= 1272  sqrt(max_i v^_i)  = 0.055648  sqrt(sum_i v^_i)  = 2.533064  ratio= 0.021969  learning rate= 0.107819
step= 1272  sqrt(max_i m^_i^2)= 0.034676  sqrt(sum_i m^_i^2)= 0.615889  ratio= 0.056302  learning rate= 0.107819
step= 1273  sqrt(max_i v^_i)  = 0.055616  sqrt(sum_i v^_i)  = 2.533019  ratio= 0.021957  learning rate= 0.107880
step= 1273  sqrt(max_i m^_i^2)= 0.028913  sqrt(sum_i m^_i^2)= 0.613232  ratio= 0.047148  learning rate= 0.107880
step= 1274  sqrt(max_i v^_i)  = 0.055579  sqrt(sum_i v^_i)  = 2.533001  ratio= 0.021942  learning rate= 0.107952
step= 1274  sqrt(max_i m^_i^2)= 0.028399  sqrt(sum_i m^_i^2)= 0.612737  ratio= 0.046348  learning rate= 0.107952
step= 1275  sqrt(max_i v^_i)  = 0.055541  sqrt(sum_i v^_i)  = 2.532967  ratio= 0.021927  learning rate= 0.108027
step= 1275  sqrt(max_i m^_i^2)= 0.031878  sqrt(sum_i m^_i^2)= 0.609709  ratio= 0.052284  learning rate= 0.108027
step= 1276  sqrt(max_i v^_i)  = 0.055503  sqrt(sum_i v^_i)  = 2.532846  ratio= 0.021913  learning rate= 0.108101
step= 1276  sqrt(max_i m^_i^2)= 0.029419  sqrt(sum_i m^_i^2)= 0.608766  ratio= 0.048326  learning rate= 0.108101
step= 1277  sqrt(max_i v^_i)  = 0.055467  sqrt(sum_i v^_i)  = 2.532878  ratio= 0.021899  learning rate= 0.108171
step= 1277  sqrt(max_i m^_i^2)= 0.028119  sqrt(sum_i m^_i^2)= 0.612766  ratio= 0.045888  learning rate= 0.108171
step= 1278  sqrt(max_i v^_i)  = 0.055429  sqrt(sum_i v^_i)  = 2.532787  ratio= 0.021885  learning rate= 0.108245
step= 1278  sqrt(max_i m^_i^2)= 0.029472  sqrt(sum_i m^_i^2)= 0.609423  ratio= 0.048361  learning rate= 0.108245
step= 1279  sqrt(max_i v^_i)  = 0.055391  sqrt(sum_i v^_i)  = 2.532732  ratio= 0.021870  learning rate= 0.108319
step= 1279  sqrt(max_i m^_i^2)= 0.030209  sqrt(sum_i m^_i^2)= 0.607957  ratio= 0.049689  learning rate= 0.108319
step= 1280  sqrt(max_i v^_i)  = 0.055355  sqrt(sum_i v^_i)  = 2.532659  ratio= 0.021856  learning rate= 0.108389
step= 1280  sqrt(max_i m^_i^2)= 0.025046  sqrt(sum_i m^_i^2)= 0.605472  ratio= 0.041366  learning rate= 0.108389
step= 1281  sqrt(max_i v^_i)  = 0.055334  sqrt(sum_i v^_i)  = 2.532600  ratio= 0.021849  learning rate= 0.108431
step= 1281  sqrt(max_i m^_i^2)= 0.021685  sqrt(sum_i m^_i^2)= 0.603942  ratio= 0.035906  learning rate= 0.108431
step= 1282  sqrt(max_i v^_i)  = 0.055299  sqrt(sum_i v^_i)  = 2.532513  ratio= 0.021836  learning rate= 0.108498
step= 1282  sqrt(max_i m^_i^2)= 0.032454  sqrt(sum_i m^_i^2)= 0.604475  ratio= 0.053690  learning rate= 0.108498
step= 1283  sqrt(max_i v^_i)  = 0.055261  sqrt(sum_i v^_i)  = 2.532376  ratio= 0.021822  learning rate= 0.108573
step= 1283  sqrt(max_i m^_i^2)= 0.028554  sqrt(sum_i m^_i^2)= 0.601598  ratio= 0.047464  learning rate= 0.108573
step= 1284  sqrt(max_i v^_i)  = 0.055228  sqrt(sum_i v^_i)  = 2.532330  ratio= 0.021809  learning rate= 0.108639
step= 1284  sqrt(max_i m^_i^2)= 0.030869  sqrt(sum_i m^_i^2)= 0.604407  ratio= 0.051073  learning rate= 0.108639
step= 1285  sqrt(max_i v^_i)  = 0.055190  sqrt(sum_i v^_i)  = 2.532496  ratio= 0.021793  learning rate= 0.108714
step= 1285  sqrt(max_i m^_i^2)= 0.021598  sqrt(sum_i m^_i^2)= 0.611790  ratio= 0.035303  learning rate= 0.108714
step= 1286  sqrt(max_i v^_i)  = 0.055161  sqrt(sum_i v^_i)  = 2.532442  ratio= 0.021782  learning rate= 0.108770
step= 1286  sqrt(max_i m^_i^2)= 0.024268  sqrt(sum_i m^_i^2)= 0.611721  ratio= 0.039672  learning rate= 0.108770
step= 1287  sqrt(max_i v^_i)  = 0.055124  sqrt(sum_i v^_i)  = 2.532346  ratio= 0.021768  learning rate= 0.108844
step= 1287  sqrt(max_i m^_i^2)= 0.020846  sqrt(sum_i m^_i^2)= 0.607995  ratio= 0.034286  learning rate= 0.108844
step= 1288  sqrt(max_i v^_i)  = 0.055087  sqrt(sum_i v^_i)  = 2.532360  ratio= 0.021753  learning rate= 0.108917
step= 1288  sqrt(max_i m^_i^2)= 0.023288  sqrt(sum_i m^_i^2)= 0.608743  ratio= 0.038255  learning rate= 0.108917
step= 1289  sqrt(max_i v^_i)  = 0.055049  sqrt(sum_i v^_i)  = 2.532307  ratio= 0.021739  learning rate= 0.108992
step= 1289  sqrt(max_i m^_i^2)= 0.025576  sqrt(sum_i m^_i^2)= 0.607779  ratio= 0.042080  learning rate= 0.108992
step= 1290  sqrt(max_i v^_i)  = 0.055020  sqrt(sum_i v^_i)  = 2.532241  ratio= 0.021728  learning rate= 0.109048
step= 1290  sqrt(max_i m^_i^2)= 0.027049  sqrt(sum_i m^_i^2)= 0.609364  ratio= 0.044389  learning rate= 0.109048
step= 1291  sqrt(max_i v^_i)  = 0.054983  sqrt(sum_i v^_i)  = 2.532189  ratio= 0.021714  learning rate= 0.109123
step= 1291  sqrt(max_i m^_i^2)= 0.025657  sqrt(sum_i m^_i^2)= 0.612093  ratio= 0.041916  learning rate= 0.109123
step= 1292  sqrt(max_i v^_i)  = 0.054949  sqrt(sum_i v^_i)  = 2.532036  ratio= 0.021701  learning rate= 0.109191
step= 1292  sqrt(max_i m^_i^2)= 0.022733  sqrt(sum_i m^_i^2)= 0.603488  ratio= 0.037669  learning rate= 0.109191
step= 1293  sqrt(max_i v^_i)  = 0.054911  sqrt(sum_i v^_i)  = 2.531956  ratio= 0.021687  learning rate= 0.109266
step= 1293  sqrt(max_i m^_i^2)= 0.025074  sqrt(sum_i m^_i^2)= 0.606158  ratio= 0.041365  learning rate= 0.109266
step= 1294  sqrt(max_i v^_i)  = 0.054873  sqrt(sum_i v^_i)  = 2.531899  ratio= 0.021673  learning rate= 0.109341
step= 1294  sqrt(max_i m^_i^2)= 0.031216  sqrt(sum_i m^_i^2)= 0.602824  ratio= 0.051783  learning rate= 0.109341
step= 1295  sqrt(max_i v^_i)  = 0.054835  sqrt(sum_i v^_i)  = 2.531875  ratio= 0.021658  learning rate= 0.109416
step= 1295  sqrt(max_i m^_i^2)= 0.030919  sqrt(sum_i m^_i^2)= 0.606135  ratio= 0.051010  learning rate= 0.109416
step= 1296  sqrt(max_i v^_i)  = 0.054798  sqrt(sum_i v^_i)  = 2.531748  ratio= 0.021644  learning rate= 0.109492
step= 1296  sqrt(max_i m^_i^2)= 0.026767  sqrt(sum_i m^_i^2)= 0.601984  ratio= 0.044465  learning rate= 0.109492
step= 1297  sqrt(max_i v^_i)  = 0.054761  sqrt(sum_i v^_i)  = 2.531686  ratio= 0.021630  learning rate= 0.109564
step= 1297  sqrt(max_i m^_i^2)= 0.024973  sqrt(sum_i m^_i^2)= 0.606774  ratio= 0.041157  learning rate= 0.109564
step= 1298  sqrt(max_i v^_i)  = 0.054725  sqrt(sum_i v^_i)  = 2.531615  ratio= 0.021616  learning rate= 0.109638
step= 1298  sqrt(max_i m^_i^2)= 0.021416  sqrt(sum_i m^_i^2)= 0.606274  ratio= 0.035324  learning rate= 0.109638
step= 1299  sqrt(max_i v^_i)  = 0.054688  sqrt(sum_i v^_i)  = 2.531566  ratio= 0.021603  learning rate= 0.109710
step= 1299  sqrt(max_i m^_i^2)= 0.025546  sqrt(sum_i m^_i^2)= 0.606345  ratio= 0.042131  learning rate= 0.109710
step= 1300  sqrt(max_i v^_i)  = 0.054667  sqrt(sum_i v^_i)  = 2.531467  ratio= 0.021595  learning rate= 0.109753
step= 1300  sqrt(max_i m^_i^2)= 0.021534  sqrt(sum_i m^_i^2)= 0.602485  ratio= 0.035741  learning rate= 0.109753
step= 1301  sqrt(max_i v^_i)  = 0.054630  sqrt(sum_i v^_i)  = 2.531421  ratio= 0.021581  learning rate= 0.109829
step= 1301  sqrt(max_i m^_i^2)= 0.025453  sqrt(sum_i m^_i^2)= 0.605530  ratio= 0.042034  learning rate= 0.109829
step= 1302  sqrt(max_i v^_i)  = 0.054592  sqrt(sum_i v^_i)  = 2.531357  ratio= 0.021566  learning rate= 0.109903
step= 1302  sqrt(max_i m^_i^2)= 0.027928  sqrt(sum_i m^_i^2)= 0.603456  ratio= 0.046280  learning rate= 0.109903
step= 1303  sqrt(max_i v^_i)  = 0.054561  sqrt(sum_i v^_i)  = 2.531326  ratio= 0.021554  learning rate= 0.109967
step= 1303  sqrt(max_i m^_i^2)= 0.022836  sqrt(sum_i m^_i^2)= 0.604886  ratio= 0.037752  learning rate= 0.109967
step= 1304  sqrt(max_i v^_i)  = 0.054524  sqrt(sum_i v^_i)  = 2.531249  ratio= 0.021541  learning rate= 0.110040
step= 1304  sqrt(max_i m^_i^2)= 0.022455  sqrt(sum_i m^_i^2)= 0.608846  ratio= 0.036881  learning rate= 0.110040
step= 1305  sqrt(max_i v^_i)  = 0.054488  sqrt(sum_i v^_i)  = 2.531235  ratio= 0.021526  learning rate= 0.110114
step= 1305  sqrt(max_i m^_i^2)= 0.021241  sqrt(sum_i m^_i^2)= 0.610174  ratio= 0.034812  learning rate= 0.110114
step= 1306  sqrt(max_i v^_i)  = 0.054451  sqrt(sum_i v^_i)  = 2.531222  ratio= 0.021512  learning rate= 0.110189
step= 1306  sqrt(max_i m^_i^2)= 0.020703  sqrt(sum_i m^_i^2)= 0.607386  ratio= 0.034086  learning rate= 0.110189
step= 1307  sqrt(max_i v^_i)  = 0.054424  sqrt(sum_i v^_i)  = 2.531202  ratio= 0.021501  learning rate= 0.110244
step= 1307  sqrt(max_i m^_i^2)= 0.026658  sqrt(sum_i m^_i^2)= 0.607394  ratio= 0.043889  learning rate= 0.110244
step= 1308  sqrt(max_i v^_i)  = 0.054390  sqrt(sum_i v^_i)  = 2.531178  ratio= 0.021488  learning rate= 0.110312
step= 1308  sqrt(max_i m^_i^2)= 0.022646  sqrt(sum_i m^_i^2)= 0.606548  ratio= 0.037336  learning rate= 0.110312
step= 1309  sqrt(max_i v^_i)  = 0.054353  sqrt(sum_i v^_i)  = 2.531184  ratio= 0.021473  learning rate= 0.110388
step= 1309  sqrt(max_i m^_i^2)= 0.021948  sqrt(sum_i m^_i^2)= 0.607007  ratio= 0.036157  learning rate= 0.110388
step= 1310  sqrt(max_i v^_i)  = 0.054316  sqrt(sum_i v^_i)  = 2.531103  ratio= 0.021459  learning rate= 0.110463
step= 1310  sqrt(max_i m^_i^2)= 0.021948  sqrt(sum_i m^_i^2)= 0.608221  ratio= 0.036085  learning rate= 0.110463
step= 1311  sqrt(max_i v^_i)  = 0.054280  sqrt(sum_i v^_i)  = 2.531048  ratio= 0.021446  learning rate= 0.110536
step= 1311  sqrt(max_i m^_i^2)= 0.023666  sqrt(sum_i m^_i^2)= 0.609118  ratio= 0.038852  learning rate= 0.110536
step= 1312  sqrt(max_i v^_i)  = 0.054244  sqrt(sum_i v^_i)  = 2.530945  ratio= 0.021432  learning rate= 0.110609
step= 1312  sqrt(max_i m^_i^2)= 0.027459  sqrt(sum_i m^_i^2)= 0.611638  ratio= 0.044895  learning rate= 0.110609
step= 1313  sqrt(max_i v^_i)  = 0.054208  sqrt(sum_i v^_i)  = 2.530902  ratio= 0.021418  learning rate= 0.110683
step= 1313  sqrt(max_i m^_i^2)= 0.027479  sqrt(sum_i m^_i^2)= 0.609454  ratio= 0.045088  learning rate= 0.110683
step= 1314  sqrt(max_i v^_i)  = 0.054177  sqrt(sum_i v^_i)  = 2.530848  ratio= 0.021407  learning rate= 0.110747
step= 1314  sqrt(max_i m^_i^2)= 0.029730  sqrt(sum_i m^_i^2)= 0.610026  ratio= 0.048736  learning rate= 0.110747
step= 1315  sqrt(max_i v^_i)  = 0.054140  sqrt(sum_i v^_i)  = 2.530730  ratio= 0.021393  learning rate= 0.110821
step= 1315  sqrt(max_i m^_i^2)= 0.024500  sqrt(sum_i m^_i^2)= 0.606790  ratio= 0.040377  learning rate= 0.110821
step= 1316  sqrt(max_i v^_i)  = 0.054118  sqrt(sum_i v^_i)  = 2.530586  ratio= 0.021386  learning rate= 0.110867
step= 1316  sqrt(max_i m^_i^2)= 0.024181  sqrt(sum_i m^_i^2)= 0.604886  ratio= 0.039976  learning rate= 0.110867
step= 1317  sqrt(max_i v^_i)  = 0.054082  sqrt(sum_i v^_i)  = 2.530445  ratio= 0.021373  learning rate= 0.110940
step= 1317  sqrt(max_i m^_i^2)= 0.019866  sqrt(sum_i m^_i^2)= 0.599988  ratio= 0.033110  learning rate= 0.110940
step= 1318  sqrt(max_i v^_i)  = 0.054046  sqrt(sum_i v^_i)  = 2.530409  ratio= 0.021359  learning rate= 0.111014
step= 1318  sqrt(max_i m^_i^2)= 0.019411  sqrt(sum_i m^_i^2)= 0.603584  ratio= 0.032160  learning rate= 0.111014
step= 1319  sqrt(max_i v^_i)  = 0.054012  sqrt(sum_i v^_i)  = 2.530359  ratio= 0.021345  learning rate= 0.111085
step= 1319  sqrt(max_i m^_i^2)= 0.019799  sqrt(sum_i m^_i^2)= 0.602270  ratio= 0.032873  learning rate= 0.111085
step= 1320  sqrt(max_i v^_i)  = 0.053977  sqrt(sum_i v^_i)  = 2.530355  ratio= 0.021332  learning rate= 0.111157
step= 1320  sqrt(max_i m^_i^2)= 0.022318  sqrt(sum_i m^_i^2)= 0.605165  ratio= 0.036880  learning rate= 0.111157
step= 1321  sqrt(max_i v^_i)  = 0.053944  sqrt(sum_i v^_i)  = 2.530274  ratio= 0.021319  learning rate= 0.111225
step= 1321  sqrt(max_i m^_i^2)= 0.023364  sqrt(sum_i m^_i^2)= 0.605077  ratio= 0.038613  learning rate= 0.111225
step= 1322  sqrt(max_i v^_i)  = 0.053909  sqrt(sum_i v^_i)  = 2.530243  ratio= 0.021306  learning rate= 0.111297
step= 1322  sqrt(max_i m^_i^2)= 0.026050  sqrt(sum_i m^_i^2)= 0.608440  ratio= 0.042814  learning rate= 0.111297
step= 1323  sqrt(max_i v^_i)  = 0.053873  sqrt(sum_i v^_i)  = 2.530138  ratio= 0.021293  learning rate= 0.111371
step= 1323  sqrt(max_i m^_i^2)= 0.030473  sqrt(sum_i m^_i^2)= 0.608966  ratio= 0.050041  learning rate= 0.111371
step= 1324  sqrt(max_i v^_i)  = 0.053859  sqrt(sum_i v^_i)  = 2.530083  ratio= 0.021287  learning rate= 0.111401
step= 1324  sqrt(max_i m^_i^2)= 0.027614  sqrt(sum_i m^_i^2)= 0.607518  ratio= 0.045454  learning rate= 0.111401
step= 1325  sqrt(max_i v^_i)  = 0.053823  sqrt(sum_i v^_i)  = 2.530051  ratio= 0.021273  learning rate= 0.111475
step= 1325  sqrt(max_i m^_i^2)= 0.031837  sqrt(sum_i m^_i^2)= 0.609373  ratio= 0.052245  learning rate= 0.111475
step= 1326  sqrt(max_i v^_i)  = 0.053787  sqrt(sum_i v^_i)  = 2.530000  ratio= 0.021260  learning rate= 0.111548
step= 1326  sqrt(max_i m^_i^2)= 0.028841  sqrt(sum_i m^_i^2)= 0.609114  ratio= 0.047348  learning rate= 0.111548
step= 1327  sqrt(max_i v^_i)  = 0.053760  sqrt(sum_i v^_i)  = 2.529899  ratio= 0.021250  learning rate= 0.111605
step= 1327  sqrt(max_i m^_i^2)= 0.022261  sqrt(sum_i m^_i^2)= 0.609158  ratio= 0.036543  learning rate= 0.111605
step= 1328  sqrt(max_i v^_i)  = 0.053723  sqrt(sum_i v^_i)  = 2.529865  ratio= 0.021236  learning rate= 0.111681
step= 1328  sqrt(max_i m^_i^2)= 0.022281  sqrt(sum_i m^_i^2)= 0.605507  ratio= 0.036798  learning rate= 0.111681
step= 1329  sqrt(max_i v^_i)  = 0.053692  sqrt(sum_i v^_i)  = 2.529791  ratio= 0.021224  learning rate= 0.111747
step= 1329  sqrt(max_i m^_i^2)= 0.021236  sqrt(sum_i m^_i^2)= 0.607298  ratio= 0.034968  learning rate= 0.111747
step= 1330  sqrt(max_i v^_i)  = 0.053656  sqrt(sum_i v^_i)  = 2.529749  ratio= 0.021210  learning rate= 0.111822
step= 1330  sqrt(max_i m^_i^2)= 0.024815  sqrt(sum_i m^_i^2)= 0.606541  ratio= 0.040912  learning rate= 0.111822
step= 1331  sqrt(max_i v^_i)  = 0.053620  sqrt(sum_i v^_i)  = 2.529722  ratio= 0.021196  learning rate= 0.111897
step= 1331  sqrt(max_i m^_i^2)= 0.025739  sqrt(sum_i m^_i^2)= 0.610375  ratio= 0.042169  learning rate= 0.111897
step= 1332  sqrt(max_i v^_i)  = 0.053589  sqrt(sum_i v^_i)  = 2.529710  ratio= 0.021184  learning rate= 0.111961
step= 1332  sqrt(max_i m^_i^2)= 0.035996  sqrt(sum_i m^_i^2)= 0.612399  ratio= 0.058778  learning rate= 0.111961
step= 1333  sqrt(max_i v^_i)  = 0.053553  sqrt(sum_i v^_i)  = 2.529597  ratio= 0.021171  learning rate= 0.112036
step= 1333  sqrt(max_i m^_i^2)= 0.033576  sqrt(sum_i m^_i^2)= 0.610754  ratio= 0.054975  learning rate= 0.112036
step= 1334  sqrt(max_i v^_i)  = 0.053518  sqrt(sum_i v^_i)  = 2.529525  ratio= 0.021157  learning rate= 0.112110
step= 1334  sqrt(max_i m^_i^2)= 0.032369  sqrt(sum_i m^_i^2)= 0.607655  ratio= 0.053269  learning rate= 0.112110
step= 1335  sqrt(max_i v^_i)  = 0.053483  sqrt(sum_i v^_i)  = 2.529472  ratio= 0.021144  learning rate= 0.112182
step= 1335  sqrt(max_i m^_i^2)= 0.028250  sqrt(sum_i m^_i^2)= 0.609829  ratio= 0.046324  learning rate= 0.112182
step= 1336  sqrt(max_i v^_i)  = 0.053452  sqrt(sum_i v^_i)  = 2.529442  ratio= 0.021132  learning rate= 0.112249
step= 1336  sqrt(max_i m^_i^2)= 0.030065  sqrt(sum_i m^_i^2)= 0.608190  ratio= 0.049434  learning rate= 0.112249
step= 1337  sqrt(max_i v^_i)  = 0.053415  sqrt(sum_i v^_i)  = 2.529393  ratio= 0.021118  learning rate= 0.112325
step= 1337  sqrt(max_i m^_i^2)= 0.027849  sqrt(sum_i m^_i^2)= 0.605749  ratio= 0.045974  learning rate= 0.112325
step= 1338  sqrt(max_i v^_i)  = 0.053380  sqrt(sum_i v^_i)  = 2.529392  ratio= 0.021104  learning rate= 0.112400
step= 1338  sqrt(max_i m^_i^2)= 0.027622  sqrt(sum_i m^_i^2)= 0.603501  ratio= 0.045770  learning rate= 0.112400
step= 1339  sqrt(max_i v^_i)  = 0.053344  sqrt(sum_i v^_i)  = 2.529345  ratio= 0.021090  learning rate= 0.112474
step= 1339  sqrt(max_i m^_i^2)= 0.030331  sqrt(sum_i m^_i^2)= 0.600374  ratio= 0.050520  learning rate= 0.112474
step= 1340  sqrt(max_i v^_i)  = 0.053308  sqrt(sum_i v^_i)  = 2.529282  ratio= 0.021076  learning rate= 0.112551
step= 1340  sqrt(max_i m^_i^2)= 0.029856  sqrt(sum_i m^_i^2)= 0.599778  ratio= 0.049778  learning rate= 0.112551
step= 1341  sqrt(max_i v^_i)  = 0.053273  sqrt(sum_i v^_i)  = 2.529250  ratio= 0.021063  learning rate= 0.112626
step= 1341  sqrt(max_i m^_i^2)= 0.029428  sqrt(sum_i m^_i^2)= 0.601373  ratio= 0.048935  learning rate= 0.112626
step= 1342  sqrt(max_i v^_i)  = 0.053248  sqrt(sum_i v^_i)  = 2.529239  ratio= 0.021053  learning rate= 0.112679
step= 1342  sqrt(max_i m^_i^2)= 0.028633  sqrt(sum_i m^_i^2)= 0.598833  ratio= 0.047814  learning rate= 0.112679
step= 1343  sqrt(max_i v^_i)  = 0.053214  sqrt(sum_i v^_i)  = 2.529111  ratio= 0.021041  learning rate= 0.112750
step= 1343  sqrt(max_i m^_i^2)= 0.027154  sqrt(sum_i m^_i^2)= 0.596220  ratio= 0.045544  learning rate= 0.112750
step= 1344  sqrt(max_i v^_i)  = 0.053181  sqrt(sum_i v^_i)  = 2.529032  ratio= 0.021028  learning rate= 0.112821
step= 1344  sqrt(max_i m^_i^2)= 0.024024  sqrt(sum_i m^_i^2)= 0.597806  ratio= 0.040187  learning rate= 0.112821
step= 1345  sqrt(max_i v^_i)  = 0.053145  sqrt(sum_i v^_i)  = 2.529033  ratio= 0.021014  learning rate= 0.112896
step= 1345  sqrt(max_i m^_i^2)= 0.019450  sqrt(sum_i m^_i^2)= 0.598189  ratio= 0.032514  learning rate= 0.112896
step= 1346  sqrt(max_i v^_i)  = 0.053110  sqrt(sum_i v^_i)  = 2.528997  ratio= 0.021001  learning rate= 0.112970
step= 1346  sqrt(max_i m^_i^2)= 0.019345  sqrt(sum_i m^_i^2)= 0.598497  ratio= 0.032323  learning rate= 0.112970
step= 1347  sqrt(max_i v^_i)  = 0.053078  sqrt(sum_i v^_i)  = 2.528964  ratio= 0.020988  learning rate= 0.113040
step= 1347  sqrt(max_i m^_i^2)= 0.018887  sqrt(sum_i m^_i^2)= 0.596610  ratio= 0.031657  learning rate= 0.113040
step= 1348  sqrt(max_i v^_i)  = 0.053044  sqrt(sum_i v^_i)  = 2.528854  ratio= 0.020976  learning rate= 0.113111
step= 1348  sqrt(max_i m^_i^2)= 0.022100  sqrt(sum_i m^_i^2)= 0.595652  ratio= 0.037102  learning rate= 0.113111
step= 1349  sqrt(max_i v^_i)  = 0.053009  sqrt(sum_i v^_i)  = 2.528740  ratio= 0.020963  learning rate= 0.113187
step= 1349  sqrt(max_i m^_i^2)= 0.020172  sqrt(sum_i m^_i^2)= 0.594577  ratio= 0.033927  learning rate= 0.113187
step= 1350  sqrt(max_i v^_i)  = 0.052978  sqrt(sum_i v^_i)  = 2.528678  ratio= 0.020951  learning rate= 0.113253
step= 1350  sqrt(max_i m^_i^2)= 0.019065  sqrt(sum_i m^_i^2)= 0.590905  ratio= 0.032264  learning rate= 0.113253
step= 1351  sqrt(max_i v^_i)  = 0.052942  sqrt(sum_i v^_i)  = 2.528641  ratio= 0.020937  learning rate= 0.113329
step= 1351  sqrt(max_i m^_i^2)= 0.019918  sqrt(sum_i m^_i^2)= 0.594531  ratio= 0.033502  learning rate= 0.113329
step= 1352  sqrt(max_i v^_i)  = 0.052912  sqrt(sum_i v^_i)  = 2.528513  ratio= 0.020926  learning rate= 0.113393
step= 1352  sqrt(max_i m^_i^2)= 0.024815  sqrt(sum_i m^_i^2)= 0.593001  ratio= 0.041847  learning rate= 0.113393
step= 1353  sqrt(max_i v^_i)  = 0.052877  sqrt(sum_i v^_i)  = 2.528607  ratio= 0.020911  learning rate= 0.113469
step= 1353  sqrt(max_i m^_i^2)= 0.025340  sqrt(sum_i m^_i^2)= 0.602177  ratio= 0.042080  learning rate= 0.113469
step= 1354  sqrt(max_i v^_i)  = 0.052845  sqrt(sum_i v^_i)  = 2.528578  ratio= 0.020899  learning rate= 0.113537
step= 1354  sqrt(max_i m^_i^2)= 0.023309  sqrt(sum_i m^_i^2)= 0.602102  ratio= 0.038713  learning rate= 0.113537
step= 1355  sqrt(max_i v^_i)  = 0.052810  sqrt(sum_i v^_i)  = 2.528457  ratio= 0.020886  learning rate= 0.113613
step= 1355  sqrt(max_i m^_i^2)= 0.021572  sqrt(sum_i m^_i^2)= 0.601307  ratio= 0.035876  learning rate= 0.113613
step= 1356  sqrt(max_i v^_i)  = 0.052778  sqrt(sum_i v^_i)  = 2.528446  ratio= 0.020874  learning rate= 0.113682
step= 1356  sqrt(max_i m^_i^2)= 0.021483  sqrt(sum_i m^_i^2)= 0.599399  ratio= 0.035841  learning rate= 0.113682
step= 1357  sqrt(max_i v^_i)  = 0.052746  sqrt(sum_i v^_i)  = 2.528355  ratio= 0.020862  learning rate= 0.113750
step= 1357  sqrt(max_i m^_i^2)= 0.021744  sqrt(sum_i m^_i^2)= 0.597925  ratio= 0.036365  learning rate= 0.113750
step= 1358  sqrt(max_i v^_i)  = 0.052711  sqrt(sum_i v^_i)  = 2.528371  ratio= 0.020848  learning rate= 0.113827
step= 1358  sqrt(max_i m^_i^2)= 0.022320  sqrt(sum_i m^_i^2)= 0.599977  ratio= 0.037201  learning rate= 0.113827
step= 1359  sqrt(max_i v^_i)  = 0.052679  sqrt(sum_i v^_i)  = 2.528317  ratio= 0.020836  learning rate= 0.113895
step= 1359  sqrt(max_i m^_i^2)= 0.025148  sqrt(sum_i m^_i^2)= 0.604239  ratio= 0.041619  learning rate= 0.113895
step= 1360  sqrt(max_i v^_i)  = 0.052644  sqrt(sum_i v^_i)  = 2.528253  ratio= 0.020822  learning rate= 0.113972
step= 1360  sqrt(max_i m^_i^2)= 0.024615  sqrt(sum_i m^_i^2)= 0.607239  ratio= 0.040536  learning rate= 0.113972
step= 1361  sqrt(max_i v^_i)  = 0.052608  sqrt(sum_i v^_i)  = 2.528159  ratio= 0.020809  learning rate= 0.114048
step= 1361  sqrt(max_i m^_i^2)= 0.020765  sqrt(sum_i m^_i^2)= 0.602361  ratio= 0.034472  learning rate= 0.114048
step= 1362  sqrt(max_i v^_i)  = 0.052577  sqrt(sum_i v^_i)  = 2.528106  ratio= 0.020797  learning rate= 0.114116
step= 1362  sqrt(max_i m^_i^2)= 0.022379  sqrt(sum_i m^_i^2)= 0.603700  ratio= 0.037070  learning rate= 0.114116
step= 1363  sqrt(max_i v^_i)  = 0.052544  sqrt(sum_i v^_i)  = 2.528040  ratio= 0.020784  learning rate= 0.114188
step= 1363  sqrt(max_i m^_i^2)= 0.023261  sqrt(sum_i m^_i^2)= 0.600116  ratio= 0.038761  learning rate= 0.114188
step= 1364  sqrt(max_i v^_i)  = 0.052517  sqrt(sum_i v^_i)  = 2.528029  ratio= 0.020774  learning rate= 0.114246
step= 1364  sqrt(max_i m^_i^2)= 0.039077  sqrt(sum_i m^_i^2)= 0.604571  ratio= 0.064635  learning rate= 0.114246
step= 1365  sqrt(max_i v^_i)  = 0.052496  sqrt(sum_i v^_i)  = 2.527969  ratio= 0.020766  learning rate= 0.114292
step= 1365  sqrt(max_i m^_i^2)= 0.036036  sqrt(sum_i m^_i^2)= 0.604090  ratio= 0.059653  learning rate= 0.114292
step= 1366  sqrt(max_i v^_i)  = 0.052462  sqrt(sum_i v^_i)  = 2.527967  ratio= 0.020753  learning rate= 0.114366
step= 1366  sqrt(max_i m^_i^2)= 0.036212  sqrt(sum_i m^_i^2)= 0.605879  ratio= 0.059768  learning rate= 0.114366
step= 1367  sqrt(max_i v^_i)  = 0.052428  sqrt(sum_i v^_i)  = 2.527869  ratio= 0.020740  learning rate= 0.114441
step= 1367  sqrt(max_i m^_i^2)= 0.032487  sqrt(sum_i m^_i^2)= 0.605596  ratio= 0.053644  learning rate= 0.114441
step= 1368  sqrt(max_i v^_i)  = 0.052393  sqrt(sum_i v^_i)  = 2.527751  ratio= 0.020727  learning rate= 0.114518
step= 1368  sqrt(max_i m^_i^2)= 0.026499  sqrt(sum_i m^_i^2)= 0.600106  ratio= 0.044157  learning rate= 0.114518
step= 1369  sqrt(max_i v^_i)  = 0.052377  sqrt(sum_i v^_i)  = 2.527649  ratio= 0.020722  learning rate= 0.114552
step= 1369  sqrt(max_i m^_i^2)= 0.027377  sqrt(sum_i m^_i^2)= 0.599554  ratio= 0.045663  learning rate= 0.114552
step= 1370  sqrt(max_i v^_i)  = 0.052346  sqrt(sum_i v^_i)  = 2.527665  ratio= 0.020709  learning rate= 0.114620
step= 1370  sqrt(max_i m^_i^2)= 0.026117  sqrt(sum_i m^_i^2)= 0.601132  ratio= 0.043446  learning rate= 0.114620
step= 1371  sqrt(max_i v^_i)  = 0.052312  sqrt(sum_i v^_i)  = 2.527564  ratio= 0.020697  learning rate= 0.114694
step= 1371  sqrt(max_i m^_i^2)= 0.026049  sqrt(sum_i m^_i^2)= 0.598039  ratio= 0.043557  learning rate= 0.114694
step= 1372  sqrt(max_i v^_i)  = 0.052279  sqrt(sum_i v^_i)  = 2.527495  ratio= 0.020684  learning rate= 0.114767
step= 1372  sqrt(max_i m^_i^2)= 0.028323  sqrt(sum_i m^_i^2)= 0.601025  ratio= 0.047125  learning rate= 0.114767
step= 1373  sqrt(max_i v^_i)  = 0.052244  sqrt(sum_i v^_i)  = 2.527464  ratio= 0.020671  learning rate= 0.114843
step= 1373  sqrt(max_i m^_i^2)= 0.026487  sqrt(sum_i m^_i^2)= 0.603558  ratio= 0.043885  learning rate= 0.114843
step= 1374  sqrt(max_i v^_i)  = 0.052218  sqrt(sum_i v^_i)  = 2.527394  ratio= 0.020661  learning rate= 0.114900
step= 1374  sqrt(max_i m^_i^2)= 0.024022  sqrt(sum_i m^_i^2)= 0.603106  ratio= 0.039830  learning rate= 0.114900
step= 1375  sqrt(max_i v^_i)  = 0.052192  sqrt(sum_i v^_i)  = 2.527346  ratio= 0.020651  learning rate= 0.114959
step= 1375  sqrt(max_i m^_i^2)= 0.024608  sqrt(sum_i m^_i^2)= 0.601232  ratio= 0.040929  learning rate= 0.114959
step= 1376  sqrt(max_i v^_i)  = 0.052158  sqrt(sum_i v^_i)  = 2.527260  ratio= 0.020638  learning rate= 0.115034
step= 1376  sqrt(max_i m^_i^2)= 0.023265  sqrt(sum_i m^_i^2)= 0.603100  ratio= 0.038576  learning rate= 0.115034
step= 1377  sqrt(max_i v^_i)  = 0.052123  sqrt(sum_i v^_i)  = 2.527228  ratio= 0.020624  learning rate= 0.115111
step= 1377  sqrt(max_i m^_i^2)= 0.025299  sqrt(sum_i m^_i^2)= 0.603294  ratio= 0.041935  learning rate= 0.115111
step= 1378  sqrt(max_i v^_i)  = 0.052088  sqrt(sum_i v^_i)  = 2.527139  ratio= 0.020612  learning rate= 0.115186
step= 1378  sqrt(max_i m^_i^2)= 0.027089  sqrt(sum_i m^_i^2)= 0.600476  ratio= 0.045112  learning rate= 0.115186
step= 1379  sqrt(max_i v^_i)  = 0.052055  sqrt(sum_i v^_i)  = 2.527095  ratio= 0.020599  learning rate= 0.115259
step= 1379  sqrt(max_i m^_i^2)= 0.025107  sqrt(sum_i m^_i^2)= 0.598527  ratio= 0.041947  learning rate= 0.115259
step= 1380  sqrt(max_i v^_i)  = 0.052023  sqrt(sum_i v^_i)  = 2.527044  ratio= 0.020586  learning rate= 0.115332
step= 1380  sqrt(max_i m^_i^2)= 0.024294  sqrt(sum_i m^_i^2)= 0.596110  ratio= 0.040754  learning rate= 0.115332
step= 1381  sqrt(max_i v^_i)  = 0.052008  sqrt(sum_i v^_i)  = 2.526973  ratio= 0.020581  learning rate= 0.115366
step= 1381  sqrt(max_i m^_i^2)= 0.029084  sqrt(sum_i m^_i^2)= 0.596829  ratio= 0.048731  learning rate= 0.115366
step= 1382  sqrt(max_i v^_i)  = 0.051984  sqrt(sum_i v^_i)  = 2.526933  ratio= 0.020572  learning rate= 0.115418
step= 1382  sqrt(max_i m^_i^2)= 0.032642  sqrt(sum_i m^_i^2)= 0.600217  ratio= 0.054383  learning rate= 0.115418
step= 1383  sqrt(max_i v^_i)  = 0.051951  sqrt(sum_i v^_i)  = 2.526863  ratio= 0.020559  learning rate= 0.115492
step= 1383  sqrt(max_i m^_i^2)= 0.030989  sqrt(sum_i m^_i^2)= 0.598458  ratio= 0.051781  learning rate= 0.115492
step= 1384  sqrt(max_i v^_i)  = 0.051917  sqrt(sum_i v^_i)  = 2.526831  ratio= 0.020546  learning rate= 0.115567
step= 1384  sqrt(max_i m^_i^2)= 0.029333  sqrt(sum_i m^_i^2)= 0.602456  ratio= 0.048690  learning rate= 0.115567
step= 1385  sqrt(max_i v^_i)  = 0.051883  sqrt(sum_i v^_i)  = 2.526708  ratio= 0.020534  learning rate= 0.115642
step= 1385  sqrt(max_i m^_i^2)= 0.031463  sqrt(sum_i m^_i^2)= 0.599082  ratio= 0.052518  learning rate= 0.115642
step= 1386  sqrt(max_i v^_i)  = 0.051849  sqrt(sum_i v^_i)  = 2.526669  ratio= 0.020521  learning rate= 0.115719
step= 1386  sqrt(max_i m^_i^2)= 0.025155  sqrt(sum_i m^_i^2)= 0.598190  ratio= 0.042052  learning rate= 0.115719
step= 1387  sqrt(max_i v^_i)  = 0.051815  sqrt(sum_i v^_i)  = 2.526661  ratio= 0.020507  learning rate= 0.115795
step= 1387  sqrt(max_i m^_i^2)= 0.026951  sqrt(sum_i m^_i^2)= 0.595358  ratio= 0.045268  learning rate= 0.115795
step= 1388  sqrt(max_i v^_i)  = 0.051784  sqrt(sum_i v^_i)  = 2.526604  ratio= 0.020495  learning rate= 0.115865
step= 1388  sqrt(max_i m^_i^2)= 0.021770  sqrt(sum_i m^_i^2)= 0.597703  ratio= 0.036423  learning rate= 0.115865
step= 1389  sqrt(max_i v^_i)  = 0.051766  sqrt(sum_i v^_i)  = 2.526635  ratio= 0.020488  learning rate= 0.115905
step= 1389  sqrt(max_i m^_i^2)= 0.022238  sqrt(sum_i m^_i^2)= 0.606032  ratio= 0.036694  learning rate= 0.115905
step= 1390  sqrt(max_i v^_i)  = 0.051733  sqrt(sum_i v^_i)  = 2.526586  ratio= 0.020475  learning rate= 0.115978
step= 1390  sqrt(max_i m^_i^2)= 0.024666  sqrt(sum_i m^_i^2)= 0.604883  ratio= 0.040778  learning rate= 0.115978
step= 1391  sqrt(max_i v^_i)  = 0.051701  sqrt(sum_i v^_i)  = 2.526596  ratio= 0.020463  learning rate= 0.116049
step= 1391  sqrt(max_i m^_i^2)= 0.029764  sqrt(sum_i m^_i^2)= 0.604706  ratio= 0.049221  learning rate= 0.116049
step= 1392  sqrt(max_i v^_i)  = 0.051667  sqrt(sum_i v^_i)  = 2.526528  ratio= 0.020450  learning rate= 0.116126
step= 1392  sqrt(max_i m^_i^2)= 0.030461  sqrt(sum_i m^_i^2)= 0.605589  ratio= 0.050300  learning rate= 0.116126
step= 1393  sqrt(max_i v^_i)  = 0.051633  sqrt(sum_i v^_i)  = 2.526558  ratio= 0.020436  learning rate= 0.116203
step= 1393  sqrt(max_i m^_i^2)= 0.024442  sqrt(sum_i m^_i^2)= 0.601224  ratio= 0.040653  learning rate= 0.116203
step= 1394  sqrt(max_i v^_i)  = 0.051599  sqrt(sum_i v^_i)  = 2.526562  ratio= 0.020422  learning rate= 0.116280
step= 1394  sqrt(max_i m^_i^2)= 0.028867  sqrt(sum_i m^_i^2)= 0.601221  ratio= 0.048014  learning rate= 0.116280
step= 1395  sqrt(max_i v^_i)  = 0.051565  sqrt(sum_i v^_i)  = 2.526553  ratio= 0.020409  learning rate= 0.116356
step= 1395  sqrt(max_i m^_i^2)= 0.024847  sqrt(sum_i m^_i^2)= 0.600601  ratio= 0.041371  learning rate= 0.116356
step= 1396  sqrt(max_i v^_i)  = 0.051538  sqrt(sum_i v^_i)  = 2.526549  ratio= 0.020399  learning rate= 0.116417
step= 1396  sqrt(max_i m^_i^2)= 0.028108  sqrt(sum_i m^_i^2)= 0.605881  ratio= 0.046393  learning rate= 0.116417
step= 1397  sqrt(max_i v^_i)  = 0.051505  sqrt(sum_i v^_i)  = 2.526525  ratio= 0.020386  learning rate= 0.116492
step= 1397  sqrt(max_i m^_i^2)= 0.024976  sqrt(sum_i m^_i^2)= 0.604344  ratio= 0.041327  learning rate= 0.116492
step= 1398  sqrt(max_i v^_i)  = 0.051485  sqrt(sum_i v^_i)  = 2.526548  ratio= 0.020378  learning rate= 0.116536
step= 1398  sqrt(max_i m^_i^2)= 0.023731  sqrt(sum_i m^_i^2)= 0.606603  ratio= 0.039120  learning rate= 0.116536
step= 1399  sqrt(max_i v^_i)  = 0.051452  sqrt(sum_i v^_i)  = 2.526427  ratio= 0.020365  learning rate= 0.116611
step= 1399  sqrt(max_i m^_i^2)= 0.024551  sqrt(sum_i m^_i^2)= 0.601852  ratio= 0.040793  learning rate= 0.116611
step= 1400  sqrt(max_i v^_i)  = 0.051421  sqrt(sum_i v^_i)  = 2.526387  ratio= 0.020353  learning rate= 0.116682
step= 1400  sqrt(max_i m^_i^2)= 0.029174  sqrt(sum_i m^_i^2)= 0.603765  ratio= 0.048319  learning rate= 0.116682
step= 1401  sqrt(max_i v^_i)  = 0.051387  sqrt(sum_i v^_i)  = 2.526317  ratio= 0.020340  learning rate= 0.116760
step= 1401  sqrt(max_i m^_i^2)= 0.028479  sqrt(sum_i m^_i^2)= 0.603855  ratio= 0.047162  learning rate= 0.116760
step= 1402  sqrt(max_i v^_i)  = 0.051359  sqrt(sum_i v^_i)  = 2.526260  ratio= 0.020330  learning rate= 0.116822
step= 1402  sqrt(max_i m^_i^2)= 0.028825  sqrt(sum_i m^_i^2)= 0.603906  ratio= 0.047730  learning rate= 0.116822
step= 1403  sqrt(max_i v^_i)  = 0.051326  sqrt(sum_i v^_i)  = 2.526208  ratio= 0.020317  learning rate= 0.116898
step= 1403  sqrt(max_i m^_i^2)= 0.024622  sqrt(sum_i m^_i^2)= 0.604017  ratio= 0.040764  learning rate= 0.116898
step= 1404  sqrt(max_i v^_i)  = 0.051295  sqrt(sum_i v^_i)  = 2.526103  ratio= 0.020306  learning rate= 0.116968
step= 1404  sqrt(max_i m^_i^2)= 0.028532  sqrt(sum_i m^_i^2)= 0.601402  ratio= 0.047442  learning rate= 0.116968
step= 1405  sqrt(max_i v^_i)  = 0.051262  sqrt(sum_i v^_i)  = 2.526067  ratio= 0.020293  learning rate= 0.117044
step= 1405  sqrt(max_i m^_i^2)= 0.033993  sqrt(sum_i m^_i^2)= 0.602467  ratio= 0.056422  learning rate= 0.117044
step= 1406  sqrt(max_i v^_i)  = 0.051245  sqrt(sum_i v^_i)  = 2.526003  ratio= 0.020287  learning rate= 0.117083
step= 1406  sqrt(max_i m^_i^2)= 0.035023  sqrt(sum_i m^_i^2)= 0.606005  ratio= 0.057794  learning rate= 0.117083
step= 1407  sqrt(max_i v^_i)  = 0.051211  sqrt(sum_i v^_i)  = 2.525986  ratio= 0.020274  learning rate= 0.117160
step= 1407  sqrt(max_i m^_i^2)= 0.028184  sqrt(sum_i m^_i^2)= 0.607624  ratio= 0.046384  learning rate= 0.117160
step= 1408  sqrt(max_i v^_i)  = 0.051184  sqrt(sum_i v^_i)  = 2.525942  ratio= 0.020263  learning rate= 0.117221
step= 1408  sqrt(max_i m^_i^2)= 0.021058  sqrt(sum_i m^_i^2)= 0.608772  ratio= 0.034590  learning rate= 0.117221
step= 1409  sqrt(max_i v^_i)  = 0.051276  sqrt(sum_i v^_i)  = 2.525964  ratio= 0.020300  learning rate= 0.117011
step= 1409  sqrt(max_i m^_i^2)= 0.025736  sqrt(sum_i m^_i^2)= 0.610319  ratio= 0.042168  learning rate= 0.117011
step= 1410  sqrt(max_i v^_i)  = 0.051273  sqrt(sum_i v^_i)  = 2.525882  ratio= 0.020299  learning rate= 0.117018
step= 1410  sqrt(max_i m^_i^2)= 0.021768  sqrt(sum_i m^_i^2)= 0.609227  ratio= 0.035731  learning rate= 0.117018
step= 1411  sqrt(max_i v^_i)  = 0.051244  sqrt(sum_i v^_i)  = 2.525768  ratio= 0.020289  learning rate= 0.117084
step= 1411  sqrt(max_i m^_i^2)= 0.022480  sqrt(sum_i m^_i^2)= 0.608939  ratio= 0.036916  learning rate= 0.117084
step= 1412  sqrt(max_i v^_i)  = 0.051211  sqrt(sum_i v^_i)  = 2.525791  ratio= 0.020275  learning rate= 0.117159
step= 1412  sqrt(max_i m^_i^2)= 0.021399  sqrt(sum_i m^_i^2)= 0.604770  ratio= 0.035384  learning rate= 0.117159
step= 1413  sqrt(max_i v^_i)  = 0.051182  sqrt(sum_i v^_i)  = 2.525734  ratio= 0.020264  learning rate= 0.117226
step= 1413  sqrt(max_i m^_i^2)= 0.025426  sqrt(sum_i m^_i^2)= 0.602923  ratio= 0.042171  learning rate= 0.117226
step= 1414  sqrt(max_i v^_i)  = 0.051168  sqrt(sum_i v^_i)  = 2.525696  ratio= 0.020259  learning rate= 0.117258
step= 1414  sqrt(max_i m^_i^2)= 0.022725  sqrt(sum_i m^_i^2)= 0.604016  ratio= 0.037623  learning rate= 0.117258
step= 1415  sqrt(max_i v^_i)  = 0.051134  sqrt(sum_i v^_i)  = 2.525604  ratio= 0.020246  learning rate= 0.117335
step= 1415  sqrt(max_i m^_i^2)= 0.023207  sqrt(sum_i m^_i^2)= 0.604972  ratio= 0.038360  learning rate= 0.117335
step= 1416  sqrt(max_i v^_i)  = 0.051105  sqrt(sum_i v^_i)  = 2.525556  ratio= 0.020235  learning rate= 0.117402
step= 1416  sqrt(max_i m^_i^2)= 0.025140  sqrt(sum_i m^_i^2)= 0.601506  ratio= 0.041796  learning rate= 0.117402
step= 1417  sqrt(max_i v^_i)  = 0.051073  sqrt(sum_i v^_i)  = 2.525544  ratio= 0.020223  learning rate= 0.117477
step= 1417  sqrt(max_i m^_i^2)= 0.025360  sqrt(sum_i m^_i^2)= 0.603194  ratio= 0.042043  learning rate= 0.117477
step= 1418  sqrt(max_i v^_i)  = 0.051039  sqrt(sum_i v^_i)  = 2.525563  ratio= 0.020209  learning rate= 0.117555
step= 1418  sqrt(max_i m^_i^2)= 0.026245  sqrt(sum_i m^_i^2)= 0.612618  ratio= 0.042841  learning rate= 0.117555
step= 1419  sqrt(max_i v^_i)  = 0.051066  sqrt(sum_i v^_i)  = 2.525531  ratio= 0.020220  learning rate= 0.117494
step= 1419  sqrt(max_i m^_i^2)= 0.024736  sqrt(sum_i m^_i^2)= 0.604141  ratio= 0.040945  learning rate= 0.117494
step= 1420  sqrt(max_i v^_i)  = 0.051051  sqrt(sum_i v^_i)  = 2.525445  ratio= 0.020215  learning rate= 0.117527
step= 1420  sqrt(max_i m^_i^2)= 0.023399  sqrt(sum_i m^_i^2)= 0.603116  ratio= 0.038797  learning rate= 0.117527
step= 1421  sqrt(max_i v^_i)  = 0.051117  sqrt(sum_i v^_i)  = 2.525406  ratio= 0.020241  learning rate= 0.117376
step= 1421  sqrt(max_i m^_i^2)= 0.025047  sqrt(sum_i m^_i^2)= 0.603184  ratio= 0.041525  learning rate= 0.117376
step= 1422  sqrt(max_i v^_i)  = 0.051094  sqrt(sum_i v^_i)  = 2.525354  ratio= 0.020232  learning rate= 0.117429
step= 1422  sqrt(max_i m^_i^2)= 0.027501  sqrt(sum_i m^_i^2)= 0.605527  ratio= 0.045416  learning rate= 0.117429
step= 1423  sqrt(max_i v^_i)  = 0.051090  sqrt(sum_i v^_i)  = 2.525267  ratio= 0.020232  learning rate= 0.117437
step= 1423  sqrt(max_i m^_i^2)= 0.026797  sqrt(sum_i m^_i^2)= 0.601923  ratio= 0.044518  learning rate= 0.117437
step= 1424  sqrt(max_i v^_i)  = 0.051076  sqrt(sum_i v^_i)  = 2.525220  ratio= 0.020226  learning rate= 0.117471
step= 1424  sqrt(max_i m^_i^2)= 0.029075  sqrt(sum_i m^_i^2)= 0.605420  ratio= 0.048025  learning rate= 0.117471
step= 1425  sqrt(max_i v^_i)  = 0.051073  sqrt(sum_i v^_i)  = 2.525168  ratio= 0.020225  learning rate= 0.117477
step= 1425  sqrt(max_i m^_i^2)= 0.033172  sqrt(sum_i m^_i^2)= 0.606372  ratio= 0.054706  learning rate= 0.117477
step= 1426  sqrt(max_i v^_i)  = 0.051040  sqrt(sum_i v^_i)  = 2.525204  ratio= 0.020212  learning rate= 0.117552
step= 1426  sqrt(max_i m^_i^2)= 0.038237  sqrt(sum_i m^_i^2)= 0.607796  ratio= 0.062910  learning rate= 0.117552
step= 1427  sqrt(max_i v^_i)  = 0.051037  sqrt(sum_i v^_i)  = 2.525174  ratio= 0.020211  learning rate= 0.117558
step= 1427  sqrt(max_i m^_i^2)= 0.037480  sqrt(sum_i m^_i^2)= 0.606770  ratio= 0.061770  learning rate= 0.117558
step= 1428  sqrt(max_i v^_i)  = 0.051007  sqrt(sum_i v^_i)  = 2.525073  ratio= 0.020200  learning rate= 0.117629
step= 1428  sqrt(max_i m^_i^2)= 0.034734  sqrt(sum_i m^_i^2)= 0.602233  ratio= 0.057676  learning rate= 0.117629
step= 1429  sqrt(max_i v^_i)  = 0.051017  sqrt(sum_i v^_i)  = 2.525188  ratio= 0.020203  learning rate= 0.117604
step= 1429  sqrt(max_i m^_i^2)= 0.030495  sqrt(sum_i m^_i^2)= 0.602238  ratio= 0.050636  learning rate= 0.117604
step= 1430  sqrt(max_i v^_i)  = 0.051027  sqrt(sum_i v^_i)  = 2.525187  ratio= 0.020207  learning rate= 0.117582
step= 1430  sqrt(max_i m^_i^2)= 0.025349  sqrt(sum_i m^_i^2)= 0.603488  ratio= 0.042005  learning rate= 0.117582
step= 1431  sqrt(max_i v^_i)  = 0.051005  sqrt(sum_i v^_i)  = 2.525161  ratio= 0.020199  learning rate= 0.117633
step= 1431  sqrt(max_i m^_i^2)= 0.025214  sqrt(sum_i m^_i^2)= 0.596748  ratio= 0.042252  learning rate= 0.117633
step= 1432  sqrt(max_i v^_i)  = 0.051015  sqrt(sum_i v^_i)  = 2.525141  ratio= 0.020203  learning rate= 0.117609
step= 1432  sqrt(max_i m^_i^2)= 0.024324  sqrt(sum_i m^_i^2)= 0.600978  ratio= 0.040475  learning rate= 0.117609
step= 1433  sqrt(max_i v^_i)  = 0.051002  sqrt(sum_i v^_i)  = 2.525110  ratio= 0.020198  learning rate= 0.117641
step= 1433  sqrt(max_i m^_i^2)= 0.024909  sqrt(sum_i m^_i^2)= 0.599366  ratio= 0.041559  learning rate= 0.117641
step= 1434  sqrt(max_i v^_i)  = 0.050979  sqrt(sum_i v^_i)  = 2.525094  ratio= 0.020189  learning rate= 0.117694
step= 1434  sqrt(max_i m^_i^2)= 0.020278  sqrt(sum_i m^_i^2)= 0.601737  ratio= 0.033699  learning rate= 0.117694
step= 1435  sqrt(max_i v^_i)  = 0.050989  sqrt(sum_i v^_i)  = 2.524984  ratio= 0.020194  learning rate= 0.117671
step= 1435  sqrt(max_i m^_i^2)= 0.022395  sqrt(sum_i m^_i^2)= 0.601236  ratio= 0.037248  learning rate= 0.117671
step= 1436  sqrt(max_i v^_i)  = 0.050966  sqrt(sum_i v^_i)  = 2.524915  ratio= 0.020185  learning rate= 0.117722
step= 1436  sqrt(max_i m^_i^2)= 0.026696  sqrt(sum_i m^_i^2)= 0.602774  ratio= 0.044288  learning rate= 0.117722
step= 1437  sqrt(max_i v^_i)  = 0.050953  sqrt(sum_i v^_i)  = 2.524868  ratio= 0.020180  learning rate= 0.117754
step= 1437  sqrt(max_i m^_i^2)= 0.028139  sqrt(sum_i m^_i^2)= 0.604522  ratio= 0.046548  learning rate= 0.117754
step= 1438  sqrt(max_i v^_i)  = 0.050920  sqrt(sum_i v^_i)  = 2.524803  ratio= 0.020168  learning rate= 0.117829
step= 1438  sqrt(max_i m^_i^2)= 0.025034  sqrt(sum_i m^_i^2)= 0.602576  ratio= 0.041546  learning rate= 0.117829
step= 1439  sqrt(max_i v^_i)  = 0.051091  sqrt(sum_i v^_i)  = 2.524795  ratio= 0.020236  learning rate= 0.117435
step= 1439  sqrt(max_i m^_i^2)= 0.021591  sqrt(sum_i m^_i^2)= 0.603805  ratio= 0.035759  learning rate= 0.117435
step= 1440  sqrt(max_i v^_i)  = 0.051062  sqrt(sum_i v^_i)  = 2.524734  ratio= 0.020225  learning rate= 0.117501
step= 1440  sqrt(max_i m^_i^2)= 0.024563  sqrt(sum_i m^_i^2)= 0.601337  ratio= 0.040847  learning rate= 0.117501
step= 1441  sqrt(max_i v^_i)  = 0.051048  sqrt(sum_i v^_i)  = 2.524713  ratio= 0.020219  learning rate= 0.117534
step= 1441  sqrt(max_i m^_i^2)= 0.023801  sqrt(sum_i m^_i^2)= 0.598910  ratio= 0.039740  learning rate= 0.117534
step= 1442  sqrt(max_i v^_i)  = 0.051059  sqrt(sum_i v^_i)  = 2.524699  ratio= 0.020224  learning rate= 0.117510
step= 1442  sqrt(max_i m^_i^2)= 0.026999  sqrt(sum_i m^_i^2)= 0.603239  ratio= 0.044756  learning rate= 0.117510
step= 1443  sqrt(max_i v^_i)  = 0.051056  sqrt(sum_i v^_i)  = 2.524641  ratio= 0.020223  learning rate= 0.117517
step= 1443  sqrt(max_i m^_i^2)= 0.026173  sqrt(sum_i m^_i^2)= 0.605880  ratio= 0.043199  learning rate= 0.117517
step= 1444  sqrt(max_i v^_i)  = 0.051027  sqrt(sum_i v^_i)  = 2.524519  ratio= 0.020213  learning rate= 0.117582
step= 1444  sqrt(max_i m^_i^2)= 0.027697  sqrt(sum_i m^_i^2)= 0.605355  ratio= 0.045754  learning rate= 0.117582
step= 1445  sqrt(max_i v^_i)  = 0.051005  sqrt(sum_i v^_i)  = 2.524441  ratio= 0.020204  learning rate= 0.117634
step= 1445  sqrt(max_i m^_i^2)= 0.026156  sqrt(sum_i m^_i^2)= 0.605598  ratio= 0.043190  learning rate= 0.117634
step= 1446  sqrt(max_i v^_i)  = 0.051076  sqrt(sum_i v^_i)  = 2.524426  ratio= 0.020233  learning rate= 0.117469
step= 1446  sqrt(max_i m^_i^2)= 0.025429  sqrt(sum_i m^_i^2)= 0.606946  ratio= 0.041897  learning rate= 0.117469
step= 1447  sqrt(max_i v^_i)  = 0.051120  sqrt(sum_i v^_i)  = 2.524345  ratio= 0.020251  learning rate= 0.117369
step= 1447  sqrt(max_i m^_i^2)= 0.025850  sqrt(sum_i m^_i^2)= 0.604793  ratio= 0.042742  learning rate= 0.117369
step= 1448  sqrt(max_i v^_i)  = 0.051087  sqrt(sum_i v^_i)  = 2.524281  ratio= 0.020238  learning rate= 0.117443
step= 1448  sqrt(max_i m^_i^2)= 0.030319  sqrt(sum_i m^_i^2)= 0.605378  ratio= 0.050082  learning rate= 0.117443
step= 1449  sqrt(max_i v^_i)  = 0.051074  sqrt(sum_i v^_i)  = 2.524344  ratio= 0.020232  learning rate= 0.117475
step= 1449  sqrt(max_i m^_i^2)= 0.028481  sqrt(sum_i m^_i^2)= 0.606479  ratio= 0.046962  learning rate= 0.117475
step= 1450  sqrt(max_i v^_i)  = 0.051041  sqrt(sum_i v^_i)  = 2.524326  ratio= 0.020220  learning rate= 0.117549
step= 1450  sqrt(max_i m^_i^2)= 0.030400  sqrt(sum_i m^_i^2)= 0.607792  ratio= 0.050017  learning rate= 0.117549
step= 1451  sqrt(max_i v^_i)  = 0.051009  sqrt(sum_i v^_i)  = 2.524273  ratio= 0.020207  learning rate= 0.117623
step= 1451  sqrt(max_i m^_i^2)= 0.041835  sqrt(sum_i m^_i^2)= 0.609614  ratio= 0.068625  learning rate= 0.117623
step= 1452  sqrt(max_i v^_i)  = 0.050981  sqrt(sum_i v^_i)  = 2.524250  ratio= 0.020196  learning rate= 0.117689
step= 1452  sqrt(max_i m^_i^2)= 0.039505  sqrt(sum_i m^_i^2)= 0.606184  ratio= 0.065170  learning rate= 0.117689
step= 1453  sqrt(max_i v^_i)  = 0.050967  sqrt(sum_i v^_i)  = 2.524171  ratio= 0.020191  learning rate= 0.117722
step= 1453  sqrt(max_i m^_i^2)= 0.039350  sqrt(sum_i m^_i^2)= 0.601654  ratio= 0.065403  learning rate= 0.117722
step= 1454  sqrt(max_i v^_i)  = 0.050976  sqrt(sum_i v^_i)  = 2.524087  ratio= 0.020196  learning rate= 0.117699
step= 1454  sqrt(max_i m^_i^2)= 0.035326  sqrt(sum_i m^_i^2)= 0.599643  ratio= 0.058912  learning rate= 0.117699
step= 1455  sqrt(max_i v^_i)  = 0.050944  sqrt(sum_i v^_i)  = 2.524090  ratio= 0.020183  learning rate= 0.117773
step= 1455  sqrt(max_i m^_i^2)= 0.034618  sqrt(sum_i m^_i^2)= 0.602219  ratio= 0.057483  learning rate= 0.117773
step= 1456  sqrt(max_i v^_i)  = 0.050970  sqrt(sum_i v^_i)  = 2.523997  ratio= 0.020194  learning rate= 0.117714
step= 1456  sqrt(max_i m^_i^2)= 0.033980  sqrt(sum_i m^_i^2)= 0.600632  ratio= 0.056573  learning rate= 0.117714
step= 1457  sqrt(max_i v^_i)  = 0.051035  sqrt(sum_i v^_i)  = 2.523973  ratio= 0.020220  learning rate= 0.117564
step= 1457  sqrt(max_i m^_i^2)= 0.028551  sqrt(sum_i m^_i^2)= 0.601344  ratio= 0.047478  learning rate= 0.117564
step= 1458  sqrt(max_i v^_i)  = 0.051021  sqrt(sum_i v^_i)  = 2.523873  ratio= 0.020215  learning rate= 0.117596
step= 1458  sqrt(max_i m^_i^2)= 0.022326  sqrt(sum_i m^_i^2)= 0.597100  ratio= 0.037391  learning rate= 0.117596
step= 1459  sqrt(max_i v^_i)  = 0.051047  sqrt(sum_i v^_i)  = 2.523948  ratio= 0.020225  learning rate= 0.117536
step= 1459  sqrt(max_i m^_i^2)= 0.027354  sqrt(sum_i m^_i^2)= 0.604412  ratio= 0.045257  learning rate= 0.117536
step= 1460  sqrt(max_i v^_i)  = 0.051019  sqrt(sum_i v^_i)  = 2.523893  ratio= 0.020214  learning rate= 0.117601
step= 1460  sqrt(max_i m^_i^2)= 0.024891  sqrt(sum_i m^_i^2)= 0.603050  ratio= 0.041275  learning rate= 0.117601
step= 1461  sqrt(max_i v^_i)  = 0.050991  sqrt(sum_i v^_i)  = 2.523847  ratio= 0.020204  learning rate= 0.117666
step= 1461  sqrt(max_i m^_i^2)= 0.030012  sqrt(sum_i m^_i^2)= 0.604919  ratio= 0.049613  learning rate= 0.117666
step= 1462  sqrt(max_i v^_i)  = 0.050962  sqrt(sum_i v^_i)  = 2.523798  ratio= 0.020193  learning rate= 0.117731
step= 1462  sqrt(max_i m^_i^2)= 0.030158  sqrt(sum_i m^_i^2)= 0.604878  ratio= 0.049858  learning rate= 0.117731
step= 1463  sqrt(max_i v^_i)  = 0.051006  sqrt(sum_i v^_i)  = 2.523760  ratio= 0.020210  learning rate= 0.117631
step= 1463  sqrt(max_i m^_i^2)= 0.027377  sqrt(sum_i m^_i^2)= 0.603880  ratio= 0.045335  learning rate= 0.117631
step= 1464  sqrt(max_i v^_i)  = 0.050977  sqrt(sum_i v^_i)  = 2.523707  ratio= 0.020199  learning rate= 0.117697
step= 1464  sqrt(max_i m^_i^2)= 0.030332  sqrt(sum_i m^_i^2)= 0.598454  ratio= 0.050683  learning rate= 0.117697
step= 1465  sqrt(max_i v^_i)  = 0.050949  sqrt(sum_i v^_i)  = 2.523617  ratio= 0.020189  learning rate= 0.117763
step= 1465  sqrt(max_i m^_i^2)= 0.026403  sqrt(sum_i m^_i^2)= 0.601571  ratio= 0.043890  learning rate= 0.117763
step= 1466  sqrt(max_i v^_i)  = 0.050927  sqrt(sum_i v^_i)  = 2.523598  ratio= 0.020180  learning rate= 0.117814
step= 1466  sqrt(max_i m^_i^2)= 0.023072  sqrt(sum_i m^_i^2)= 0.601496  ratio= 0.038357  learning rate= 0.117814
step= 1467  sqrt(max_i v^_i)  = 0.050895  sqrt(sum_i v^_i)  = 2.523595  ratio= 0.020168  learning rate= 0.117888
step= 1467  sqrt(max_i m^_i^2)= 0.016993  sqrt(sum_i m^_i^2)= 0.597757  ratio= 0.028428  learning rate= 0.117888
step= 1468  sqrt(max_i v^_i)  = 0.050863  sqrt(sum_i v^_i)  = 2.523498  ratio= 0.020156  learning rate= 0.117961
step= 1468  sqrt(max_i m^_i^2)= 0.023321  sqrt(sum_i m^_i^2)= 0.595427  ratio= 0.039167  learning rate= 0.117961
step= 1469  sqrt(max_i v^_i)  = 0.050831  sqrt(sum_i v^_i)  = 2.523448  ratio= 0.020144  learning rate= 0.118035
step= 1469  sqrt(max_i m^_i^2)= 0.024163  sqrt(sum_i m^_i^2)= 0.596845  ratio= 0.040485  learning rate= 0.118035
step= 1470  sqrt(max_i v^_i)  = 0.050798  sqrt(sum_i v^_i)  = 2.523532  ratio= 0.020130  learning rate= 0.118112
step= 1470  sqrt(max_i m^_i^2)= 0.028739  sqrt(sum_i m^_i^2)= 0.598001  ratio= 0.048059  learning rate= 0.118112
step= 1471  sqrt(max_i v^_i)  = 0.050776  sqrt(sum_i v^_i)  = 2.523561  ratio= 0.020121  learning rate= 0.118164
step= 1471  sqrt(max_i m^_i^2)= 0.031887  sqrt(sum_i m^_i^2)= 0.599362  ratio= 0.053201  learning rate= 0.118164
step= 1472  sqrt(max_i v^_i)  = 0.050978  sqrt(sum_i v^_i)  = 2.523554  ratio= 0.020201  learning rate= 0.117696
step= 1472  sqrt(max_i m^_i^2)= 0.031807  sqrt(sum_i m^_i^2)= 0.602116  ratio= 0.052825  learning rate= 0.117696
step= 1473  sqrt(max_i v^_i)  = 0.050988  sqrt(sum_i v^_i)  = 2.523452  ratio= 0.020205  learning rate= 0.117673
step= 1473  sqrt(max_i m^_i^2)= 0.022026  sqrt(sum_i m^_i^2)= 0.598412  ratio= 0.036807  learning rate= 0.117673
step= 1474  sqrt(max_i v^_i)  = 0.050997  sqrt(sum_i v^_i)  = 2.523375  ratio= 0.020210  learning rate= 0.117651
step= 1474  sqrt(max_i m^_i^2)= 0.025412  sqrt(sum_i m^_i^2)= 0.598197  ratio= 0.042481  learning rate= 0.117651
step= 1475  sqrt(max_i v^_i)  = 0.051041  sqrt(sum_i v^_i)  = 2.523315  ratio= 0.020228  learning rate= 0.117549
step= 1475  sqrt(max_i m^_i^2)= 0.026269  sqrt(sum_i m^_i^2)= 0.597468  ratio= 0.043967  learning rate= 0.117549
step= 1476  sqrt(max_i v^_i)  = 0.051067  sqrt(sum_i v^_i)  = 2.523287  ratio= 0.020238  learning rate= 0.117490
step= 1476  sqrt(max_i m^_i^2)= 0.021281  sqrt(sum_i m^_i^2)= 0.599206  ratio= 0.035516  learning rate= 0.117490
step= 1477  sqrt(max_i v^_i)  = 0.051045  sqrt(sum_i v^_i)  = 2.523181  ratio= 0.020230  learning rate= 0.117541
step= 1477  sqrt(max_i m^_i^2)= 0.020001  sqrt(sum_i m^_i^2)= 0.593512  ratio= 0.033700  learning rate= 0.117541
step= 1478  sqrt(max_i v^_i)  = 0.051012  sqrt(sum_i v^_i)  = 2.523149  ratio= 0.020218  learning rate= 0.117618
step= 1478  sqrt(max_i m^_i^2)= 0.022142  sqrt(sum_i m^_i^2)= 0.598736  ratio= 0.036982  learning rate= 0.117618
step= 1479  sqrt(max_i v^_i)  = 0.051099  sqrt(sum_i v^_i)  = 2.523192  ratio= 0.020252  learning rate= 0.117417
step= 1479  sqrt(max_i m^_i^2)= 0.025194  sqrt(sum_i m^_i^2)= 0.596717  ratio= 0.042222  learning rate= 0.117417
step= 1480  sqrt(max_i v^_i)  = 0.051125  sqrt(sum_i v^_i)  = 2.523199  ratio= 0.020262  learning rate= 0.117358
step= 1480  sqrt(max_i m^_i^2)= 0.023086  sqrt(sum_i m^_i^2)= 0.600601  ratio= 0.038439  learning rate= 0.117358
step= 1481  sqrt(max_i v^_i)  = 0.051111  sqrt(sum_i v^_i)  = 2.523186  ratio= 0.020257  learning rate= 0.117389
step= 1481  sqrt(max_i m^_i^2)= 0.023131  sqrt(sum_i m^_i^2)= 0.603031  ratio= 0.038358  learning rate= 0.117389
step= 1482  sqrt(max_i v^_i)  = 0.051079  sqrt(sum_i v^_i)  = 2.523140  ratio= 0.020244  learning rate= 0.117462
step= 1482  sqrt(max_i m^_i^2)= 0.023743  sqrt(sum_i m^_i^2)= 0.602870  ratio= 0.039383  learning rate= 0.117462
step= 1483  sqrt(max_i v^_i)  = 0.051076  sqrt(sum_i v^_i)  = 2.523157  ratio= 0.020243  learning rate= 0.117470
step= 1483  sqrt(max_i m^_i^2)= 0.024434  sqrt(sum_i m^_i^2)= 0.604392  ratio= 0.040427  learning rate= 0.117470
step= 1484  sqrt(max_i v^_i)  = 0.051085  sqrt(sum_i v^_i)  = 2.523128  ratio= 0.020247  learning rate= 0.117448
step= 1484  sqrt(max_i m^_i^2)= 0.023646  sqrt(sum_i m^_i^2)= 0.602027  ratio= 0.039277  learning rate= 0.117448
step= 1485  sqrt(max_i v^_i)  = 0.051053  sqrt(sum_i v^_i)  = 2.523090  ratio= 0.020234  learning rate= 0.117522
step= 1485  sqrt(max_i m^_i^2)= 0.024027  sqrt(sum_i m^_i^2)= 0.603165  ratio= 0.039835  learning rate= 0.117522
step= 1486  sqrt(max_i v^_i)  = 0.051031  sqrt(sum_i v^_i)  = 2.523035  ratio= 0.020226  learning rate= 0.117573
step= 1486  sqrt(max_i m^_i^2)= 0.022546  sqrt(sum_i m^_i^2)= 0.600991  ratio= 0.037515  learning rate= 0.117573
step= 1487  sqrt(max_i v^_i)  = 0.051003  sqrt(sum_i v^_i)  = 2.523001  ratio= 0.020215  learning rate= 0.117638
step= 1487  sqrt(max_i m^_i^2)= 0.018995  sqrt(sum_i m^_i^2)= 0.598503  ratio= 0.031737  learning rate= 0.117638
step= 1488  sqrt(max_i v^_i)  = 0.050971  sqrt(sum_i v^_i)  = 2.522945  ratio= 0.020203  learning rate= 0.117711
step= 1488  sqrt(max_i m^_i^2)= 0.019529  sqrt(sum_i m^_i^2)= 0.598657  ratio= 0.032621  learning rate= 0.117711
step= 1489  sqrt(max_i v^_i)  = 0.050939  sqrt(sum_i v^_i)  = 2.522911  ratio= 0.020191  learning rate= 0.117785
step= 1489  sqrt(max_i m^_i^2)= 0.024867  sqrt(sum_i m^_i^2)= 0.597561  ratio= 0.041615  learning rate= 0.117785
step= 1490  sqrt(max_i v^_i)  = 0.050911  sqrt(sum_i v^_i)  = 2.522912  ratio= 0.020180  learning rate= 0.117850
step= 1490  sqrt(max_i m^_i^2)= 0.020934  sqrt(sum_i m^_i^2)= 0.600159  ratio= 0.034881  learning rate= 0.117850
step= 1491  sqrt(max_i v^_i)  = 0.050889  sqrt(sum_i v^_i)  = 2.522855  ratio= 0.020171  learning rate= 0.117901
step= 1491  sqrt(max_i m^_i^2)= 0.023343  sqrt(sum_i m^_i^2)= 0.597756  ratio= 0.039051  learning rate= 0.117901
step= 1492  sqrt(max_i v^_i)  = 0.050861  sqrt(sum_i v^_i)  = 2.522799  ratio= 0.020161  learning rate= 0.117966
step= 1492  sqrt(max_i m^_i^2)= 0.020126  sqrt(sum_i m^_i^2)= 0.599933  ratio= 0.033547  learning rate= 0.117966
step= 1493  sqrt(max_i v^_i)  = 0.050905  sqrt(sum_i v^_i)  = 2.522751  ratio= 0.020178  learning rate= 0.117864
step= 1493  sqrt(max_i m^_i^2)= 0.021432  sqrt(sum_i m^_i^2)= 0.597032  ratio= 0.035898  learning rate= 0.117864
step= 1494  sqrt(max_i v^_i)  = 0.050877  sqrt(sum_i v^_i)  = 2.522675  ratio= 0.020168  learning rate= 0.117928
step= 1494  sqrt(max_i m^_i^2)= 0.025013  sqrt(sum_i m^_i^2)= 0.596895  ratio= 0.041905  learning rate= 0.117928
step= 1495  sqrt(max_i v^_i)  = 0.050855  sqrt(sum_i v^_i)  = 2.522601  ratio= 0.020160  learning rate= 0.117979
step= 1495  sqrt(max_i m^_i^2)= 0.028425  sqrt(sum_i m^_i^2)= 0.598099  ratio= 0.047525  learning rate= 0.117979
step= 1496  sqrt(max_i v^_i)  = 0.050924  sqrt(sum_i v^_i)  = 2.522527  ratio= 0.020188  learning rate= 0.117820
step= 1496  sqrt(max_i m^_i^2)= 0.026659  sqrt(sum_i m^_i^2)= 0.596954  ratio= 0.044659  learning rate= 0.117820
step= 1497  sqrt(max_i v^_i)  = 0.050935  sqrt(sum_i v^_i)  = 2.522512  ratio= 0.020192  learning rate= 0.117796
step= 1497  sqrt(max_i m^_i^2)= 0.033334  sqrt(sum_i m^_i^2)= 0.599147  ratio= 0.055635  learning rate= 0.117796
step= 1498  sqrt(max_i v^_i)  = 0.050903  sqrt(sum_i v^_i)  = 2.522452  ratio= 0.020180  learning rate= 0.117869
step= 1498  sqrt(max_i m^_i^2)= 0.026659  sqrt(sum_i m^_i^2)= 0.601342  ratio= 0.044332  learning rate= 0.117869
step= 1499  sqrt(max_i v^_i)  = 0.050881  sqrt(sum_i v^_i)  = 2.522358  ratio= 0.020172  learning rate= 0.117920
step= 1499  sqrt(max_i m^_i^2)= 0.025334  sqrt(sum_i m^_i^2)= 0.600005  ratio= 0.042224  learning rate= 0.117920
step= 1500  sqrt(max_i v^_i)  = 0.050849  sqrt(sum_i v^_i)  = 2.522336  ratio= 0.020160  learning rate= 0.117994
step= 1500  sqrt(max_i m^_i^2)= 0.022557  sqrt(sum_i m^_i^2)= 0.600377  ratio= 0.037571  learning rate= 0.117994
step= 1501  sqrt(max_i v^_i)  = 0.050821  sqrt(sum_i v^_i)  = 2.522197  ratio= 0.020150  learning rate= 0.118059
step= 1501  sqrt(max_i m^_i^2)= 0.023675  sqrt(sum_i m^_i^2)= 0.597443  ratio= 0.039627  learning rate= 0.118059
step= 1502  sqrt(max_i v^_i)  = 0.050831  sqrt(sum_i v^_i)  = 2.522273  ratio= 0.020153  learning rate= 0.118036
step= 1502  sqrt(max_i m^_i^2)= 0.026868  sqrt(sum_i m^_i^2)= 0.599349  ratio= 0.044829  learning rate= 0.118036
step= 1503  sqrt(max_i v^_i)  = 0.050842  sqrt(sum_i v^_i)  = 2.522226  ratio= 0.020157  learning rate= 0.118011
step= 1503  sqrt(max_i m^_i^2)= 0.029239  sqrt(sum_i m^_i^2)= 0.594861  ratio= 0.049153  learning rate= 0.118011
step= 1504  sqrt(max_i v^_i)  = 0.050810  sqrt(sum_i v^_i)  = 2.522146  ratio= 0.020146  learning rate= 0.118084
step= 1504  sqrt(max_i m^_i^2)= 0.023106  sqrt(sum_i m^_i^2)= 0.589292  ratio= 0.039210  learning rate= 0.118084
step= 1505  sqrt(max_i v^_i)  = 0.050782  sqrt(sum_i v^_i)  = 2.522118  ratio= 0.020135  learning rate= 0.118149
step= 1505  sqrt(max_i m^_i^2)= 0.021471  sqrt(sum_i m^_i^2)= 0.587953  ratio= 0.036519  learning rate= 0.118149
step= 1506  sqrt(max_i v^_i)  = 0.050760  sqrt(sum_i v^_i)  = 2.522010  ratio= 0.020127  learning rate= 0.118201
step= 1506  sqrt(max_i m^_i^2)= 0.020047  sqrt(sum_i m^_i^2)= 0.583055  ratio= 0.034383  learning rate= 0.118201
step= 1507  sqrt(max_i v^_i)  = 0.050871  sqrt(sum_i v^_i)  = 2.521932  ratio= 0.020171  learning rate= 0.117943
step= 1507  sqrt(max_i m^_i^2)= 0.020652  sqrt(sum_i m^_i^2)= 0.587526  ratio= 0.035151  learning rate= 0.117943
step= 1508  sqrt(max_i v^_i)  = 0.050838  sqrt(sum_i v^_i)  = 2.521896  ratio= 0.020159  learning rate= 0.118019
step= 1508  sqrt(max_i m^_i^2)= 0.020566  sqrt(sum_i m^_i^2)= 0.590532  ratio= 0.034826  learning rate= 0.118019
step= 1509  sqrt(max_i v^_i)  = 0.050817  sqrt(sum_i v^_i)  = 2.521882  ratio= 0.020150  learning rate= 0.118069
step= 1509  sqrt(max_i m^_i^2)= 0.020241  sqrt(sum_i m^_i^2)= 0.590457  ratio= 0.034281  learning rate= 0.118069
step= 1510  sqrt(max_i v^_i)  = 0.050784  sqrt(sum_i v^_i)  = 2.521833  ratio= 0.020138  learning rate= 0.118145
step= 1510  sqrt(max_i m^_i^2)= 0.024454  sqrt(sum_i m^_i^2)= 0.588553  ratio= 0.041550  learning rate= 0.118145
step= 1511  sqrt(max_i v^_i)  = 0.050762  sqrt(sum_i v^_i)  = 2.521788  ratio= 0.020129  learning rate= 0.118196
step= 1511  sqrt(max_i m^_i^2)= 0.022216  sqrt(sum_i m^_i^2)= 0.592244  ratio= 0.037512  learning rate= 0.118196
step= 1512  sqrt(max_i v^_i)  = 0.050749  sqrt(sum_i v^_i)  = 2.521748  ratio= 0.020124  learning rate= 0.118227
step= 1512  sqrt(max_i m^_i^2)= 0.029481  sqrt(sum_i m^_i^2)= 0.596985  ratio= 0.049382  learning rate= 0.118227
step= 1513  sqrt(max_i v^_i)  = 0.050735  sqrt(sum_i v^_i)  = 2.521702  ratio= 0.020119  learning rate= 0.118259
step= 1513  sqrt(max_i m^_i^2)= 0.037606  sqrt(sum_i m^_i^2)= 0.599081  ratio= 0.062773  learning rate= 0.118259
step= 1514  sqrt(max_i v^_i)  = 0.050713  sqrt(sum_i v^_i)  = 2.521675  ratio= 0.020111  learning rate= 0.118310
step= 1514  sqrt(max_i m^_i^2)= 0.030781  sqrt(sum_i m^_i^2)= 0.598858  ratio= 0.051399  learning rate= 0.118310
step= 1515  sqrt(max_i v^_i)  = 0.050682  sqrt(sum_i v^_i)  = 2.521670  ratio= 0.020099  learning rate= 0.118383
step= 1515  sqrt(max_i m^_i^2)= 0.028379  sqrt(sum_i m^_i^2)= 0.601174  ratio= 0.047205  learning rate= 0.118383
step= 1516  sqrt(max_i v^_i)  = 0.050825  sqrt(sum_i v^_i)  = 2.521666  ratio= 0.020155  learning rate= 0.118051
step= 1516  sqrt(max_i m^_i^2)= 0.024002  sqrt(sum_i m^_i^2)= 0.602190  ratio= 0.039857  learning rate= 0.118051
step= 1517  sqrt(max_i v^_i)  = 0.050802  sqrt(sum_i v^_i)  = 2.521675  ratio= 0.020146  learning rate= 0.118102
step= 1517  sqrt(max_i m^_i^2)= 0.027375  sqrt(sum_i m^_i^2)= 0.601595  ratio= 0.045503  learning rate= 0.118102
step= 1518  sqrt(max_i v^_i)  = 0.050822  sqrt(sum_i v^_i)  = 2.521601  ratio= 0.020155  learning rate= 0.118057
step= 1518  sqrt(max_i m^_i^2)= 0.023226  sqrt(sum_i m^_i^2)= 0.600964  ratio= 0.038649  learning rate= 0.118057
step= 1519  sqrt(max_i v^_i)  = 0.050823  sqrt(sum_i v^_i)  = 2.521560  ratio= 0.020155  learning rate= 0.118055
step= 1519  sqrt(max_i m^_i^2)= 0.022479  sqrt(sum_i m^_i^2)= 0.600892  ratio= 0.037410  learning rate= 0.118055
step= 1520  sqrt(max_i v^_i)  = 0.050824  sqrt(sum_i v^_i)  = 2.521506  ratio= 0.020156  learning rate= 0.118052
step= 1520  sqrt(max_i m^_i^2)= 0.028025  sqrt(sum_i m^_i^2)= 0.604307  ratio= 0.046375  learning rate= 0.118052
step= 1521  sqrt(max_i v^_i)  = 0.050794  sqrt(sum_i v^_i)  = 2.521415  ratio= 0.020145  learning rate= 0.118123
step= 1521  sqrt(max_i m^_i^2)= 0.026027  sqrt(sum_i m^_i^2)= 0.602451  ratio= 0.043202  learning rate= 0.118123
step= 1522  sqrt(max_i v^_i)  = 0.050765  sqrt(sum_i v^_i)  = 2.521430  ratio= 0.020133  learning rate= 0.118190
step= 1522  sqrt(max_i m^_i^2)= 0.020908  sqrt(sum_i m^_i^2)= 0.598088  ratio= 0.034957  learning rate= 0.118190
step= 1523  sqrt(max_i v^_i)  = 0.050754  sqrt(sum_i v^_i)  = 2.521373  ratio= 0.020130  learning rate= 0.118214
step= 1523  sqrt(max_i m^_i^2)= 0.022300  sqrt(sum_i m^_i^2)= 0.597264  ratio= 0.037336  learning rate= 0.118214
step= 1524  sqrt(max_i v^_i)  = 0.050769  sqrt(sum_i v^_i)  = 2.521349  ratio= 0.020136  learning rate= 0.118179
step= 1524  sqrt(max_i m^_i^2)= 0.026211  sqrt(sum_i m^_i^2)= 0.591069  ratio= 0.044346  learning rate= 0.118179
step= 1525  sqrt(max_i v^_i)  = 0.050753  sqrt(sum_i v^_i)  = 2.521287  ratio= 0.020130  learning rate= 0.118217
step= 1525  sqrt(max_i m^_i^2)= 0.030011  sqrt(sum_i m^_i^2)= 0.592534  ratio= 0.050649  learning rate= 0.118217
step= 1526  sqrt(max_i v^_i)  = 0.050754  sqrt(sum_i v^_i)  = 2.521233  ratio= 0.020131  learning rate= 0.118215
step= 1526  sqrt(max_i m^_i^2)= 0.023192  sqrt(sum_i m^_i^2)= 0.589078  ratio= 0.039369  learning rate= 0.118215
step= 1527  sqrt(max_i v^_i)  = 0.050760  sqrt(sum_i v^_i)  = 2.521194  ratio= 0.020133  learning rate= 0.118201
step= 1527  sqrt(max_i m^_i^2)= 0.027505  sqrt(sum_i m^_i^2)= 0.588235  ratio= 0.046758  learning rate= 0.118201
step= 1528  sqrt(max_i v^_i)  = 0.050728  sqrt(sum_i v^_i)  = 2.521143  ratio= 0.020121  learning rate= 0.118276
step= 1528  sqrt(max_i m^_i^2)= 0.026450  sqrt(sum_i m^_i^2)= 0.591071  ratio= 0.044749  learning rate= 0.118276
step= 1529  sqrt(max_i v^_i)  = 0.050806  sqrt(sum_i v^_i)  = 2.521151  ratio= 0.020152  learning rate= 0.118094
step= 1529  sqrt(max_i m^_i^2)= 0.024305  sqrt(sum_i m^_i^2)= 0.592672  ratio= 0.041009  learning rate= 0.118094
step= 1530  sqrt(max_i v^_i)  = 0.050800  sqrt(sum_i v^_i)  = 2.521050  ratio= 0.020150  learning rate= 0.118109
step= 1530  sqrt(max_i m^_i^2)= 0.025811  sqrt(sum_i m^_i^2)= 0.589464  ratio= 0.043787  learning rate= 0.118109
step= 1531  sqrt(max_i v^_i)  = 0.050769  sqrt(sum_i v^_i)  = 2.520986  ratio= 0.020139  learning rate= 0.118179
step= 1531  sqrt(max_i m^_i^2)= 0.028809  sqrt(sum_i m^_i^2)= 0.591444  ratio= 0.048709  learning rate= 0.118179
step= 1532  sqrt(max_i v^_i)  = 0.050775  sqrt(sum_i v^_i)  = 2.520946  ratio= 0.020141  learning rate= 0.118166
step= 1532  sqrt(max_i m^_i^2)= 0.024286  sqrt(sum_i m^_i^2)= 0.588829  ratio= 0.041244  learning rate= 0.118166
step= 1533  sqrt(max_i v^_i)  = 0.050743  sqrt(sum_i v^_i)  = 2.520891  ratio= 0.020129  learning rate= 0.118241
step= 1533  sqrt(max_i m^_i^2)= 0.020342  sqrt(sum_i m^_i^2)= 0.589069  ratio= 0.034533  learning rate= 0.118241
step= 1534  sqrt(max_i v^_i)  = 0.050713  sqrt(sum_i v^_i)  = 2.520835  ratio= 0.020117  learning rate= 0.118312
step= 1534  sqrt(max_i m^_i^2)= 0.027831  sqrt(sum_i m^_i^2)= 0.593775  ratio= 0.046872  learning rate= 0.118312
step= 1535  sqrt(max_i v^_i)  = 0.050750  sqrt(sum_i v^_i)  = 2.520831  ratio= 0.020132  learning rate= 0.118224
step= 1535  sqrt(max_i m^_i^2)= 0.028065  sqrt(sum_i m^_i^2)= 0.598699  ratio= 0.046877  learning rate= 0.118224
step= 1536  sqrt(max_i v^_i)  = 0.050721  sqrt(sum_i v^_i)  = 2.520777  ratio= 0.020121  learning rate= 0.118292
step= 1536  sqrt(max_i m^_i^2)= 0.021480  sqrt(sum_i m^_i^2)= 0.598130  ratio= 0.035911  learning rate= 0.118292
step= 1537  sqrt(max_i v^_i)  = 0.050689  sqrt(sum_i v^_i)  = 2.520769  ratio= 0.020109  learning rate= 0.118366
step= 1537  sqrt(max_i m^_i^2)= 0.025695  sqrt(sum_i m^_i^2)= 0.598265  ratio= 0.042949  learning rate= 0.118366
step= 1538  sqrt(max_i v^_i)  = 0.050665  sqrt(sum_i v^_i)  = 2.520707  ratio= 0.020100  learning rate= 0.118422
step= 1538  sqrt(max_i m^_i^2)= 0.024229  sqrt(sum_i m^_i^2)= 0.601120  ratio= 0.040307  learning rate= 0.118422
step= 1539  sqrt(max_i v^_i)  = 0.050639  sqrt(sum_i v^_i)  = 2.520659  ratio= 0.020090  learning rate= 0.118482
step= 1539  sqrt(max_i m^_i^2)= 0.025943  sqrt(sum_i m^_i^2)= 0.598059  ratio= 0.043379  learning rate= 0.118482
step= 1540  sqrt(max_i v^_i)  = 0.050628  sqrt(sum_i v^_i)  = 2.520570  ratio= 0.020086  learning rate= 0.118510
step= 1540  sqrt(max_i m^_i^2)= 0.025566  sqrt(sum_i m^_i^2)= 0.597776  ratio= 0.042768  learning rate= 0.118510
step= 1541  sqrt(max_i v^_i)  = 0.050596  sqrt(sum_i v^_i)  = 2.520520  ratio= 0.020073  learning rate= 0.118585
step= 1541  sqrt(max_i m^_i^2)= 0.024255  sqrt(sum_i m^_i^2)= 0.595213  ratio= 0.040751  learning rate= 0.118585
step= 1542  sqrt(max_i v^_i)  = 0.050576  sqrt(sum_i v^_i)  = 2.520495  ratio= 0.020066  learning rate= 0.118632
step= 1542  sqrt(max_i m^_i^2)= 0.020163  sqrt(sum_i m^_i^2)= 0.594937  ratio= 0.033891  learning rate= 0.118632
step= 1543  sqrt(max_i v^_i)  = 0.050586  sqrt(sum_i v^_i)  = 2.520440  ratio= 0.020070  learning rate= 0.118608
step= 1543  sqrt(max_i m^_i^2)= 0.019795  sqrt(sum_i m^_i^2)= 0.595534  ratio= 0.033239  learning rate= 0.118608
step= 1544  sqrt(max_i v^_i)  = 0.050555  sqrt(sum_i v^_i)  = 2.520361  ratio= 0.020059  learning rate= 0.118681
step= 1544  sqrt(max_i m^_i^2)= 0.020754  sqrt(sum_i m^_i^2)= 0.593194  ratio= 0.034987  learning rate= 0.118681
step= 1545  sqrt(max_i v^_i)  = 0.050567  sqrt(sum_i v^_i)  = 2.520298  ratio= 0.020064  learning rate= 0.118652
step= 1545  sqrt(max_i m^_i^2)= 0.026521  sqrt(sum_i m^_i^2)= 0.599260  ratio= 0.044257  learning rate= 0.118652
step= 1546  sqrt(max_i v^_i)  = 0.050706  sqrt(sum_i v^_i)  = 2.520331  ratio= 0.020119  learning rate= 0.118327
step= 1546  sqrt(max_i m^_i^2)= 0.023561  sqrt(sum_i m^_i^2)= 0.603294  ratio= 0.039053  learning rate= 0.118327
step= 1547  sqrt(max_i v^_i)  = 0.050693  sqrt(sum_i v^_i)  = 2.520257  ratio= 0.020114  learning rate= 0.118358
step= 1547  sqrt(max_i m^_i^2)= 0.022230  sqrt(sum_i m^_i^2)= 0.597616  ratio= 0.037198  learning rate= 0.118358
step= 1548  sqrt(max_i v^_i)  = 0.050690  sqrt(sum_i v^_i)  = 2.520229  ratio= 0.020113  learning rate= 0.118364
step= 1548  sqrt(max_i m^_i^2)= 0.020923  sqrt(sum_i m^_i^2)= 0.600540  ratio= 0.034840  learning rate= 0.118364
step= 1549  sqrt(max_i v^_i)  = 0.050663  sqrt(sum_i v^_i)  = 2.520181  ratio= 0.020103  learning rate= 0.118428
step= 1549  sqrt(max_i m^_i^2)= 0.021317  sqrt(sum_i m^_i^2)= 0.599738  ratio= 0.035545  learning rate= 0.118428
step= 1550  sqrt(max_i v^_i)  = 0.050632  sqrt(sum_i v^_i)  = 2.520139  ratio= 0.020091  learning rate= 0.118501
step= 1550  sqrt(max_i m^_i^2)= 0.022345  sqrt(sum_i m^_i^2)= 0.600592  ratio= 0.037205  learning rate= 0.118501
step= 1551  sqrt(max_i v^_i)  = 0.050599  sqrt(sum_i v^_i)  = 2.520096  ratio= 0.020078  learning rate= 0.118576
step= 1551  sqrt(max_i m^_i^2)= 0.020969  sqrt(sum_i m^_i^2)= 0.598518  ratio= 0.035035  learning rate= 0.118576
step= 1552  sqrt(max_i v^_i)  = 0.050642  sqrt(sum_i v^_i)  = 2.520053  ratio= 0.020096  learning rate= 0.118475
step= 1552  sqrt(max_i m^_i^2)= 0.024585  sqrt(sum_i m^_i^2)= 0.598829  ratio= 0.041055  learning rate= 0.118475
step= 1553  sqrt(max_i v^_i)  = 0.050615  sqrt(sum_i v^_i)  = 2.520047  ratio= 0.020085  learning rate= 0.118540
step= 1553  sqrt(max_i m^_i^2)= 0.033664  sqrt(sum_i m^_i^2)= 0.601645  ratio= 0.055953  learning rate= 0.118540
step= 1554  sqrt(max_i v^_i)  = 0.050588  sqrt(sum_i v^_i)  = 2.520012  ratio= 0.020074  learning rate= 0.118604
step= 1554  sqrt(max_i m^_i^2)= 0.025046  sqrt(sum_i m^_i^2)= 0.600585  ratio= 0.041704  learning rate= 0.118604
step= 1555  sqrt(max_i v^_i)  = 0.050560  sqrt(sum_i v^_i)  = 2.519986  ratio= 0.020064  learning rate= 0.118668
step= 1555  sqrt(max_i m^_i^2)= 0.027636  sqrt(sum_i m^_i^2)= 0.603274  ratio= 0.045810  learning rate= 0.118668
step= 1556  sqrt(max_i v^_i)  = 0.050536  sqrt(sum_i v^_i)  = 2.519909  ratio= 0.020055  learning rate= 0.118725
step= 1556  sqrt(max_i m^_i^2)= 0.026724  sqrt(sum_i m^_i^2)= 0.603757  ratio= 0.044263  learning rate= 0.118725
step= 1557  sqrt(max_i v^_i)  = 0.050572  sqrt(sum_i v^_i)  = 2.519877  ratio= 0.020069  learning rate= 0.118639
step= 1557  sqrt(max_i m^_i^2)= 0.025328  sqrt(sum_i m^_i^2)= 0.601948  ratio= 0.042077  learning rate= 0.118639
step= 1558  sqrt(max_i v^_i)  = 0.050541  sqrt(sum_i v^_i)  = 2.519875  ratio= 0.020057  learning rate= 0.118712
step= 1558  sqrt(max_i m^_i^2)= 0.019878  sqrt(sum_i m^_i^2)= 0.600424  ratio= 0.033106  learning rate= 0.118712
step= 1559  sqrt(max_i v^_i)  = 0.050585  sqrt(sum_i v^_i)  = 2.519835  ratio= 0.020075  learning rate= 0.118611
step= 1559  sqrt(max_i m^_i^2)= 0.023740  sqrt(sum_i m^_i^2)= 0.597989  ratio= 0.039700  learning rate= 0.118611
step= 1560  sqrt(max_i v^_i)  = 0.050554  sqrt(sum_i v^_i)  = 2.519800  ratio= 0.020063  learning rate= 0.118683
step= 1560  sqrt(max_i m^_i^2)= 0.021884  sqrt(sum_i m^_i^2)= 0.594171  ratio= 0.036831  learning rate= 0.118683
step= 1561  sqrt(max_i v^_i)  = 0.050551  sqrt(sum_i v^_i)  = 2.519679  ratio= 0.020062  learning rate= 0.118690
step= 1561  sqrt(max_i m^_i^2)= 0.021295  sqrt(sum_i m^_i^2)= 0.593607  ratio= 0.035874  learning rate= 0.118690
step= 1562  sqrt(max_i v^_i)  = 0.050549  sqrt(sum_i v^_i)  = 2.519658  ratio= 0.020062  learning rate= 0.118695
step= 1562  sqrt(max_i m^_i^2)= 0.027553  sqrt(sum_i m^_i^2)= 0.596030  ratio= 0.046227  learning rate= 0.118695
step= 1563  sqrt(max_i v^_i)  = 0.050524  sqrt(sum_i v^_i)  = 2.519669  ratio= 0.020052  learning rate= 0.118754
step= 1563  sqrt(max_i m^_i^2)= 0.027675  sqrt(sum_i m^_i^2)= 0.597557  ratio= 0.046314  learning rate= 0.118754
step= 1564  sqrt(max_i v^_i)  = 0.050495  sqrt(sum_i v^_i)  = 2.519525  ratio= 0.020041  learning rate= 0.118822
step= 1564  sqrt(max_i m^_i^2)= 0.027315  sqrt(sum_i m^_i^2)= 0.593696  ratio= 0.046008  learning rate= 0.118822
step= 1565  sqrt(max_i v^_i)  = 0.050517  sqrt(sum_i v^_i)  = 2.519545  ratio= 0.020050  learning rate= 0.118769
step= 1565  sqrt(max_i m^_i^2)= 0.019949  sqrt(sum_i m^_i^2)= 0.589417  ratio= 0.033846  learning rate= 0.118769
step= 1566  sqrt(max_i v^_i)  = 0.050496  sqrt(sum_i v^_i)  = 2.519520  ratio= 0.020042  learning rate= 0.118820
step= 1566  sqrt(max_i m^_i^2)= 0.024444  sqrt(sum_i m^_i^2)= 0.591209  ratio= 0.041347  learning rate= 0.118820
step= 1567  sqrt(max_i v^_i)  = 0.050764  sqrt(sum_i v^_i)  = 2.519473  ratio= 0.020149  learning rate= 0.118192
step= 1567  sqrt(max_i m^_i^2)= 0.028582  sqrt(sum_i m^_i^2)= 0.593478  ratio= 0.048160  learning rate= 0.118192
step= 1568  sqrt(max_i v^_i)  = 0.050733  sqrt(sum_i v^_i)  = 2.519414  ratio= 0.020137  learning rate= 0.118263
step= 1568  sqrt(max_i m^_i^2)= 0.024728  sqrt(sum_i m^_i^2)= 0.592307  ratio= 0.041749  learning rate= 0.118263
step= 1569  sqrt(max_i v^_i)  = 0.050758  sqrt(sum_i v^_i)  = 2.519417  ratio= 0.020147  learning rate= 0.118205
step= 1569  sqrt(max_i m^_i^2)= 0.029026  sqrt(sum_i m^_i^2)= 0.593912  ratio= 0.048873  learning rate= 0.118205
step= 1570  sqrt(max_i v^_i)  = 0.050727  sqrt(sum_i v^_i)  = 2.519394  ratio= 0.020135  learning rate= 0.118277
step= 1570  sqrt(max_i m^_i^2)= 0.027070  sqrt(sum_i m^_i^2)= 0.595808  ratio= 0.045433  learning rate= 0.118277
step= 1571  sqrt(max_i v^_i)  = 0.050706  sqrt(sum_i v^_i)  = 2.519372  ratio= 0.020126  learning rate= 0.118327
step= 1571  sqrt(max_i m^_i^2)= 0.028032  sqrt(sum_i m^_i^2)= 0.596367  ratio= 0.047005  learning rate= 0.118327
step= 1572  sqrt(max_i v^_i)  = 0.050693  sqrt(sum_i v^_i)  = 2.519348  ratio= 0.020121  learning rate= 0.118358
step= 1572  sqrt(max_i m^_i^2)= 0.024635  sqrt(sum_i m^_i^2)= 0.598484  ratio= 0.041162  learning rate= 0.118358
step= 1573  sqrt(max_i v^_i)  = 0.050662  sqrt(sum_i v^_i)  = 2.519306  ratio= 0.020109  learning rate= 0.118430
step= 1573  sqrt(max_i m^_i^2)= 0.024207  sqrt(sum_i m^_i^2)= 0.597397  ratio= 0.040522  learning rate= 0.118430
step= 1574  sqrt(max_i v^_i)  = 0.050635  sqrt(sum_i v^_i)  = 2.519236  ratio= 0.020099  learning rate= 0.118494
step= 1574  sqrt(max_i m^_i^2)= 0.027868  sqrt(sum_i m^_i^2)= 0.593791  ratio= 0.046932  learning rate= 0.118494
step= 1575  sqrt(max_i v^_i)  = 0.050613  sqrt(sum_i v^_i)  = 2.519211  ratio= 0.020091  learning rate= 0.118544
step= 1575  sqrt(max_i m^_i^2)= 0.034075  sqrt(sum_i m^_i^2)= 0.598385  ratio= 0.056944  learning rate= 0.118544
step= 1576  sqrt(max_i v^_i)  = 0.050810  sqrt(sum_i v^_i)  = 2.519182  ratio= 0.020169  learning rate= 0.118085
step= 1576  sqrt(max_i m^_i^2)= 0.029028  sqrt(sum_i m^_i^2)= 0.598278  ratio= 0.048519  learning rate= 0.118085
step= 1577  sqrt(max_i v^_i)  = 0.050783  sqrt(sum_i v^_i)  = 2.519147  ratio= 0.020159  learning rate= 0.118148
step= 1577  sqrt(max_i m^_i^2)= 0.028041  sqrt(sum_i m^_i^2)= 0.596835  ratio= 0.046983  learning rate= 0.118148
step= 1578  sqrt(max_i v^_i)  = 0.051014  sqrt(sum_i v^_i)  = 2.519141  ratio= 0.020251  learning rate= 0.117612
step= 1578  sqrt(max_i m^_i^2)= 0.024023  sqrt(sum_i m^_i^2)= 0.595019  ratio= 0.040373  learning rate= 0.117612
step= 1579  sqrt(max_i v^_i)  = 0.051011  sqrt(sum_i v^_i)  = 2.519172  ratio= 0.020249  learning rate= 0.117619
step= 1579  sqrt(max_i m^_i^2)= 0.024961  sqrt(sum_i m^_i^2)= 0.596169  ratio= 0.041869  learning rate= 0.117619
step= 1580  sqrt(max_i v^_i)  = 0.050990  sqrt(sum_i v^_i)  = 2.519100  ratio= 0.020241  learning rate= 0.117668
step= 1580  sqrt(max_i m^_i^2)= 0.030823  sqrt(sum_i m^_i^2)= 0.594588  ratio= 0.051840  learning rate= 0.117668
step= 1581  sqrt(max_i v^_i)  = 0.050963  sqrt(sum_i v^_i)  = 2.519091  ratio= 0.020231  learning rate= 0.117731
step= 1581  sqrt(max_i m^_i^2)= 0.035128  sqrt(sum_i m^_i^2)= 0.595548  ratio= 0.058985  learning rate= 0.117731
step= 1582  sqrt(max_i v^_i)  = 0.050941  sqrt(sum_i v^_i)  = 2.519079  ratio= 0.020222  learning rate= 0.117781
step= 1582  sqrt(max_i m^_i^2)= 0.029294  sqrt(sum_i m^_i^2)= 0.597329  ratio= 0.049042  learning rate= 0.117781
step= 1583  sqrt(max_i v^_i)  = 0.050910  sqrt(sum_i v^_i)  = 2.519043  ratio= 0.020210  learning rate= 0.117852
step= 1583  sqrt(max_i m^_i^2)= 0.026956  sqrt(sum_i m^_i^2)= 0.596503  ratio= 0.045190  learning rate= 0.117852
step= 1584  sqrt(max_i v^_i)  = 0.051020  sqrt(sum_i v^_i)  = 2.518991  ratio= 0.020254  learning rate= 0.117600
step= 1584  sqrt(max_i m^_i^2)= 0.030278  sqrt(sum_i m^_i^2)= 0.593430  ratio= 0.051023  learning rate= 0.117600
step= 1585  sqrt(max_i v^_i)  = 0.051017  sqrt(sum_i v^_i)  = 2.518991  ratio= 0.020253  learning rate= 0.117606
step= 1585  sqrt(max_i m^_i^2)= 0.022969  sqrt(sum_i m^_i^2)= 0.595594  ratio= 0.038564  learning rate= 0.117606
step= 1586  sqrt(max_i v^_i)  = 0.050985  sqrt(sum_i v^_i)  = 2.518887  ratio= 0.020241  learning rate= 0.117680
step= 1586  sqrt(max_i m^_i^2)= 0.023383  sqrt(sum_i m^_i^2)= 0.591614  ratio= 0.039524  learning rate= 0.117680
step= 1587  sqrt(max_i v^_i)  = 0.051010  sqrt(sum_i v^_i)  = 2.518848  ratio= 0.020251  learning rate= 0.117621
step= 1587  sqrt(max_i m^_i^2)= 0.025378  sqrt(sum_i m^_i^2)= 0.597579  ratio= 0.042468  learning rate= 0.117621
step= 1588  sqrt(max_i v^_i)  = 0.050983  sqrt(sum_i v^_i)  = 2.518790  ratio= 0.020241  learning rate= 0.117684
step= 1588  sqrt(max_i m^_i^2)= 0.032205  sqrt(sum_i m^_i^2)= 0.594811  ratio= 0.054144  learning rate= 0.117684
step= 1589  sqrt(max_i v^_i)  = 0.050993  sqrt(sum_i v^_i)  = 2.518728  ratio= 0.020246  learning rate= 0.117661
step= 1589  sqrt(max_i m^_i^2)= 0.031554  sqrt(sum_i m^_i^2)= 0.593457  ratio= 0.053169  learning rate= 0.117661
step= 1590  sqrt(max_i v^_i)  = 0.050962  sqrt(sum_i v^_i)  = 2.518722  ratio= 0.020233  learning rate= 0.117732
step= 1590  sqrt(max_i m^_i^2)= 0.026112  sqrt(sum_i m^_i^2)= 0.591947  ratio= 0.044113  learning rate= 0.117732
step= 1591  sqrt(max_i v^_i)  = 0.050959  sqrt(sum_i v^_i)  = 2.518646  ratio= 0.020233  learning rate= 0.117740
step= 1591  sqrt(max_i m^_i^2)= 0.028011  sqrt(sum_i m^_i^2)= 0.592487  ratio= 0.047278  learning rate= 0.117740
step= 1592  sqrt(max_i v^_i)  = 0.050928  sqrt(sum_i v^_i)  = 2.518617  ratio= 0.020221  learning rate= 0.117811
step= 1592  sqrt(max_i m^_i^2)= 0.030691  sqrt(sum_i m^_i^2)= 0.599168  ratio= 0.051223  learning rate= 0.117811
step= 1593  sqrt(max_i v^_i)  = 0.050971  sqrt(sum_i v^_i)  = 2.518586  ratio= 0.020238  learning rate= 0.117712
step= 1593  sqrt(max_i m^_i^2)= 0.033103  sqrt(sum_i m^_i^2)= 0.597422  ratio= 0.055409  learning rate= 0.117712
step= 1594  sqrt(max_i v^_i)  = 0.050939  sqrt(sum_i v^_i)  = 2.518529  ratio= 0.020226  learning rate= 0.117786
step= 1594  sqrt(max_i m^_i^2)= 0.034749  sqrt(sum_i m^_i^2)= 0.594258  ratio= 0.058475  learning rate= 0.117786
step= 1595  sqrt(max_i v^_i)  = 0.050912  sqrt(sum_i v^_i)  = 2.518475  ratio= 0.020215  learning rate= 0.117849
step= 1595  sqrt(max_i m^_i^2)= 0.033113  sqrt(sum_i m^_i^2)= 0.592177  ratio= 0.055917  learning rate= 0.117849
step= 1596  sqrt(max_i v^_i)  = 0.050898  sqrt(sum_i v^_i)  = 2.518410  ratio= 0.020211  learning rate= 0.117879
step= 1596  sqrt(max_i m^_i^2)= 0.034440  sqrt(sum_i m^_i^2)= 0.593184  ratio= 0.058060  learning rate= 0.117879
step= 1597  sqrt(max_i v^_i)  = 0.050924  sqrt(sum_i v^_i)  = 2.518416  ratio= 0.020221  learning rate= 0.117821
step= 1597  sqrt(max_i m^_i^2)= 0.030605  sqrt(sum_i m^_i^2)= 0.594169  ratio= 0.051509  learning rate= 0.117821
step= 1598  sqrt(max_i v^_i)  = 0.050910  sqrt(sum_i v^_i)  = 2.518441  ratio= 0.020215  learning rate= 0.117852
step= 1598  sqrt(max_i m^_i^2)= 0.029382  sqrt(sum_i m^_i^2)= 0.598891  ratio= 0.049061  learning rate= 0.117852
step= 1599  sqrt(max_i v^_i)  = 0.050907  sqrt(sum_i v^_i)  = 2.518335  ratio= 0.020215  learning rate= 0.117860
step= 1599  sqrt(max_i m^_i^2)= 0.037020  sqrt(sum_i m^_i^2)= 0.593887  ratio= 0.062335  learning rate= 0.117860
step= 1600  sqrt(max_i v^_i)  = 0.051043  sqrt(sum_i v^_i)  = 2.518296  ratio= 0.020269  learning rate= 0.117546
step= 1600  sqrt(max_i m^_i^2)= 0.042922  sqrt(sum_i m^_i^2)= 0.598771  ratio= 0.071684  learning rate= 0.117546
step= 1601  sqrt(max_i v^_i)  = 0.051015  sqrt(sum_i v^_i)  = 2.518243  ratio= 0.020258  learning rate= 0.117610
step= 1601  sqrt(max_i m^_i^2)= 0.039496  sqrt(sum_i m^_i^2)= 0.596763  ratio= 0.066184  learning rate= 0.117610
step= 1602  sqrt(max_i v^_i)  = 0.050988  sqrt(sum_i v^_i)  = 2.518207  ratio= 0.020248  learning rate= 0.117673
step= 1602  sqrt(max_i m^_i^2)= 0.030588  sqrt(sum_i m^_i^2)= 0.599956  ratio= 0.050983  learning rate= 0.117673
step= 1603  sqrt(max_i v^_i)  = 0.050985  sqrt(sum_i v^_i)  = 2.518208  ratio= 0.020246  learning rate= 0.117680
step= 1603  sqrt(max_i m^_i^2)= 0.031347  sqrt(sum_i m^_i^2)= 0.594689  ratio= 0.052712  learning rate= 0.117680
step= 1604  sqrt(max_i v^_i)  = 0.050957  sqrt(sum_i v^_i)  = 2.518195  ratio= 0.020236  learning rate= 0.117744
step= 1604  sqrt(max_i m^_i^2)= 0.028415  sqrt(sum_i m^_i^2)= 0.597569  ratio= 0.047551  learning rate= 0.117744
step= 1605  sqrt(max_i v^_i)  = 0.050935  sqrt(sum_i v^_i)  = 2.518146  ratio= 0.020227  learning rate= 0.117794
step= 1605  sqrt(max_i m^_i^2)= 0.032354  sqrt(sum_i m^_i^2)= 0.597585  ratio= 0.054142  learning rate= 0.117794
step= 1606  sqrt(max_i v^_i)  = 0.051019  sqrt(sum_i v^_i)  = 2.518072  ratio= 0.020261  learning rate= 0.117602
step= 1606  sqrt(max_i m^_i^2)= 0.035810  sqrt(sum_i m^_i^2)= 0.594350  ratio= 0.060250  learning rate= 0.117602
step= 1607  sqrt(max_i v^_i)  = 0.050988  sqrt(sum_i v^_i)  = 2.517991  ratio= 0.020249  learning rate= 0.117672
step= 1607  sqrt(max_i m^_i^2)= 0.036978  sqrt(sum_i m^_i^2)= 0.589115  ratio= 0.062769  learning rate= 0.117672
step= 1608  sqrt(max_i v^_i)  = 0.050985  sqrt(sum_i v^_i)  = 2.517969  ratio= 0.020249  learning rate= 0.117679
step= 1608  sqrt(max_i m^_i^2)= 0.033175  sqrt(sum_i m^_i^2)= 0.595697  ratio= 0.055690  learning rate= 0.117679
step= 1609  sqrt(max_i v^_i)  = 0.050955  sqrt(sum_i v^_i)  = 2.517983  ratio= 0.020236  learning rate= 0.117749
step= 1609  sqrt(max_i m^_i^2)= 0.026839  sqrt(sum_i m^_i^2)= 0.594582  ratio= 0.045139  learning rate= 0.117749
step= 1610  sqrt(max_i v^_i)  = 0.050941  sqrt(sum_i v^_i)  = 2.517945  ratio= 0.020231  learning rate= 0.117781
step= 1610  sqrt(max_i m^_i^2)= 0.022108  sqrt(sum_i m^_i^2)= 0.592598  ratio= 0.037306  learning rate= 0.117781
step= 1611  sqrt(max_i v^_i)  = 0.050928  sqrt(sum_i v^_i)  = 2.517930  ratio= 0.020226  learning rate= 0.117812
step= 1611  sqrt(max_i m^_i^2)= 0.023674  sqrt(sum_i m^_i^2)= 0.593247  ratio= 0.039907  learning rate= 0.117812
step= 1612  sqrt(max_i v^_i)  = 0.050896  sqrt(sum_i v^_i)  = 2.517853  ratio= 0.020214  learning rate= 0.117886
step= 1612  sqrt(max_i m^_i^2)= 0.024114  sqrt(sum_i m^_i^2)= 0.593606  ratio= 0.040622  learning rate= 0.117886
step= 1613  sqrt(max_i v^_i)  = 0.050864  sqrt(sum_i v^_i)  = 2.517810  ratio= 0.020202  learning rate= 0.117959
step= 1613  sqrt(max_i m^_i^2)= 0.023207  sqrt(sum_i m^_i^2)= 0.592725  ratio= 0.039152  learning rate= 0.117959
step= 1614  sqrt(max_i v^_i)  = 0.050837  sqrt(sum_i v^_i)  = 2.517762  ratio= 0.020191  learning rate= 0.118023
step= 1614  sqrt(max_i m^_i^2)= 0.026070  sqrt(sum_i m^_i^2)= 0.593299  ratio= 0.043941  learning rate= 0.118023
step= 1615  sqrt(max_i v^_i)  = 0.050824  sqrt(sum_i v^_i)  = 2.517732  ratio= 0.020186  learning rate= 0.118053
step= 1615  sqrt(max_i m^_i^2)= 0.029618  sqrt(sum_i m^_i^2)= 0.591753  ratio= 0.050051  learning rate= 0.118053
step= 1616  sqrt(max_i v^_i)  = 0.050834  sqrt(sum_i v^_i)  = 2.517735  ratio= 0.020190  learning rate= 0.118029
step= 1616  sqrt(max_i m^_i^2)= 0.031840  sqrt(sum_i m^_i^2)= 0.591842  ratio= 0.053798  learning rate= 0.118029
step= 1617  sqrt(max_i v^_i)  = 0.050807  sqrt(sum_i v^_i)  = 2.517792  ratio= 0.020179  learning rate= 0.118092
step= 1617  sqrt(max_i m^_i^2)= 0.037723  sqrt(sum_i m^_i^2)= 0.595542  ratio= 0.063342  learning rate= 0.118092
step= 1618  sqrt(max_i v^_i)  = 0.050804  sqrt(sum_i v^_i)  = 2.517730  ratio= 0.020178  learning rate= 0.118099
step= 1618  sqrt(max_i m^_i^2)= 0.029425  sqrt(sum_i m^_i^2)= 0.597452  ratio= 0.049251  learning rate= 0.118099
step= 1619  sqrt(max_i v^_i)  = 0.050777  sqrt(sum_i v^_i)  = 2.517698  ratio= 0.020168  learning rate= 0.118162
step= 1619  sqrt(max_i m^_i^2)= 0.023867  sqrt(sum_i m^_i^2)= 0.596289  ratio= 0.040026  learning rate= 0.118162
step= 1620  sqrt(max_i v^_i)  = 0.050820  sqrt(sum_i v^_i)  = 2.517677  ratio= 0.020185  learning rate= 0.118062
step= 1620  sqrt(max_i m^_i^2)= 0.026571  sqrt(sum_i m^_i^2)= 0.593233  ratio= 0.044790  learning rate= 0.118062
step= 1621  sqrt(max_i v^_i)  = 0.050788  sqrt(sum_i v^_i)  = 2.517736  ratio= 0.020172  learning rate= 0.118136
step= 1621  sqrt(max_i m^_i^2)= 0.023179  sqrt(sum_i m^_i^2)= 0.595531  ratio= 0.038921  learning rate= 0.118136
step= 1622  sqrt(max_i v^_i)  = 0.050767  sqrt(sum_i v^_i)  = 2.517677  ratio= 0.020164  learning rate= 0.118186
step= 1622  sqrt(max_i m^_i^2)= 0.023414  sqrt(sum_i m^_i^2)= 0.597546  ratio= 0.039184  learning rate= 0.118186
step= 1623  sqrt(max_i v^_i)  = 0.050764  sqrt(sum_i v^_i)  = 2.517670  ratio= 0.020163  learning rate= 0.118193
step= 1623  sqrt(max_i m^_i^2)= 0.024371  sqrt(sum_i m^_i^2)= 0.599528  ratio= 0.040651  learning rate= 0.118193
step= 1624  sqrt(max_i v^_i)  = 0.050733  sqrt(sum_i v^_i)  = 2.517640  ratio= 0.020151  learning rate= 0.118264
step= 1624  sqrt(max_i m^_i^2)= 0.028145  sqrt(sum_i m^_i^2)= 0.596371  ratio= 0.047194  learning rate= 0.118264
step= 1625  sqrt(max_i v^_i)  = 0.050775  sqrt(sum_i v^_i)  = 2.517582  ratio= 0.020168  learning rate= 0.118166
step= 1625  sqrt(max_i m^_i^2)= 0.026707  sqrt(sum_i m^_i^2)= 0.598480  ratio= 0.044625  learning rate= 0.118166
step= 1626  sqrt(max_i v^_i)  = 0.050762  sqrt(sum_i v^_i)  = 2.517523  ratio= 0.020164  learning rate= 0.118196
step= 1626  sqrt(max_i m^_i^2)= 0.031871  sqrt(sum_i m^_i^2)= 0.599840  ratio= 0.053133  learning rate= 0.118196
step= 1627  sqrt(max_i v^_i)  = 0.050749  sqrt(sum_i v^_i)  = 2.517530  ratio= 0.020158  learning rate= 0.118226
step= 1627  sqrt(max_i m^_i^2)= 0.039599  sqrt(sum_i m^_i^2)= 0.603688  ratio= 0.065595  learning rate= 0.118226
step= 1628  sqrt(max_i v^_i)  = 0.050722  sqrt(sum_i v^_i)  = 2.517454  ratio= 0.020148  learning rate= 0.118289
step= 1628  sqrt(max_i m^_i^2)= 0.028107  sqrt(sum_i m^_i^2)= 0.596915  ratio= 0.047088  learning rate= 0.118289
step= 1629  sqrt(max_i v^_i)  = 0.050709  sqrt(sum_i v^_i)  = 2.517483  ratio= 0.020143  learning rate= 0.118319
step= 1629  sqrt(max_i m^_i^2)= 0.032328  sqrt(sum_i m^_i^2)= 0.593467  ratio= 0.054473  learning rate= 0.118319
step= 1630  sqrt(max_i v^_i)  = 0.050697  sqrt(sum_i v^_i)  = 2.517492  ratio= 0.020138  learning rate= 0.118349
step= 1630  sqrt(max_i m^_i^2)= 0.030552  sqrt(sum_i m^_i^2)= 0.595981  ratio= 0.051264  learning rate= 0.118349
step= 1631  sqrt(max_i v^_i)  = 0.050675  sqrt(sum_i v^_i)  = 2.517396  ratio= 0.020130  learning rate= 0.118399
step= 1631  sqrt(max_i m^_i^2)= 0.024131  sqrt(sum_i m^_i^2)= 0.588209  ratio= 0.041024  learning rate= 0.118399
step= 1632  sqrt(max_i v^_i)  = 0.050644  sqrt(sum_i v^_i)  = 2.517335  ratio= 0.020118  learning rate= 0.118472
step= 1632  sqrt(max_i m^_i^2)= 0.020207  sqrt(sum_i m^_i^2)= 0.588121  ratio= 0.034359  learning rate= 0.118472
step= 1633  sqrt(max_i v^_i)  = 0.050729  sqrt(sum_i v^_i)  = 2.517318  ratio= 0.020152  learning rate= 0.118274
step= 1633  sqrt(max_i m^_i^2)= 0.020185  sqrt(sum_i m^_i^2)= 0.587627  ratio= 0.034350  learning rate= 0.118274
step= 1634  sqrt(max_i v^_i)  = 0.050697  sqrt(sum_i v^_i)  = 2.517314  ratio= 0.020139  learning rate= 0.118347
step= 1634  sqrt(max_i m^_i^2)= 0.025529  sqrt(sum_i m^_i^2)= 0.593803  ratio= 0.042993  learning rate= 0.118347
step= 1635  sqrt(max_i v^_i)  = 0.050759  sqrt(sum_i v^_i)  = 2.517280  ratio= 0.020164  learning rate= 0.118204
step= 1635  sqrt(max_i m^_i^2)= 0.026706  sqrt(sum_i m^_i^2)= 0.591773  ratio= 0.045129  learning rate= 0.118204
step= 1636  sqrt(max_i v^_i)  = 0.050732  sqrt(sum_i v^_i)  = 2.517223  ratio= 0.020154  learning rate= 0.118267
step= 1636  sqrt(max_i m^_i^2)= 0.023882  sqrt(sum_i m^_i^2)= 0.590589  ratio= 0.040437  learning rate= 0.118267
step= 1637  sqrt(max_i v^_i)  = 0.050741  sqrt(sum_i v^_i)  = 2.517172  ratio= 0.020158  learning rate= 0.118244
step= 1637  sqrt(max_i m^_i^2)= 0.024253  sqrt(sum_i m^_i^2)= 0.592949  ratio= 0.040901  learning rate= 0.118244
step= 1638  sqrt(max_i v^_i)  = 0.050729  sqrt(sum_i v^_i)  = 2.517165  ratio= 0.020153  learning rate= 0.118274
step= 1638  sqrt(max_i m^_i^2)= 0.025370  sqrt(sum_i m^_i^2)= 0.590708  ratio= 0.042949  learning rate= 0.118274
step= 1639  sqrt(max_i v^_i)  = 0.050753  sqrt(sum_i v^_i)  = 2.517130  ratio= 0.020163  learning rate= 0.118217
step= 1639  sqrt(max_i m^_i^2)= 0.025545  sqrt(sum_i m^_i^2)= 0.589274  ratio= 0.043349  learning rate= 0.118217
step= 1640  sqrt(max_i v^_i)  = 0.050723  sqrt(sum_i v^_i)  = 2.517066  ratio= 0.020152  learning rate= 0.118287
step= 1640  sqrt(max_i m^_i^2)= 0.025701  sqrt(sum_i m^_i^2)= 0.589149  ratio= 0.043625  learning rate= 0.118287
step= 1641  sqrt(max_i v^_i)  = 0.050720  sqrt(sum_i v^_i)  = 2.517020  ratio= 0.020151  learning rate= 0.118294
step= 1641  sqrt(max_i m^_i^2)= 0.020988  sqrt(sum_i m^_i^2)= 0.593543  ratio= 0.035361  learning rate= 0.118294
step= 1642  sqrt(max_i v^_i)  = 0.050693  sqrt(sum_i v^_i)  = 2.517037  ratio= 0.020140  learning rate= 0.118357
step= 1642  sqrt(max_i m^_i^2)= 0.022694  sqrt(sum_i m^_i^2)= 0.596076  ratio= 0.038072  learning rate= 0.118357
step= 1643  sqrt(max_i v^_i)  = 0.050718  sqrt(sum_i v^_i)  = 2.517039  ratio= 0.020150  learning rate= 0.118298
step= 1643  sqrt(max_i m^_i^2)= 0.023752  sqrt(sum_i m^_i^2)= 0.594631  ratio= 0.039945  learning rate= 0.118298
step= 1644  sqrt(max_i v^_i)  = 0.050698  sqrt(sum_i v^_i)  = 2.516998  ratio= 0.020142  learning rate= 0.118347
step= 1644  sqrt(max_i m^_i^2)= 0.021133  sqrt(sum_i m^_i^2)= 0.597502  ratio= 0.035369  learning rate= 0.118347
step= 1645  sqrt(max_i v^_i)  = 0.050722  sqrt(sum_i v^_i)  = 2.516948  ratio= 0.020152  learning rate= 0.118289
step= 1645  sqrt(max_i m^_i^2)= 0.023744  sqrt(sum_i m^_i^2)= 0.597820  ratio= 0.039717  learning rate= 0.118289
step= 1646  sqrt(max_i v^_i)  = 0.050719  sqrt(sum_i v^_i)  = 2.516853  ratio= 0.020152  learning rate= 0.118296
step= 1646  sqrt(max_i m^_i^2)= 0.022121  sqrt(sum_i m^_i^2)= 0.592899  ratio= 0.037310  learning rate= 0.118296
step= 1647  sqrt(max_i v^_i)  = 0.050689  sqrt(sum_i v^_i)  = 2.516832  ratio= 0.020140  learning rate= 0.118367
step= 1647  sqrt(max_i m^_i^2)= 0.023092  sqrt(sum_i m^_i^2)= 0.594999  ratio= 0.038809  learning rate= 0.118367
step= 1648  sqrt(max_i v^_i)  = 0.050714  sqrt(sum_i v^_i)  = 2.516810  ratio= 0.020150  learning rate= 0.118309
step= 1648  sqrt(max_i m^_i^2)= 0.025397  sqrt(sum_i m^_i^2)= 0.598628  ratio= 0.042425  learning rate= 0.118309
step= 1649  sqrt(max_i v^_i)  = 0.050683  sqrt(sum_i v^_i)  = 2.516736  ratio= 0.020138  learning rate= 0.118380
step= 1649  sqrt(max_i m^_i^2)= 0.026156  sqrt(sum_i m^_i^2)= 0.599675  ratio= 0.043616  learning rate= 0.118380
step= 1650  sqrt(max_i v^_i)  = 0.050708  sqrt(sum_i v^_i)  = 2.516628  ratio= 0.020149  learning rate= 0.118323
step= 1650  sqrt(max_i m^_i^2)= 0.029104  sqrt(sum_i m^_i^2)= 0.598130  ratio= 0.048658  learning rate= 0.118323
step= 1651  sqrt(max_i v^_i)  = 0.050678  sqrt(sum_i v^_i)  = 2.516575  ratio= 0.020138  learning rate= 0.118393
step= 1651  sqrt(max_i m^_i^2)= 0.025511  sqrt(sum_i m^_i^2)= 0.603030  ratio= 0.042305  learning rate= 0.118393
step= 1652  sqrt(max_i v^_i)  = 0.050675  sqrt(sum_i v^_i)  = 2.516561  ratio= 0.020137  learning rate= 0.118398
step= 1652  sqrt(max_i m^_i^2)= 0.020501  sqrt(sum_i m^_i^2)= 0.603602  ratio= 0.033964  learning rate= 0.118398
step= 1653  sqrt(max_i v^_i)  = 0.050645  sqrt(sum_i v^_i)  = 2.516521  ratio= 0.020125  learning rate= 0.118469
step= 1653  sqrt(max_i m^_i^2)= 0.019066  sqrt(sum_i m^_i^2)= 0.602447  ratio= 0.031648  learning rate= 0.118469
step= 1654  sqrt(max_i v^_i)  = 0.050707  sqrt(sum_i v^_i)  = 2.516395  ratio= 0.020150  learning rate= 0.118326
step= 1654  sqrt(max_i m^_i^2)= 0.021428  sqrt(sum_i m^_i^2)= 0.601317  ratio= 0.035636  learning rate= 0.118326
step= 1655  sqrt(max_i v^_i)  = 0.050717  sqrt(sum_i v^_i)  = 2.516387  ratio= 0.020155  learning rate= 0.118301
step= 1655  sqrt(max_i m^_i^2)= 0.024525  sqrt(sum_i m^_i^2)= 0.599346  ratio= 0.040920  learning rate= 0.118301
step= 1656  sqrt(max_i v^_i)  = 0.050704  sqrt(sum_i v^_i)  = 2.516367  ratio= 0.020150  learning rate= 0.118331
step= 1656  sqrt(max_i m^_i^2)= 0.023098  sqrt(sum_i m^_i^2)= 0.601426  ratio= 0.038405  learning rate= 0.118331
step= 1657  sqrt(max_i v^_i)  = 0.050677  sqrt(sum_i v^_i)  = 2.516273  ratio= 0.020140  learning rate= 0.118394
step= 1657  sqrt(max_i m^_i^2)= 0.021506  sqrt(sum_i m^_i^2)= 0.595710  ratio= 0.036101  learning rate= 0.118394
step= 1658  sqrt(max_i v^_i)  = 0.050740  sqrt(sum_i v^_i)  = 2.516211  ratio= 0.020165  learning rate= 0.118249
step= 1658  sqrt(max_i m^_i^2)= 0.020129  sqrt(sum_i m^_i^2)= 0.594708  ratio= 0.033847  learning rate= 0.118249
step= 1659  sqrt(max_i v^_i)  = 0.050737  sqrt(sum_i v^_i)  = 2.516139  ratio= 0.020164  learning rate= 0.118255
step= 1659  sqrt(max_i m^_i^2)= 0.024643  sqrt(sum_i m^_i^2)= 0.593852  ratio= 0.041497  learning rate= 0.118255
step= 1660  sqrt(max_i v^_i)  = 0.050706  sqrt(sum_i v^_i)  = 2.516094  ratio= 0.020153  learning rate= 0.118326
step= 1660  sqrt(max_i m^_i^2)= 0.026443  sqrt(sum_i m^_i^2)= 0.590397  ratio= 0.044789  learning rate= 0.118326
step= 1661  sqrt(max_i v^_i)  = 0.050749  sqrt(sum_i v^_i)  = 2.516124  ratio= 0.020170  learning rate= 0.118227
step= 1661  sqrt(max_i m^_i^2)= 0.028063  sqrt(sum_i m^_i^2)= 0.595740  ratio= 0.047106  learning rate= 0.118227
step= 1662  sqrt(max_i v^_i)  = 0.050728  sqrt(sum_i v^_i)  = 2.516094  ratio= 0.020161  learning rate= 0.118275
step= 1662  sqrt(max_i m^_i^2)= 0.024920  sqrt(sum_i m^_i^2)= 0.595530  ratio= 0.041845  learning rate= 0.118275
step= 1663  sqrt(max_i v^_i)  = 0.050726  sqrt(sum_i v^_i)  = 2.516063  ratio= 0.020161  learning rate= 0.118281
step= 1663  sqrt(max_i m^_i^2)= 0.023775  sqrt(sum_i m^_i^2)= 0.595187  ratio= 0.039945  learning rate= 0.118281
step= 1664  sqrt(max_i v^_i)  = 0.050834  sqrt(sum_i v^_i)  = 2.516034  ratio= 0.020204  learning rate= 0.118029
step= 1664  sqrt(max_i m^_i^2)= 0.024204  sqrt(sum_i m^_i^2)= 0.591520  ratio= 0.040919  learning rate= 0.118029
step= 1665  sqrt(max_i v^_i)  = 0.050803  sqrt(sum_i v^_i)  = 2.515997  ratio= 0.020192  learning rate= 0.118100
step= 1665  sqrt(max_i m^_i^2)= 0.027268  sqrt(sum_i m^_i^2)= 0.590911  ratio= 0.046146  learning rate= 0.118100
step= 1666  sqrt(max_i v^_i)  = 0.050800  sqrt(sum_i v^_i)  = 2.515955  ratio= 0.020191  learning rate= 0.118107
step= 1666  sqrt(max_i m^_i^2)= 0.020287  sqrt(sum_i m^_i^2)= 0.589580  ratio= 0.034408  learning rate= 0.118107
step= 1667  sqrt(max_i v^_i)  = 0.050774  sqrt(sum_i v^_i)  = 2.515869  ratio= 0.020181  learning rate= 0.118169
step= 1667  sqrt(max_i m^_i^2)= 0.022618  sqrt(sum_i m^_i^2)= 0.585651  ratio= 0.038620  learning rate= 0.118169
step= 1668  sqrt(max_i v^_i)  = 0.050747  sqrt(sum_i v^_i)  = 2.515778  ratio= 0.020172  learning rate= 0.118231
step= 1668  sqrt(max_i m^_i^2)= 0.021624  sqrt(sum_i m^_i^2)= 0.582435  ratio= 0.037126  learning rate= 0.118231
step= 1669  sqrt(max_i v^_i)  = 0.050745  sqrt(sum_i v^_i)  = 2.515698  ratio= 0.020171  learning rate= 0.118237
step= 1669  sqrt(max_i m^_i^2)= 0.019767  sqrt(sum_i m^_i^2)= 0.582748  ratio= 0.033920  learning rate= 0.118237
step= 1670  sqrt(max_i v^_i)  = 0.050715  sqrt(sum_i v^_i)  = 2.515690  ratio= 0.020159  learning rate= 0.118307
step= 1670  sqrt(max_i m^_i^2)= 0.022828  sqrt(sum_i m^_i^2)= 0.583949  ratio= 0.039092  learning rate= 0.118307
step= 1671  sqrt(max_i v^_i)  = 0.050688  sqrt(sum_i v^_i)  = 2.515633  ratio= 0.020149  learning rate= 0.118369
step= 1671  sqrt(max_i m^_i^2)= 0.022769  sqrt(sum_i m^_i^2)= 0.584827  ratio= 0.038933  learning rate= 0.118369
step= 1672  sqrt(max_i v^_i)  = 0.050675  sqrt(sum_i v^_i)  = 2.515577  ratio= 0.020145  learning rate= 0.118398
step= 1672  sqrt(max_i m^_i^2)= 0.022679  sqrt(sum_i m^_i^2)= 0.586019  ratio= 0.038700  learning rate= 0.118398
step= 1673  sqrt(max_i v^_i)  = 0.050759  sqrt(sum_i v^_i)  = 2.515533  ratio= 0.020178  learning rate= 0.118203
step= 1673  sqrt(max_i m^_i^2)= 0.024261  sqrt(sum_i m^_i^2)= 0.589227  ratio= 0.041175  learning rate= 0.118203
step= 1674  sqrt(max_i v^_i)  = 0.050756  sqrt(sum_i v^_i)  = 2.515469  ratio= 0.020178  learning rate= 0.118210
step= 1674  sqrt(max_i m^_i^2)= 0.025201  sqrt(sum_i m^_i^2)= 0.584747  ratio= 0.043097  learning rate= 0.118210
step= 1675  sqrt(max_i v^_i)  = 0.050726  sqrt(sum_i v^_i)  = 2.515398  ratio= 0.020166  learning rate= 0.118280
step= 1675  sqrt(max_i m^_i^2)= 0.024127  sqrt(sum_i m^_i^2)= 0.584549  ratio= 0.041275  learning rate= 0.118280
step= 1676  sqrt(max_i v^_i)  = 0.050751  sqrt(sum_i v^_i)  = 2.515388  ratio= 0.020176  learning rate= 0.118221
step= 1676  sqrt(max_i m^_i^2)= 0.024132  sqrt(sum_i m^_i^2)= 0.588208  ratio= 0.041026  learning rate= 0.118221
step= 1677  sqrt(max_i v^_i)  = 0.050813  sqrt(sum_i v^_i)  = 2.515440  ratio= 0.020200  learning rate= 0.118077
step= 1677  sqrt(max_i m^_i^2)= 0.026531  sqrt(sum_i m^_i^2)= 0.592167  ratio= 0.044804  learning rate= 0.118077
step= 1678  sqrt(max_i v^_i)  = 0.050782  sqrt(sum_i v^_i)  = 2.515421  ratio= 0.020188  learning rate= 0.118150
step= 1678  sqrt(max_i m^_i^2)= 0.023902  sqrt(sum_i m^_i^2)= 0.589181  ratio= 0.040569  learning rate= 0.118150
step= 1679  sqrt(max_i v^_i)  = 0.050751  sqrt(sum_i v^_i)  = 2.515404  ratio= 0.020176  learning rate= 0.118223
step= 1679  sqrt(max_i m^_i^2)= 0.023076  sqrt(sum_i m^_i^2)= 0.593193  ratio= 0.038902  learning rate= 0.118223
step= 1680  sqrt(max_i v^_i)  = 0.050748  sqrt(sum_i v^_i)  = 2.515343  ratio= 0.020175  learning rate= 0.118230
step= 1680  sqrt(max_i m^_i^2)= 0.021722  sqrt(sum_i m^_i^2)= 0.587552  ratio= 0.036970  learning rate= 0.118230
step= 1681  sqrt(max_i v^_i)  = 0.050772  sqrt(sum_i v^_i)  = 2.515273  ratio= 0.020185  learning rate= 0.118173
step= 1681  sqrt(max_i m^_i^2)= 0.026663  sqrt(sum_i m^_i^2)= 0.586358  ratio= 0.045472  learning rate= 0.118173
step= 1682  sqrt(max_i v^_i)  = 0.050759  sqrt(sum_i v^_i)  = 2.515237  ratio= 0.020181  learning rate= 0.118204
step= 1682  sqrt(max_i m^_i^2)= 0.023343  sqrt(sum_i m^_i^2)= 0.588594  ratio= 0.039658  learning rate= 0.118204
step= 1683  sqrt(max_i v^_i)  = 0.050866  sqrt(sum_i v^_i)  = 2.515232  ratio= 0.020223  learning rate= 0.117954
step= 1683  sqrt(max_i m^_i^2)= 0.022978  sqrt(sum_i m^_i^2)= 0.591692  ratio= 0.038835  learning rate= 0.117954
step= 1684  sqrt(max_i v^_i)  = 0.050876  sqrt(sum_i v^_i)  = 2.515183  ratio= 0.020228  learning rate= 0.117931
step= 1684  sqrt(max_i m^_i^2)= 0.026327  sqrt(sum_i m^_i^2)= 0.591889  ratio= 0.044479  learning rate= 0.117931
step= 1685  sqrt(max_i v^_i)  = 0.050855  sqrt(sum_i v^_i)  = 2.515136  ratio= 0.020220  learning rate= 0.117980
step= 1685  sqrt(max_i m^_i^2)= 0.023694  sqrt(sum_i m^_i^2)= 0.596151  ratio= 0.039745  learning rate= 0.117980
step= 1686  sqrt(max_i v^_i)  = 0.050879  sqrt(sum_i v^_i)  = 2.515025  ratio= 0.020230  learning rate= 0.117924
step= 1686  sqrt(max_i m^_i^2)= 0.023654  sqrt(sum_i m^_i^2)= 0.592660  ratio= 0.039912  learning rate= 0.117924
step= 1687  sqrt(max_i v^_i)  = 0.051011  sqrt(sum_i v^_i)  = 2.515031  ratio= 0.020282  learning rate= 0.117620
step= 1687  sqrt(max_i m^_i^2)= 0.023434  sqrt(sum_i m^_i^2)= 0.601421  ratio= 0.038965  learning rate= 0.117620
step= 1688  sqrt(max_i v^_i)  = 0.051008  sqrt(sum_i v^_i)  = 2.514997  ratio= 0.020282  learning rate= 0.117626
step= 1688  sqrt(max_i m^_i^2)= 0.025686  sqrt(sum_i m^_i^2)= 0.597296  ratio= 0.043003  learning rate= 0.117626
step= 1689  sqrt(max_i v^_i)  = 0.050977  sqrt(sum_i v^_i)  = 2.515022  ratio= 0.020269  learning rate= 0.117698
step= 1689  sqrt(max_i m^_i^2)= 0.030168  sqrt(sum_i m^_i^2)= 0.604770  ratio= 0.049884  learning rate= 0.117698
step= 1690  sqrt(max_i v^_i)  = 0.050956  sqrt(sum_i v^_i)  = 2.514981  ratio= 0.020261  learning rate= 0.117746
step= 1690  sqrt(max_i m^_i^2)= 0.025773  sqrt(sum_i m^_i^2)= 0.601718  ratio= 0.042832  learning rate= 0.117746
step= 1691  sqrt(max_i v^_i)  = 0.050926  sqrt(sum_i v^_i)  = 2.514929  ratio= 0.020249  learning rate= 0.117816
step= 1691  sqrt(max_i m^_i^2)= 0.031246  sqrt(sum_i m^_i^2)= 0.602206  ratio= 0.051885  learning rate= 0.117816
step= 1692  sqrt(max_i v^_i)  = 0.050936  sqrt(sum_i v^_i)  = 2.514926  ratio= 0.020253  learning rate= 0.117793
step= 1692  sqrt(max_i m^_i^2)= 0.028856  sqrt(sum_i m^_i^2)= 0.602068  ratio= 0.047929  learning rate= 0.117793
step= 1693  sqrt(max_i v^_i)  = 0.050906  sqrt(sum_i v^_i)  = 2.514958  ratio= 0.020241  learning rate= 0.117863
step= 1693  sqrt(max_i m^_i^2)= 0.031560  sqrt(sum_i m^_i^2)= 0.604710  ratio= 0.052191  learning rate= 0.117863
step= 1694  sqrt(max_i v^_i)  = 0.050876  sqrt(sum_i v^_i)  = 2.514891  ratio= 0.020230  learning rate= 0.117932
step= 1694  sqrt(max_i m^_i^2)= 0.033994  sqrt(sum_i m^_i^2)= 0.600835  ratio= 0.056578  learning rate= 0.117932
step= 1695  sqrt(max_i v^_i)  = 0.050846  sqrt(sum_i v^_i)  = 2.514805  ratio= 0.020219  learning rate= 0.118002
step= 1695  sqrt(max_i m^_i^2)= 0.027446  sqrt(sum_i m^_i^2)= 0.592812  ratio= 0.046298  learning rate= 0.118002
step= 1696  sqrt(max_i v^_i)  = 0.050816  sqrt(sum_i v^_i)  = 2.514740  ratio= 0.020207  learning rate= 0.118071
step= 1696  sqrt(max_i m^_i^2)= 0.027378  sqrt(sum_i m^_i^2)= 0.594689  ratio= 0.046037  learning rate= 0.118071
step= 1697  sqrt(max_i v^_i)  = 0.050786  sqrt(sum_i v^_i)  = 2.514743  ratio= 0.020195  learning rate= 0.118141
step= 1697  sqrt(max_i m^_i^2)= 0.029258  sqrt(sum_i m^_i^2)= 0.602859  ratio= 0.048533  learning rate= 0.118141
step= 1698  sqrt(max_i v^_i)  = 0.050795  sqrt(sum_i v^_i)  = 2.514786  ratio= 0.020199  learning rate= 0.118119
step= 1698  sqrt(max_i m^_i^2)= 0.032863  sqrt(sum_i m^_i^2)= 0.601073  ratio= 0.054674  learning rate= 0.118119
step= 1699  sqrt(max_i v^_i)  = 0.050765  sqrt(sum_i v^_i)  = 2.514720  ratio= 0.020187  learning rate= 0.118189
step= 1699  sqrt(max_i m^_i^2)= 0.033371  sqrt(sum_i m^_i^2)= 0.600079  ratio= 0.055612  learning rate= 0.118189
step= 1700  sqrt(max_i v^_i)  = 0.050794  sqrt(sum_i v^_i)  = 2.514621  ratio= 0.020200  learning rate= 0.118122
step= 1700  sqrt(max_i m^_i^2)= 0.027070  sqrt(sum_i m^_i^2)= 0.600156  ratio= 0.045104  learning rate= 0.118122
step= 1701  sqrt(max_i v^_i)  = 0.050773  sqrt(sum_i v^_i)  = 2.514588  ratio= 0.020191  learning rate= 0.118171
step= 1701  sqrt(max_i m^_i^2)= 0.030099  sqrt(sum_i m^_i^2)= 0.590522  ratio= 0.050970  learning rate= 0.118171
step= 1702  sqrt(max_i v^_i)  = 0.050783  sqrt(sum_i v^_i)  = 2.514659  ratio= 0.020195  learning rate= 0.118147
step= 1702  sqrt(max_i m^_i^2)= 0.026029  sqrt(sum_i m^_i^2)= 0.593683  ratio= 0.043844  learning rate= 0.118147
step= 1703  sqrt(max_i v^_i)  = 0.050753  sqrt(sum_i v^_i)  = 2.514564  ratio= 0.020184  learning rate= 0.118216
step= 1703  sqrt(max_i m^_i^2)= 0.028492  sqrt(sum_i m^_i^2)= 0.594093  ratio= 0.047958  learning rate= 0.118216
step= 1704  sqrt(max_i v^_i)  = 0.050741  sqrt(sum_i v^_i)  = 2.514585  ratio= 0.020179  learning rate= 0.118246
step= 1704  sqrt(max_i m^_i^2)= 0.027819  sqrt(sum_i m^_i^2)= 0.594281  ratio= 0.046811  learning rate= 0.118246
step= 1705  sqrt(max_i v^_i)  = 0.050711  sqrt(sum_i v^_i)  = 2.514575  ratio= 0.020167  learning rate= 0.118316
step= 1705  sqrt(max_i m^_i^2)= 0.027213  sqrt(sum_i m^_i^2)= 0.595966  ratio= 0.045662  learning rate= 0.118316
step= 1706  sqrt(max_i v^_i)  = 0.050736  sqrt(sum_i v^_i)  = 2.514488  ratio= 0.020177  learning rate= 0.118257
step= 1706  sqrt(max_i m^_i^2)= 0.026668  sqrt(sum_i m^_i^2)= 0.592852  ratio= 0.044983  learning rate= 0.118257
step= 1707  sqrt(max_i v^_i)  = 0.050706  sqrt(sum_i v^_i)  = 2.514466  ratio= 0.020166  learning rate= 0.118327
step= 1707  sqrt(max_i m^_i^2)= 0.025074  sqrt(sum_i m^_i^2)= 0.596059  ratio= 0.042067  learning rate= 0.118327
step= 1708  sqrt(max_i v^_i)  = 0.050675  sqrt(sum_i v^_i)  = 2.514412  ratio= 0.020154  learning rate= 0.118399
step= 1708  sqrt(max_i m^_i^2)= 0.024349  sqrt(sum_i m^_i^2)= 0.596964  ratio= 0.040788  learning rate= 0.118399
step= 1709  sqrt(max_i v^_i)  = 0.050685  sqrt(sum_i v^_i)  = 2.514400  ratio= 0.020158  learning rate= 0.118377
step= 1709  sqrt(max_i m^_i^2)= 0.023784  sqrt(sum_i m^_i^2)= 0.596953  ratio= 0.039842  learning rate= 0.118377
step= 1710  sqrt(max_i v^_i)  = 0.050658  sqrt(sum_i v^_i)  = 2.514375  ratio= 0.020148  learning rate= 0.118438
step= 1710  sqrt(max_i m^_i^2)= 0.026618  sqrt(sum_i m^_i^2)= 0.597144  ratio= 0.044575  learning rate= 0.118438
step= 1711  sqrt(max_i v^_i)  = 0.050638  sqrt(sum_i v^_i)  = 2.514320  ratio= 0.020140  learning rate= 0.118486
step= 1711  sqrt(max_i m^_i^2)= 0.022769  sqrt(sum_i m^_i^2)= 0.594065  ratio= 0.038328  learning rate= 0.118486
step= 1712  sqrt(max_i v^_i)  = 0.050663  sqrt(sum_i v^_i)  = 2.514238  ratio= 0.020150  learning rate= 0.118427
step= 1712  sqrt(max_i m^_i^2)= 0.021414  sqrt(sum_i m^_i^2)= 0.590425  ratio= 0.036268  learning rate= 0.118427
step= 1713  sqrt(max_i v^_i)  = 0.050723  sqrt(sum_i v^_i)  = 2.514263  ratio= 0.020174  learning rate= 0.118286
step= 1713  sqrt(max_i m^_i^2)= 0.024888  sqrt(sum_i m^_i^2)= 0.592636  ratio= 0.041995  learning rate= 0.118286
step= 1714  sqrt(max_i v^_i)  = 0.050733  sqrt(sum_i v^_i)  = 2.514175  ratio= 0.020179  learning rate= 0.118264
step= 1714  sqrt(max_i m^_i^2)= 0.024338  sqrt(sum_i m^_i^2)= 0.585877  ratio= 0.041542  learning rate= 0.118264
step= 1715  sqrt(max_i v^_i)  = 0.050703  sqrt(sum_i v^_i)  = 2.514201  ratio= 0.020167  learning rate= 0.118333
step= 1715  sqrt(max_i m^_i^2)= 0.025738  sqrt(sum_i m^_i^2)= 0.590379  ratio= 0.043596  learning rate= 0.118333
step= 1716  sqrt(max_i v^_i)  = 0.050672  sqrt(sum_i v^_i)  = 2.514162  ratio= 0.020155  learning rate= 0.118406
step= 1716  sqrt(max_i m^_i^2)= 0.023554  sqrt(sum_i m^_i^2)= 0.591861  ratio= 0.039796  learning rate= 0.118406
step= 1717  sqrt(max_i v^_i)  = 0.050646  sqrt(sum_i v^_i)  = 2.514152  ratio= 0.020144  learning rate= 0.118467
step= 1717  sqrt(max_i m^_i^2)= 0.021880  sqrt(sum_i m^_i^2)= 0.588752  ratio= 0.037163  learning rate= 0.118467
step= 1718  sqrt(max_i v^_i)  = 0.050633  sqrt(sum_i v^_i)  = 2.514102  ratio= 0.020140  learning rate= 0.118497
step= 1718  sqrt(max_i m^_i^2)= 0.025960  sqrt(sum_i m^_i^2)= 0.588317  ratio= 0.044127  learning rate= 0.118497
step= 1719  sqrt(max_i v^_i)  = 0.050675  sqrt(sum_i v^_i)  = 2.514097  ratio= 0.020157  learning rate= 0.118398
step= 1719  sqrt(max_i m^_i^2)= 0.021607  sqrt(sum_i m^_i^2)= 0.588607  ratio= 0.036709  learning rate= 0.118398
step= 1720  sqrt(max_i v^_i)  = 0.050646  sqrt(sum_i v^_i)  = 2.514073  ratio= 0.020145  learning rate= 0.118468
step= 1720  sqrt(max_i m^_i^2)= 0.023875  sqrt(sum_i m^_i^2)= 0.592429  ratio= 0.040300  learning rate= 0.118468
step= 1721  sqrt(max_i v^_i)  = 0.050655  sqrt(sum_i v^_i)  = 2.513951  ratio= 0.020150  learning rate= 0.118445
step= 1721  sqrt(max_i m^_i^2)= 0.022493  sqrt(sum_i m^_i^2)= 0.586880  ratio= 0.038327  learning rate= 0.118445
step= 1722  sqrt(max_i v^_i)  = 0.050635  sqrt(sum_i v^_i)  = 2.513900  ratio= 0.020142  learning rate= 0.118494
step= 1722  sqrt(max_i m^_i^2)= 0.021173  sqrt(sum_i m^_i^2)= 0.587651  ratio= 0.036030  learning rate= 0.118494
step= 1723  sqrt(max_i v^_i)  = 0.050614  sqrt(sum_i v^_i)  = 2.513881  ratio= 0.020134  learning rate= 0.118542
step= 1723  sqrt(max_i m^_i^2)= 0.026340  sqrt(sum_i m^_i^2)= 0.591579  ratio= 0.044524  learning rate= 0.118542
step= 1724  sqrt(max_i v^_i)  = 0.050583  sqrt(sum_i v^_i)  = 2.513830  ratio= 0.020122  learning rate= 0.118614
step= 1724  sqrt(max_i m^_i^2)= 0.024291  sqrt(sum_i m^_i^2)= 0.591498  ratio= 0.041067  learning rate= 0.118614
step= 1725  sqrt(max_i v^_i)  = 0.050554  sqrt(sum_i v^_i)  = 2.513824  ratio= 0.020110  learning rate= 0.118683
step= 1725  sqrt(max_i m^_i^2)= 0.026074  sqrt(sum_i m^_i^2)= 0.592642  ratio= 0.043995  learning rate= 0.118683
step= 1726  sqrt(max_i v^_i)  = 0.050533  sqrt(sum_i v^_i)  = 2.513804  ratio= 0.020102  learning rate= 0.118731
step= 1726  sqrt(max_i m^_i^2)= 0.027373  sqrt(sum_i m^_i^2)= 0.593197  ratio= 0.046145  learning rate= 0.118731
step= 1727  sqrt(max_i v^_i)  = 0.050504  sqrt(sum_i v^_i)  = 2.513760  ratio= 0.020091  learning rate= 0.118801
step= 1727  sqrt(max_i m^_i^2)= 0.024204  sqrt(sum_i m^_i^2)= 0.595451  ratio= 0.040648  learning rate= 0.118801
step= 1728  sqrt(max_i v^_i)  = 0.050483  sqrt(sum_i v^_i)  = 2.513662  ratio= 0.020083  learning rate= 0.118850
step= 1728  sqrt(max_i m^_i^2)= 0.021533  sqrt(sum_i m^_i^2)= 0.591800  ratio= 0.036386  learning rate= 0.118850
step= 1729  sqrt(max_i v^_i)  = 0.050457  sqrt(sum_i v^_i)  = 2.513601  ratio= 0.020074  learning rate= 0.118911
step= 1729  sqrt(max_i m^_i^2)= 0.022043  sqrt(sum_i m^_i^2)= 0.588716  ratio= 0.037442  learning rate= 0.118911
step= 1730  sqrt(max_i v^_i)  = 0.050482  sqrt(sum_i v^_i)  = 2.513606  ratio= 0.020084  learning rate= 0.118851
step= 1730  sqrt(max_i m^_i^2)= 0.022619  sqrt(sum_i m^_i^2)= 0.589068  ratio= 0.038397  learning rate= 0.118851
step= 1731  sqrt(max_i v^_i)  = 0.050453  sqrt(sum_i v^_i)  = 2.513593  ratio= 0.020072  learning rate= 0.118921
step= 1731  sqrt(max_i m^_i^2)= 0.025923  sqrt(sum_i m^_i^2)= 0.589149  ratio= 0.044000  learning rate= 0.118921
step= 1732  sqrt(max_i v^_i)  = 0.050450  sqrt(sum_i v^_i)  = 2.513521  ratio= 0.020072  learning rate= 0.118927
step= 1732  sqrt(max_i m^_i^2)= 0.022991  sqrt(sum_i m^_i^2)= 0.590167  ratio= 0.038957  learning rate= 0.118927
step= 1733  sqrt(max_i v^_i)  = 0.050438  sqrt(sum_i v^_i)  = 2.513524  ratio= 0.020067  learning rate= 0.118956
step= 1733  sqrt(max_i m^_i^2)= 0.026599  sqrt(sum_i m^_i^2)= 0.591750  ratio= 0.044950  learning rate= 0.118956
step= 1734  sqrt(max_i v^_i)  = 0.050427  sqrt(sum_i v^_i)  = 2.513488  ratio= 0.020062  learning rate= 0.118982
step= 1734  sqrt(max_i m^_i^2)= 0.026949  sqrt(sum_i m^_i^2)= 0.592481  ratio= 0.045486  learning rate= 0.118982
step= 1735  sqrt(max_i v^_i)  = 0.050406  sqrt(sum_i v^_i)  = 2.513501  ratio= 0.020054  learning rate= 0.119031
step= 1735  sqrt(max_i m^_i^2)= 0.027265  sqrt(sum_i m^_i^2)= 0.595978  ratio= 0.045748  learning rate= 0.119031
step= 1736  sqrt(max_i v^_i)  = 0.050377  sqrt(sum_i v^_i)  = 2.513452  ratio= 0.020043  learning rate= 0.119100
step= 1736  sqrt(max_i m^_i^2)= 0.030359  sqrt(sum_i m^_i^2)= 0.594109  ratio= 0.051101  learning rate= 0.119100
step= 1737  sqrt(max_i v^_i)  = 0.050411  sqrt(sum_i v^_i)  = 2.513429  ratio= 0.020057  learning rate= 0.119020
step= 1737  sqrt(max_i m^_i^2)= 0.035949  sqrt(sum_i m^_i^2)= 0.597303  ratio= 0.060185  learning rate= 0.119020
step= 1738  sqrt(max_i v^_i)  = 0.050409  sqrt(sum_i v^_i)  = 2.513373  ratio= 0.020056  learning rate= 0.119024
step= 1738  sqrt(max_i m^_i^2)= 0.038066  sqrt(sum_i m^_i^2)= 0.596269  ratio= 0.063841  learning rate= 0.119024
step= 1739  sqrt(max_i v^_i)  = 0.050383  sqrt(sum_i v^_i)  = 2.513349  ratio= 0.020046  learning rate= 0.119086
step= 1739  sqrt(max_i m^_i^2)= 0.034132  sqrt(sum_i m^_i^2)= 0.591893  ratio= 0.057666  learning rate= 0.119086
step= 1740  sqrt(max_i v^_i)  = 0.050452  sqrt(sum_i v^_i)  = 2.513315  ratio= 0.020074  learning rate= 0.118921
step= 1740  sqrt(max_i m^_i^2)= 0.030036  sqrt(sum_i m^_i^2)= 0.590300  ratio= 0.050883  learning rate= 0.118921
step= 1741  sqrt(max_i v^_i)  = 0.050513  sqrt(sum_i v^_i)  = 2.513297  ratio= 0.020098  learning rate= 0.118780
step= 1741  sqrt(max_i m^_i^2)= 0.023735  sqrt(sum_i m^_i^2)= 0.586992  ratio= 0.040435  learning rate= 0.118780
step= 1742  sqrt(max_i v^_i)  = 0.050483  sqrt(sum_i v^_i)  = 2.513262  ratio= 0.020087  learning rate= 0.118849
step= 1742  sqrt(max_i m^_i^2)= 0.031311  sqrt(sum_i m^_i^2)= 0.593286  ratio= 0.052775  learning rate= 0.118849
step= 1743  sqrt(max_i v^_i)  = 0.050491  sqrt(sum_i v^_i)  = 2.513218  ratio= 0.020090  learning rate= 0.118830
step= 1743  sqrt(max_i m^_i^2)= 0.027449  sqrt(sum_i m^_i^2)= 0.593903  ratio= 0.046218  learning rate= 0.118830
step= 1744  sqrt(max_i v^_i)  = 0.050462  sqrt(sum_i v^_i)  = 2.513199  ratio= 0.020079  learning rate= 0.118899
step= 1744  sqrt(max_i m^_i^2)= 0.023003  sqrt(sum_i m^_i^2)= 0.595974  ratio= 0.038597  learning rate= 0.118899
step= 1745  sqrt(max_i v^_i)  = 0.050542  sqrt(sum_i v^_i)  = 2.513128  ratio= 0.020111  learning rate= 0.118710
step= 1745  sqrt(max_i m^_i^2)= 0.020143  sqrt(sum_i m^_i^2)= 0.591005  ratio= 0.034083  learning rate= 0.118710
step= 1746  sqrt(max_i v^_i)  = 0.050513  sqrt(sum_i v^_i)  = 2.513112  ratio= 0.020100  learning rate= 0.118779
step= 1746  sqrt(max_i m^_i^2)= 0.021849  sqrt(sum_i m^_i^2)= 0.590573  ratio= 0.036996  learning rate= 0.118779
step= 1747  sqrt(max_i v^_i)  = 0.050523  sqrt(sum_i v^_i)  = 2.513060  ratio= 0.020104  learning rate= 0.118754
step= 1747  sqrt(max_i m^_i^2)= 0.023384  sqrt(sum_i m^_i^2)= 0.591182  ratio= 0.039554  learning rate= 0.118754
step= 1748  sqrt(max_i v^_i)  = 0.050493  sqrt(sum_i v^_i)  = 2.513040  ratio= 0.020092  learning rate= 0.118826
step= 1748  sqrt(max_i m^_i^2)= 0.023803  sqrt(sum_i m^_i^2)= 0.593810  ratio= 0.040085  learning rate= 0.118826
step= 1749  sqrt(max_i v^_i)  = 0.050463  sqrt(sum_i v^_i)  = 2.513017  ratio= 0.020081  learning rate= 0.118896
step= 1749  sqrt(max_i m^_i^2)= 0.025703  sqrt(sum_i m^_i^2)= 0.593406  ratio= 0.043314  learning rate= 0.118896
step= 1750  sqrt(max_i v^_i)  = 0.050474  sqrt(sum_i v^_i)  = 2.513006  ratio= 0.020085  learning rate= 0.118871
step= 1750  sqrt(max_i m^_i^2)= 0.024500  sqrt(sum_i m^_i^2)= 0.592882  ratio= 0.041324  learning rate= 0.118871
step= 1751  sqrt(max_i v^_i)  = 0.050484  sqrt(sum_i v^_i)  = 2.512981  ratio= 0.020089  learning rate= 0.118846
step= 1751  sqrt(max_i m^_i^2)= 0.022031  sqrt(sum_i m^_i^2)= 0.594225  ratio= 0.037075  learning rate= 0.118846
step= 1752  sqrt(max_i v^_i)  = 0.050455  sqrt(sum_i v^_i)  = 2.512970  ratio= 0.020078  learning rate= 0.118916
step= 1752  sqrt(max_i m^_i^2)= 0.022820  sqrt(sum_i m^_i^2)= 0.597186  ratio= 0.038212  learning rate= 0.118916
step= 1753  sqrt(max_i v^_i)  = 0.050429  sqrt(sum_i v^_i)  = 2.512904  ratio= 0.020068  learning rate= 0.118977
step= 1753  sqrt(max_i m^_i^2)= 0.025035  sqrt(sum_i m^_i^2)= 0.592569  ratio= 0.042248  learning rate= 0.118977
step= 1754  sqrt(max_i v^_i)  = 0.050403  sqrt(sum_i v^_i)  = 2.512963  ratio= 0.020057  learning rate= 0.119039
step= 1754  sqrt(max_i m^_i^2)= 0.026606  sqrt(sum_i m^_i^2)= 0.597799  ratio= 0.044506  learning rate= 0.119039
step= 1755  sqrt(max_i v^_i)  = 0.050400  sqrt(sum_i v^_i)  = 2.512986  ratio= 0.020056  learning rate= 0.119045
step= 1755  sqrt(max_i m^_i^2)= 0.020747  sqrt(sum_i m^_i^2)= 0.593677  ratio= 0.034947  learning rate= 0.119045
step= 1756  sqrt(max_i v^_i)  = 0.050425  sqrt(sum_i v^_i)  = 2.512972  ratio= 0.020066  learning rate= 0.118987
step= 1756  sqrt(max_i m^_i^2)= 0.022369  sqrt(sum_i m^_i^2)= 0.595275  ratio= 0.037577  learning rate= 0.118987
step= 1757  sqrt(max_i v^_i)  = 0.050508  sqrt(sum_i v^_i)  = 2.512928  ratio= 0.020099  learning rate= 0.118792
step= 1757  sqrt(max_i m^_i^2)= 0.025383  sqrt(sum_i m^_i^2)= 0.595234  ratio= 0.042643  learning rate= 0.118792
step= 1758  sqrt(max_i v^_i)  = 0.050477  sqrt(sum_i v^_i)  = 2.512974  ratio= 0.020087  learning rate= 0.118863
step= 1758  sqrt(max_i m^_i^2)= 0.023677  sqrt(sum_i m^_i^2)= 0.596060  ratio= 0.039722  learning rate= 0.118863
step= 1759  sqrt(max_i v^_i)  = 0.050488  sqrt(sum_i v^_i)  = 2.512947  ratio= 0.020091  learning rate= 0.118839
step= 1759  sqrt(max_i m^_i^2)= 0.025232  sqrt(sum_i m^_i^2)= 0.592992  ratio= 0.042551  learning rate= 0.118839
step= 1760  sqrt(max_i v^_i)  = 0.050458  sqrt(sum_i v^_i)  = 2.512930  ratio= 0.020079  learning rate= 0.118908
step= 1760  sqrt(max_i m^_i^2)= 0.022961  sqrt(sum_i m^_i^2)= 0.592508  ratio= 0.038753  learning rate= 0.118908
step= 1761  sqrt(max_i v^_i)  = 0.050438  sqrt(sum_i v^_i)  = 2.512901  ratio= 0.020072  learning rate= 0.118956
step= 1761  sqrt(max_i m^_i^2)= 0.023046  sqrt(sum_i m^_i^2)= 0.596938  ratio= 0.038607  learning rate= 0.118956
step= 1762  sqrt(max_i v^_i)  = 0.050409  sqrt(sum_i v^_i)  = 2.512899  ratio= 0.020060  learning rate= 0.119025
step= 1762  sqrt(max_i m^_i^2)= 0.022933  sqrt(sum_i m^_i^2)= 0.594790  ratio= 0.038556  learning rate= 0.119025
step= 1763  sqrt(max_i v^_i)  = 0.050430  sqrt(sum_i v^_i)  = 2.512942  ratio= 0.020068  learning rate= 0.118973
step= 1763  sqrt(max_i m^_i^2)= 0.019507  sqrt(sum_i m^_i^2)= 0.593415  ratio= 0.032873  learning rate= 0.118973
step= 1764  sqrt(max_i v^_i)  = 0.050428  sqrt(sum_i v^_i)  = 2.512898  ratio= 0.020068  learning rate= 0.118979
step= 1764  sqrt(max_i m^_i^2)= 0.022025  sqrt(sum_i m^_i^2)= 0.596359  ratio= 0.036932  learning rate= 0.118979
step= 1765  sqrt(max_i v^_i)  = 0.050402  sqrt(sum_i v^_i)  = 2.512876  ratio= 0.020057  learning rate= 0.119041
step= 1765  sqrt(max_i m^_i^2)= 0.020784  sqrt(sum_i m^_i^2)= 0.597696  ratio= 0.034774  learning rate= 0.119041
step= 1766  sqrt(max_i v^_i)  = 0.050381  sqrt(sum_i v^_i)  = 2.512856  ratio= 0.020049  learning rate= 0.119089
step= 1766  sqrt(max_i m^_i^2)= 0.022485  sqrt(sum_i m^_i^2)= 0.600749  ratio= 0.037429  learning rate= 0.119089
step= 1767  sqrt(max_i v^_i)  = 0.050361  sqrt(sum_i v^_i)  = 2.512798  ratio= 0.020042  learning rate= 0.119136
step= 1767  sqrt(max_i m^_i^2)= 0.023356  sqrt(sum_i m^_i^2)= 0.604050  ratio= 0.038666  learning rate= 0.119136
step= 1768  sqrt(max_i v^_i)  = 0.050345  sqrt(sum_i v^_i)  = 2.512762  ratio= 0.020036  learning rate= 0.119175
step= 1768  sqrt(max_i m^_i^2)= 0.028066  sqrt(sum_i m^_i^2)= 0.604385  ratio= 0.046438  learning rate= 0.119175
step= 1769  sqrt(max_i v^_i)  = 0.050370  sqrt(sum_i v^_i)  = 2.512766  ratio= 0.020046  learning rate= 0.119117
step= 1769  sqrt(max_i m^_i^2)= 0.029866  sqrt(sum_i m^_i^2)= 0.600473  ratio= 0.049737  learning rate= 0.119117
step= 1770  sqrt(max_i v^_i)  = 0.050366  sqrt(sum_i v^_i)  = 2.512728  ratio= 0.020044  learning rate= 0.119126
step= 1770  sqrt(max_i m^_i^2)= 0.030514  sqrt(sum_i m^_i^2)= 0.601991  ratio= 0.050689  learning rate= 0.119126
step= 1771  sqrt(max_i v^_i)  = 0.050338  sqrt(sum_i v^_i)  = 2.512684  ratio= 0.020033  learning rate= 0.119193
step= 1771  sqrt(max_i m^_i^2)= 0.027214  sqrt(sum_i m^_i^2)= 0.598021  ratio= 0.045507  learning rate= 0.119193
step= 1772  sqrt(max_i v^_i)  = 0.050374  sqrt(sum_i v^_i)  = 2.512637  ratio= 0.020048  learning rate= 0.119108
step= 1772  sqrt(max_i m^_i^2)= 0.025215  sqrt(sum_i m^_i^2)= 0.594214  ratio= 0.042434  learning rate= 0.119108
step= 1773  sqrt(max_i v^_i)  = 0.050356  sqrt(sum_i v^_i)  = 2.512568  ratio= 0.020042  learning rate= 0.119150
step= 1773  sqrt(max_i m^_i^2)= 0.027075  sqrt(sum_i m^_i^2)= 0.594360  ratio= 0.045554  learning rate= 0.119150
step= 1774  sqrt(max_i v^_i)  = 0.050536  sqrt(sum_i v^_i)  = 2.512520  ratio= 0.020114  learning rate= 0.118725
step= 1774  sqrt(max_i m^_i^2)= 0.022846  sqrt(sum_i m^_i^2)= 0.598453  ratio= 0.038175  learning rate= 0.118725
step= 1775  sqrt(max_i v^_i)  = 0.050521  sqrt(sum_i v^_i)  = 2.512445  ratio= 0.020108  learning rate= 0.118761
step= 1775  sqrt(max_i m^_i^2)= 0.022923  sqrt(sum_i m^_i^2)= 0.593552  ratio= 0.038621  learning rate= 0.118761
step= 1776  sqrt(max_i v^_i)  = 0.050491  sqrt(sum_i v^_i)  = 2.512411  ratio= 0.020096  learning rate= 0.118832
step= 1776  sqrt(max_i m^_i^2)= 0.022544  sqrt(sum_i m^_i^2)= 0.590627  ratio= 0.038169  learning rate= 0.118832
step= 1777  sqrt(max_i v^_i)  = 0.050526  sqrt(sum_i v^_i)  = 2.512320  ratio= 0.020111  learning rate= 0.118748
step= 1777  sqrt(max_i m^_i^2)= 0.023397  sqrt(sum_i m^_i^2)= 0.589891  ratio= 0.039663  learning rate= 0.118748
step= 1778  sqrt(max_i v^_i)  = 0.050562  sqrt(sum_i v^_i)  = 2.512357  ratio= 0.020125  learning rate= 0.118664
step= 1778  sqrt(max_i m^_i^2)= 0.028505  sqrt(sum_i m^_i^2)= 0.588882  ratio= 0.048405  learning rate= 0.118664
step= 1779  sqrt(max_i v^_i)  = 0.050553  sqrt(sum_i v^_i)  = 2.512319  ratio= 0.020122  learning rate= 0.118686
step= 1779  sqrt(max_i m^_i^2)= 0.025822  sqrt(sum_i m^_i^2)= 0.589429  ratio= 0.043808  learning rate= 0.118686
step= 1780  sqrt(max_i v^_i)  = 0.050535  sqrt(sum_i v^_i)  = 2.512385  ratio= 0.020114  learning rate= 0.118728
step= 1780  sqrt(max_i m^_i^2)= 0.027903  sqrt(sum_i m^_i^2)= 0.594407  ratio= 0.046942  learning rate= 0.118728
step= 1781  sqrt(max_i v^_i)  = 0.050540  sqrt(sum_i v^_i)  = 2.512454  ratio= 0.020116  learning rate= 0.118715
step= 1781  sqrt(max_i m^_i^2)= 0.030309  sqrt(sum_i m^_i^2)= 0.607360  ratio= 0.049903  learning rate= 0.118715
step= 1782  sqrt(max_i v^_i)  = 0.050510  sqrt(sum_i v^_i)  = 2.512461  ratio= 0.020104  learning rate= 0.118785
step= 1782  sqrt(max_i m^_i^2)= 0.026649  sqrt(sum_i m^_i^2)= 0.598429  ratio= 0.044532  learning rate= 0.118785
step= 1783  sqrt(max_i v^_i)  = 0.050585  sqrt(sum_i v^_i)  = 2.512484  ratio= 0.020133  learning rate= 0.118610
step= 1783  sqrt(max_i m^_i^2)= 0.026153  sqrt(sum_i m^_i^2)= 0.601071  ratio= 0.043510  learning rate= 0.118610
step= 1784  sqrt(max_i v^_i)  = 0.050555  sqrt(sum_i v^_i)  = 2.512485  ratio= 0.020121  learning rate= 0.118680
step= 1784  sqrt(max_i m^_i^2)= 0.025638  sqrt(sum_i m^_i^2)= 0.602589  ratio= 0.042547  learning rate= 0.118680
step= 1785  sqrt(max_i v^_i)  = 0.050556  sqrt(sum_i v^_i)  = 2.512454  ratio= 0.020122  learning rate= 0.118677
step= 1785  sqrt(max_i m^_i^2)= 0.025796  sqrt(sum_i m^_i^2)= 0.601326  ratio= 0.042899  learning rate= 0.118677
step= 1786  sqrt(max_i v^_i)  = 0.050592  sqrt(sum_i v^_i)  = 2.512418  ratio= 0.020137  learning rate= 0.118594
step= 1786  sqrt(max_i m^_i^2)= 0.022383  sqrt(sum_i m^_i^2)= 0.598760  ratio= 0.037382  learning rate= 0.118594
step= 1787  sqrt(max_i v^_i)  = 0.050563  sqrt(sum_i v^_i)  = 2.512436  ratio= 0.020125  learning rate= 0.118660
step= 1787  sqrt(max_i m^_i^2)= 0.023542  sqrt(sum_i m^_i^2)= 0.599603  ratio= 0.039263  learning rate= 0.118660
step= 1788  sqrt(max_i v^_i)  = 0.050534  sqrt(sum_i v^_i)  = 2.512364  ratio= 0.020114  learning rate= 0.118730
step= 1788  sqrt(max_i m^_i^2)= 0.030729  sqrt(sum_i m^_i^2)= 0.590338  ratio= 0.052053  learning rate= 0.118730
step= 1789  sqrt(max_i v^_i)  = 0.050518  sqrt(sum_i v^_i)  = 2.512370  ratio= 0.020108  learning rate= 0.118766
step= 1789  sqrt(max_i m^_i^2)= 0.026434  sqrt(sum_i m^_i^2)= 0.588656  ratio= 0.044905  learning rate= 0.118766
step= 1790  sqrt(max_i v^_i)  = 0.050520  sqrt(sum_i v^_i)  = 2.512310  ratio= 0.020109  learning rate= 0.118763
step= 1790  sqrt(max_i m^_i^2)= 0.026982  sqrt(sum_i m^_i^2)= 0.590587  ratio= 0.045686  learning rate= 0.118763
step= 1791  sqrt(max_i v^_i)  = 0.050660  sqrt(sum_i v^_i)  = 2.512273  ratio= 0.020165  learning rate= 0.118435
step= 1791  sqrt(max_i m^_i^2)= 0.018668  sqrt(sum_i m^_i^2)= 0.590520  ratio= 0.031612  learning rate= 0.118435
step= 1792  sqrt(max_i v^_i)  = 0.050679  sqrt(sum_i v^_i)  = 2.512244  ratio= 0.020173  learning rate= 0.118390
step= 1792  sqrt(max_i m^_i^2)= 0.021533  sqrt(sum_i m^_i^2)= 0.584676  ratio= 0.036829  learning rate= 0.118390
step= 1793  sqrt(max_i v^_i)  = 0.050698  sqrt(sum_i v^_i)  = 2.512239  ratio= 0.020180  learning rate= 0.118345
step= 1793  sqrt(max_i m^_i^2)= 0.023010  sqrt(sum_i m^_i^2)= 0.588255  ratio= 0.039116  learning rate= 0.118345
step= 1794  sqrt(max_i v^_i)  = 0.050668  sqrt(sum_i v^_i)  = 2.512184  ratio= 0.020169  learning rate= 0.118416
step= 1794  sqrt(max_i m^_i^2)= 0.020456  sqrt(sum_i m^_i^2)= 0.587101  ratio= 0.034843  learning rate= 0.118416
step= 1795  sqrt(max_i v^_i)  = 0.050669  sqrt(sum_i v^_i)  = 2.512106  ratio= 0.020170  learning rate= 0.118413
step= 1795  sqrt(max_i m^_i^2)= 0.021235  sqrt(sum_i m^_i^2)= 0.585544  ratio= 0.036265  learning rate= 0.118413
step= 1796  sqrt(max_i v^_i)  = 0.050647  sqrt(sum_i v^_i)  = 2.512038  ratio= 0.020162  learning rate= 0.118466
step= 1796  sqrt(max_i m^_i^2)= 0.021727  sqrt(sum_i m^_i^2)= 0.584035  ratio= 0.037202  learning rate= 0.118466
step= 1797  sqrt(max_i v^_i)  = 0.050652  sqrt(sum_i v^_i)  = 2.512014  ratio= 0.020164  learning rate= 0.118453
step= 1797  sqrt(max_i m^_i^2)= 0.023052  sqrt(sum_i m^_i^2)= 0.587819  ratio= 0.039216  learning rate= 0.118453
step= 1798  sqrt(max_i v^_i)  = 0.050699  sqrt(sum_i v^_i)  = 2.511997  ratio= 0.020183  learning rate= 0.118343
step= 1798  sqrt(max_i m^_i^2)= 0.021317  sqrt(sum_i m^_i^2)= 0.588562  ratio= 0.036219  learning rate= 0.118343
step= 1799  sqrt(max_i v^_i)  = 0.050812  sqrt(sum_i v^_i)  = 2.511986  ratio= 0.020228  learning rate= 0.118081
step= 1799  sqrt(max_i m^_i^2)= 0.023135  sqrt(sum_i m^_i^2)= 0.586742  ratio= 0.039430  learning rate= 0.118081
step= 1800  sqrt(max_i v^_i)  = 0.050794  sqrt(sum_i v^_i)  = 2.512017  ratio= 0.020220  learning rate= 0.118123
step= 1800  sqrt(max_i m^_i^2)= 0.023800  sqrt(sum_i m^_i^2)= 0.589387  ratio= 0.040381  learning rate= 0.118123
step= 1801  sqrt(max_i v^_i)  = 0.050808  sqrt(sum_i v^_i)  = 2.512003  ratio= 0.020226  learning rate= 0.118090
step= 1801  sqrt(max_i m^_i^2)= 0.022423  sqrt(sum_i m^_i^2)= 0.589787  ratio= 0.038018  learning rate= 0.118090
step= 1802  sqrt(max_i v^_i)  = 0.050809  sqrt(sum_i v^_i)  = 2.511981  ratio= 0.020227  learning rate= 0.118088
step= 1802  sqrt(max_i m^_i^2)= 0.022181  sqrt(sum_i m^_i^2)= 0.588396  ratio= 0.037697  learning rate= 0.118088
step= 1803  sqrt(max_i v^_i)  = 0.050793  sqrt(sum_i v^_i)  = 2.511942  ratio= 0.020221  learning rate= 0.118123
step= 1803  sqrt(max_i m^_i^2)= 0.033983  sqrt(sum_i m^_i^2)= 0.591503  ratio= 0.057452  learning rate= 0.118123
step= 1804  sqrt(max_i v^_i)  = 0.050771  sqrt(sum_i v^_i)  = 2.511888  ratio= 0.020212  learning rate= 0.118176
step= 1804  sqrt(max_i m^_i^2)= 0.035441  sqrt(sum_i m^_i^2)= 0.594394  ratio= 0.059625  learning rate= 0.118176
step= 1805  sqrt(max_i v^_i)  = 0.050755  sqrt(sum_i v^_i)  = 2.511931  ratio= 0.020206  learning rate= 0.118212
step= 1805  sqrt(max_i m^_i^2)= 0.032869  sqrt(sum_i m^_i^2)= 0.596504  ratio= 0.055103  learning rate= 0.118212
step= 1806  sqrt(max_i v^_i)  = 0.050731  sqrt(sum_i v^_i)  = 2.511883  ratio= 0.020196  learning rate= 0.118268
step= 1806  sqrt(max_i m^_i^2)= 0.036380  sqrt(sum_i m^_i^2)= 0.592302  ratio= 0.061421  learning rate= 0.118268
step= 1807  sqrt(max_i v^_i)  = 0.050704  sqrt(sum_i v^_i)  = 2.511815  ratio= 0.020186  learning rate= 0.118332
step= 1807  sqrt(max_i m^_i^2)= 0.043423  sqrt(sum_i m^_i^2)= 0.594175  ratio= 0.073081  learning rate= 0.118332
step= 1808  sqrt(max_i v^_i)  = 0.050680  sqrt(sum_i v^_i)  = 2.511786  ratio= 0.020177  learning rate= 0.118389
step= 1808  sqrt(max_i m^_i^2)= 0.036169  sqrt(sum_i m^_i^2)= 0.593669  ratio= 0.060925  learning rate= 0.118389
step= 1809  sqrt(max_i v^_i)  = 0.050681  sqrt(sum_i v^_i)  = 2.511700  ratio= 0.020178  learning rate= 0.118386
step= 1809  sqrt(max_i m^_i^2)= 0.032553  sqrt(sum_i m^_i^2)= 0.591966  ratio= 0.054992  learning rate= 0.118386
step= 1810  sqrt(max_i v^_i)  = 0.050682  sqrt(sum_i v^_i)  = 2.511660  ratio= 0.020179  learning rate= 0.118383
step= 1810  sqrt(max_i m^_i^2)= 0.030327  sqrt(sum_i m^_i^2)= 0.591026  ratio= 0.051313  learning rate= 0.118383
step= 1811  sqrt(max_i v^_i)  = 0.050667  sqrt(sum_i v^_i)  = 2.511662  ratio= 0.020173  learning rate= 0.118418
step= 1811  sqrt(max_i m^_i^2)= 0.031543  sqrt(sum_i m^_i^2)= 0.587760  ratio= 0.053667  learning rate= 0.118418
step= 1812  sqrt(max_i v^_i)  = 0.050661  sqrt(sum_i v^_i)  = 2.511597  ratio= 0.020171  learning rate= 0.118433
step= 1812  sqrt(max_i m^_i^2)= 0.028266  sqrt(sum_i m^_i^2)= 0.590887  ratio= 0.047837  learning rate= 0.118433
step= 1813  sqrt(max_i v^_i)  = 0.050631  sqrt(sum_i v^_i)  = 2.511548  ratio= 0.020159  learning rate= 0.118502
step= 1813  sqrt(max_i m^_i^2)= 0.027470  sqrt(sum_i m^_i^2)= 0.594909  ratio= 0.046174  learning rate= 0.118502
step= 1814  sqrt(max_i v^_i)  = 0.050622  sqrt(sum_i v^_i)  = 2.511527  ratio= 0.020156  learning rate= 0.118524
step= 1814  sqrt(max_i m^_i^2)= 0.028026  sqrt(sum_i m^_i^2)= 0.598170  ratio= 0.046852  learning rate= 0.118524
step= 1815  sqrt(max_i v^_i)  = 0.050591  sqrt(sum_i v^_i)  = 2.511462  ratio= 0.020144  learning rate= 0.118595
step= 1815  sqrt(max_i m^_i^2)= 0.033472  sqrt(sum_i m^_i^2)= 0.593116  ratio= 0.056435  learning rate= 0.118595
step= 1816  sqrt(max_i v^_i)  = 0.050563  sqrt(sum_i v^_i)  = 2.511423  ratio= 0.020133  learning rate= 0.118661
step= 1816  sqrt(max_i m^_i^2)= 0.023811  sqrt(sum_i m^_i^2)= 0.593104  ratio= 0.040147  learning rate= 0.118661
step= 1817  sqrt(max_i v^_i)  = 0.050652  sqrt(sum_i v^_i)  = 2.511367  ratio= 0.020169  learning rate= 0.118454
step= 1817  sqrt(max_i m^_i^2)= 0.022904  sqrt(sum_i m^_i^2)= 0.587743  ratio= 0.038970  learning rate= 0.118454
step= 1818  sqrt(max_i v^_i)  = 0.050625  sqrt(sum_i v^_i)  = 2.511340  ratio= 0.020158  learning rate= 0.118517
step= 1818  sqrt(max_i m^_i^2)= 0.028570  sqrt(sum_i m^_i^2)= 0.592307  ratio= 0.048235  learning rate= 0.118517
step= 1819  sqrt(max_i v^_i)  = 0.050678  sqrt(sum_i v^_i)  = 2.511275  ratio= 0.020180  learning rate= 0.118393
step= 1819  sqrt(max_i m^_i^2)= 0.021352  sqrt(sum_i m^_i^2)= 0.585767  ratio= 0.036451  learning rate= 0.118393
step= 1820  sqrt(max_i v^_i)  = 0.050654  sqrt(sum_i v^_i)  = 2.511252  ratio= 0.020171  learning rate= 0.118449
step= 1820  sqrt(max_i m^_i^2)= 0.020681  sqrt(sum_i m^_i^2)= 0.587720  ratio= 0.035189  learning rate= 0.118449
step= 1821  sqrt(max_i v^_i)  = 0.050638  sqrt(sum_i v^_i)  = 2.511276  ratio= 0.020164  learning rate= 0.118485
step= 1821  sqrt(max_i m^_i^2)= 0.024403  sqrt(sum_i m^_i^2)= 0.592439  ratio= 0.041191  learning rate= 0.118485
step= 1822  sqrt(max_i v^_i)  = 0.050629  sqrt(sum_i v^_i)  = 2.511285  ratio= 0.020161  learning rate= 0.118507
step= 1822  sqrt(max_i m^_i^2)= 0.025989  sqrt(sum_i m^_i^2)= 0.588745  ratio= 0.044143  learning rate= 0.118507
step= 1823  sqrt(max_i v^_i)  = 0.050695  sqrt(sum_i v^_i)  = 2.511305  ratio= 0.020187  learning rate= 0.118352
step= 1823  sqrt(max_i m^_i^2)= 0.030329  sqrt(sum_i m^_i^2)= 0.591575  ratio= 0.051269  learning rate= 0.118352
step= 1824  sqrt(max_i v^_i)  = 0.050710  sqrt(sum_i v^_i)  = 2.511255  ratio= 0.020193  learning rate= 0.118319
step= 1824  sqrt(max_i m^_i^2)= 0.028410  sqrt(sum_i m^_i^2)= 0.592278  ratio= 0.047968  learning rate= 0.118319
step= 1825  sqrt(max_i v^_i)  = 0.050711  sqrt(sum_i v^_i)  = 2.511200  ratio= 0.020194  learning rate= 0.118316
step= 1825  sqrt(max_i m^_i^2)= 0.028625  sqrt(sum_i m^_i^2)= 0.587227  ratio= 0.048745  learning rate= 0.118316
step= 1826  sqrt(max_i v^_i)  = 0.050688  sqrt(sum_i v^_i)  = 2.511207  ratio= 0.020185  learning rate= 0.118368
step= 1826  sqrt(max_i m^_i^2)= 0.030759  sqrt(sum_i m^_i^2)= 0.588601  ratio= 0.052258  learning rate= 0.118368
step= 1827  sqrt(max_i v^_i)  = 0.050673  sqrt(sum_i v^_i)  = 2.511207  ratio= 0.020179  learning rate= 0.118404
step= 1827  sqrt(max_i m^_i^2)= 0.029767  sqrt(sum_i m^_i^2)= 0.587582  ratio= 0.050661  learning rate= 0.118404
step= 1828  sqrt(max_i v^_i)  = 0.050643  sqrt(sum_i v^_i)  = 2.511119  ratio= 0.020168  learning rate= 0.118473
step= 1828  sqrt(max_i m^_i^2)= 0.027904  sqrt(sum_i m^_i^2)= 0.582879  ratio= 0.047872  learning rate= 0.118473
step= 1829  sqrt(max_i v^_i)  = 0.050645  sqrt(sum_i v^_i)  = 2.511049  ratio= 0.020169  learning rate= 0.118470
step= 1829  sqrt(max_i m^_i^2)= 0.027197  sqrt(sum_i m^_i^2)= 0.585351  ratio= 0.046463  learning rate= 0.118470
step= 1830  sqrt(max_i v^_i)  = 0.050691  sqrt(sum_i v^_i)  = 2.511046  ratio= 0.020187  learning rate= 0.118361
step= 1830  sqrt(max_i m^_i^2)= 0.029875  sqrt(sum_i m^_i^2)= 0.584019  ratio= 0.051154  learning rate= 0.118361
step= 1831  sqrt(max_i v^_i)  = 0.050676  sqrt(sum_i v^_i)  = 2.511006  ratio= 0.020182  learning rate= 0.118396
step= 1831  sqrt(max_i m^_i^2)= 0.024464  sqrt(sum_i m^_i^2)= 0.580203  ratio= 0.042164  learning rate= 0.118396
step= 1832  sqrt(max_i v^_i)  = 0.050646  sqrt(sum_i v^_i)  = 2.511016  ratio= 0.020170  learning rate= 0.118467
step= 1832  sqrt(max_i m^_i^2)= 0.023872  sqrt(sum_i m^_i^2)= 0.585340  ratio= 0.040783  learning rate= 0.118467
step= 1833  sqrt(max_i v^_i)  = 0.050622  sqrt(sum_i v^_i)  = 2.511016  ratio= 0.020160  learning rate= 0.118523
step= 1833  sqrt(max_i m^_i^2)= 0.023584  sqrt(sum_i m^_i^2)= 0.592117  ratio= 0.039830  learning rate= 0.118523
step= 1834  sqrt(max_i v^_i)  = 0.050592  sqrt(sum_i v^_i)  = 2.510931  ratio= 0.020149  learning rate= 0.118593
step= 1834  sqrt(max_i m^_i^2)= 0.024363  sqrt(sum_i m^_i^2)= 0.588056  ratio= 0.041429  learning rate= 0.118593
step= 1835  sqrt(max_i v^_i)  = 0.050563  sqrt(sum_i v^_i)  = 2.510910  ratio= 0.020137  learning rate= 0.118662
step= 1835  sqrt(max_i m^_i^2)= 0.021097  sqrt(sum_i m^_i^2)= 0.587852  ratio= 0.035888  learning rate= 0.118662
step= 1836  sqrt(max_i v^_i)  = 0.050537  sqrt(sum_i v^_i)  = 2.510795  ratio= 0.020128  learning rate= 0.118722
step= 1836  sqrt(max_i m^_i^2)= 0.022509  sqrt(sum_i m^_i^2)= 0.584216  ratio= 0.038528  learning rate= 0.118722
