[0m[[0m[0mdebug[0m] [0m[0m> Exec(compile, Some(cddeee3d-7007-4077-8ae8-909445fcf4d8), Some(CommandSource(console0)))[0m
[0m[[0m[0mdebug[0m] [0m[0mEvaluating tasks: Compile / compile[0m
[0m[[0m[0mdebug[0m] [0m[0mRunning task... Cancel: Signal, check cycles: false, forcegc: true[0m
[0m[[0m[0minfo[0m] [0m[0mcompiling 2 Scala sources to /localhome/usrlocal-amd64-linux/scala/src/org.sanzo/potts/target/scala-3.0.2/classes ...[0m
[0m[[0m[33mwarn[0m] [0m[0m[33m-- Warning: /localhome/usrlocal-amd64-linux/scala/src/org.sanzo/potts/src/main/scala-3/BM.scala:308:0 [0m[0m
[0m[[0m[33mwarn[0m] [0m[0m[33m308 |[0m		cfor([31m0[0m)([36mia[0m => ia < nStatesOfUnit, [36mia[0m => ia + [31m1[0m)( [36mia[0m => {[0m
[0m[[0m[33mwarn[0m] [0m[0m    |		[33m^[0m[0m
[0m[[0m[33mwarn[0m] [0m[0m    |Scala 2 macro cannot be used in Dotty, this call will crash at runtime. See https://dotty.epfl.ch/docs/reference/dropped-features/macros.html[0m
[0m[[0m[33mwarn[0m] [0m[0m[33m-- Warning: /localhome/usrlocal-amd64-linux/scala/src/org.sanzo/potts/src/main/scala-3/BM.scala:307:0 [0m[0m
[0m[[0m[33mwarn[0m] [0m[0m[33m307 |[0m	cfor([31m0[0m)([36mi[0m => i < nUnits, [36mi[0m => i + [31m1[0m)( [36mi[0m => {[0m
[0m[[0m[33mwarn[0m] [0m[0m    |	[33m^[0m[0m
[0m[[0m[33mwarn[0m] [0m[0m    |Scala 2 macro cannot be used in Dotty, this call will crash at runtime. See https://dotty.epfl.ch/docs/reference/dropped-features/macros.html[0m
[0m[[0m[33mwarn[0m] [0m[0m[33m-- Warning: /localhome/usrlocal-amd64-linux/scala/src/org.sanzo/potts/src/main/scala-3/BM.scala:355:0 [0m[0m
[0m[[0m[33mwarn[0m] [0m[0m[33m355 |[0m		cfor([31m0[0m)([36mjb[0m => jb < nStatesOfUnit, [36mjb[0m => jb + [31m1[0m)( [36mjb[0m => {[0m
[0m[[0m[33mwarn[0m] [0m[0m    |		[33m^[0m[0m
[0m[[0m[33mwarn[0m] [0m[0m    |Scala 2 macro cannot be used in Dotty, this call will crash at runtime. See https://dotty.epfl.ch/docs/reference/dropped-features/macros.html[0m
[0m[[0m[33mwarn[0m] [0m[0m[33m-- Warning: /localhome/usrlocal-amd64-linux/scala/src/org.sanzo/potts/src/main/scala-3/BM.scala:354:0 [0m[0m
[0m[[0m[33mwarn[0m] [0m[0m[33m354 |[0m		cfor([31m0[0m)([36mia[0m => ia < nStatesOfUnit, [36mia[0m => ia + [31m1[0m)( [36mia[0m => {[0m
[0m[[0m[33mwarn[0m] [0m[0m    |		[33m^[0m[0m
[0m[[0m[33mwarn[0m] [0m[0m    |Scala 2 macro cannot be used in Dotty, this call will crash at runtime. See https://dotty.epfl.ch/docs/reference/dropped-features/macros.html[0m
[0m[[0m[33mwarn[0m] [0m[0m[33m-- Warning: /localhome/usrlocal-amd64-linux/scala/src/org.sanzo/potts/src/main/scala-3/BM.scala:353:2 [0m[0m
[0m[[0m[33mwarn[0m] [0m[0m[33m353 |[0m	  cfor(i + [31m1[0m)([36mj[0m => j < nUnits, [36mj[0m => j + [31m1[0m)( [36mj[0m => {[0m
[0m[[0m[33mwarn[0m] [0m[0m    |	  [33m^[0m[0m
[0m[[0m[33mwarn[0m] [0m[0m    |Scala 2 macro cannot be used in Dotty, this call will crash at runtime. See https://dotty.epfl.ch/docs/reference/dropped-features/macros.html[0m
[0m[[0m[33mwarn[0m] [0m[0m[33m-- Warning: /localhome/usrlocal-amd64-linux/scala/src/org.sanzo/potts/src/main/scala-3/BM.scala:352:0 [0m[0m
[0m[[0m[33mwarn[0m] [0m[0m[33m352 |[0m	cfor([31m0[0m)([36mi[0m => i < nUnits, [36mi[0m => i + [31m1[0m)( [36mi[0m => {[0m
[0m[[0m[33mwarn[0m] [0m[0m    |	[33m^[0m[0m
[0m[[0m[33mwarn[0m] [0m[0m    |Scala 2 macro cannot be used in Dotty, this call will crash at runtime. See https://dotty.epfl.ch/docs/reference/dropped-features/macros.html[0m
[0m[[0m[33mwarn[0m] [0m[0m[33m-- Warning: /localhome/usrlocal-amd64-linux/scala/src/org.sanzo/potts/src/main/scala-3/BM.scala:443:0 [0m[0m
[0m[[0m[33mwarn[0m] [0m[0m[33m443 |[0m				cfor([31m0[0m)([36mk[0m => k < nUnits, [36mk[0m => k + [31m1[0m)( [36mk[0m => {[0m
[0m[[0m[33mwarn[0m] [0m[0m    |				[33m^[0m[0m
[0m[[0m[33mwarn[0m] [0m[0m    |Scala 2 macro cannot be used in Dotty, this call will crash at runtime. See https://dotty.epfl.ch/docs/reference/dropped-features/macros.html[0m
[0m[[0m[33mwarn[0m] [0m[0m[33m-- Warning: /localhome/usrlocal-amd64-linux/scala/src/org.sanzo/potts/src/main/scala-3/BM.scala:438:0 [0m[0m
[0m[[0m[33mwarn[0m] [0m[0m[33m438 |[0m			cfor([31m0[0m)([36mj[0m => j < nSamples, [36mj[0m => j + [31m1[0m)( [36mj[0m => {[0m
[0m[[0m[33mwarn[0m] [0m[0m    |			[33m^[0m[0m
[0m[[0m[33mwarn[0m] [0m[0m    |Scala 2 macro cannot be used in Dotty, this call will crash at runtime. See https://dotty.epfl.ch/docs/reference/dropped-features/macros.html[0m
[0m[[0m[33mwarn[0m] [0m[0m[33m-- Warning: /localhome/usrlocal-amd64-linux/scala/src/org.sanzo/potts/src/main/scala-3/BM.scala:435:0 [0m[0m
[0m[[0m[33mwarn[0m] [0m[0m[33m435 |[0m		cfor([31m0[0m)([36mi[0m => i < nSamplings, [36mi[0m => i + [31m1[0m)( [36mi[0m => {[0m
[0m[[0m[33mwarn[0m] [0m[0m    |		[33m^[0m[0m
[0m[[0m[33mwarn[0m] [0m[0m    |Scala 2 macro cannot be used in Dotty, this call will crash at runtime. See https://dotty.epfl.ch/docs/reference/dropped-features/macros.html[0m
[0m[[0m[33mwarn[0m] [0m[0m[33m-- Warning: /localhome/usrlocal-amd64-linux/scala/src/org.sanzo/potts/src/main/scala-3/BM.scala:452:0 [0m[0m
[0m[[0m[33mwarn[0m] [0m[0m[33m452 |[0m			cfor([31m0[0m)([36mj[0m => j < nSamples, [36mj[0m => j + [31m1[0m)( [36mj[0m => {[0m
[0m[[0m[33mwarn[0m] [0m[0m    |			[33m^[0m[0m
[0m[[0m[33mwarn[0m] [0m[0m    |Scala 2 macro cannot be used in Dotty, this call will crash at runtime. See https://dotty.epfl.ch/docs/reference/dropped-features/macros.html[0m
[0m[[0m[33mwarn[0m] [0m[0m[33m-- Warning: /localhome/usrlocal-amd64-linux/scala/src/org.sanzo/potts/src/main/scala-3/BM.scala:450:0 [0m[0m
[0m[[0m[33mwarn[0m] [0m[0m[33m450 |[0m		cfor([31m0[0m)([36mi[0m => i < nSamplings, [36mi[0m => i + [31m1[0m)( [36mi[0m => {[0m
[0m[[0m[33mwarn[0m] [0m[0m    |		[33m^[0m[0m
[0m[[0m[33mwarn[0m] [0m[0m    |Scala 2 macro cannot be used in Dotty, this call will crash at runtime. See https://dotty.epfl.ch/docs/reference/dropped-features/macros.html[0m
[0m[[0m[33mwarn[0m] [0m[0m[33m-- Warning: /localhome/usrlocal-amd64-linux/scala/src/org.sanzo/potts/src/main/scala-3/BM.scala:1025:0 [0m[0m
[0m[[0m[33mwarn[0m] [0m[0m[33m1025 |[0m			cfor([31m0[0m)([36mj[0m => j < i, [36mj[0m => j + [31m1[0m)( [36mj[0m => {[0m
[0m[[0m[33mwarn[0m] [0m[0m     |			[33m^[0m[0m
[0m[[0m[33mwarn[0m] [0m[0m     |Scala 2 macro cannot be used in Dotty, this call will crash at runtime. See https://dotty.epfl.ch/docs/reference/dropped-features/macros.html[0m
[0m[[0m[33mwarn[0m] [0m[0m[33m-- Warning: /localhome/usrlocal-amd64-linux/scala/src/org.sanzo/potts/src/main/scala-3/BM.scala:1024:0 [0m[0m
[0m[[0m[33mwarn[0m] [0m[0m[33m1024 |[0m		cfor([31m0[0m)([36mi[0m => i < nUnits, [36mi[0m => i + [31m1[0m)( [36mi[0m => {[0m
[0m[[0m[33mwarn[0m] [0m[0m     |		[33m^[0m[0m
[0m[[0m[33mwarn[0m] [0m[0m     |Scala 2 macro cannot be used in Dotty, this call will crash at runtime. See https://dotty.epfl.ch/docs/reference/dropped-features/macros.html[0m
[0m[[0m[31merror[0m] [0m[0m[31m-- Error: /localhome/usrlocal-amd64-linux/scala/src/org.sanzo/potts/src/main/scala-3/BM.scala:2143:49 [0m[0m
[0m[[0m[31merror[0m] [0m[0m[31m2143 |[0m			          fi - pi - lambdaPhi * ( propL2h * phi )[0m
[0m[[0m[31merror[0m] [0m[0m     |			                                                 [31m^[0m[0m
[0m[[0m[31merror[0m] [0m[0m     |no implicit argument of type breeze.linalg.operators.OpSub.Impl2[breeze.linalg.DenseVector[Double], Any, B] was found for parameter op of [33mmethod[0m [35m-[0m in [33mtrait[0m [35mImmutableNumericOps[0m[0m
[0m[[0m[31merror[0m] [0m[0m     |[0m
[0m[[0m[31merror[0m] [0m[0m     |where:    B is a type variable[0m
[0m[[0m[31merror[0m] [0m[0m     |.[0m
[0m[[0m[31merror[0m] [0m[0m     |I found:[0m
[0m[[0m[31merror[0m] [0m[0m     |[0m
[0m[[0m[31merror[0m] [0m[0m     |    breeze.linalg.operators.HasOps.pureFromUpdate[[35mbreeze.linalg.DenseVector[Double][0m[0m
[0m[[0m[31merror[0m] [0m[0m     |      , [0m
[0m[[0m[31merror[0m] [0m[0m     |    [35mAny[0m, [35mbreeze.linalg.operators.OpSub.type[0m]([0m
[0m[[0m[31merror[0m] [0m[0m     |      breeze.linalg.operators.HasOps.[0m
[0m[[0m[31merror[0m] [0m[0m     |        impl_OpSub_InPlace_T_U_Generic_from_scaleAdd_InPlace[0m
[0m[[0m[31merror[0m] [0m[0m     |      [[35mbreeze.linalg.DenseVector[Double][0m, [35mU[0m, [35mAny[0m]([0m
[0m[[0m[31merror[0m] [0m[0m     |        breeze.linalg.operators.HasOps.broadcastInplaceOp3_1_BCols[[0m
[0m[[0m[31merror[0m] [0m[0m     |          [35mbreeze.linalg.scaleAdd.type[0m[0m
[0m[[0m[31merror[0m] [0m[0m     |        , [35mbreeze.linalg.DenseVector[Double][0m, [35mT[0m, [35mColumnType[0m, [35mAny[0m, [35mOpResult[0m]([0m
[0m[[0m[31merror[0m] [0m[0m     |          /* missing */[0m
[0m[[0m[31merror[0m] [0m[0m     |            summon[[0m
[0m[[0m[31merror[0m] [0m[0m     |              breeze.linalg.support.CanCollapseAxis.HandHold[?, [0m
[0m[[0m[31merror[0m] [0m[0m     |                breeze.linalg.Axis._0.type[0m
[0m[[0m[31merror[0m] [0m[0m     |              , ?][0m
[0m[[0m[31merror[0m] [0m[0m     |            ][0m
[0m[[0m[31merror[0m] [0m[0m     |        , ???, ???)[0m
[0m[[0m[31merror[0m] [0m[0m     |      , ???)[0m
[0m[[0m[31merror[0m] [0m[0m     |    , ???)[0m
[0m[[0m[31merror[0m] [0m[0m     |[0m
[0m[[0m[31merror[0m] [0m[0m     |But no implicit values were found that match type breeze.linalg.support.CanCollapseAxis.HandHold[?, breeze.linalg.Axis._0.type, ?].[0m
[0m[[0m[31merror[0m] [0m[0m[31m-- Error: /localhome/usrlocal-amd64-linux/scala/src/org.sanzo/potts/src/main/scala-3/BM.scala:2162:55 [0m[0m
[0m[[0m[31merror[0m] [0m[0m[31m2162 |[0m			            fi - pi - lambdaPhi * ( propL1h * signPhi )[0m
[0m[[0m[31merror[0m] [0m[0m     |			                                                       [31m^[0m[0m
[0m[[0m[31merror[0m] [0m[0m     |no implicit argument of type breeze.linalg.operators.OpSub.Impl2[breeze.linalg.DenseVector[Double], Any, B] was found for parameter op of [33mmethod[0m [35m-[0m in [33mtrait[0m [35mImmutableNumericOps[0m[0m
[0m[[0m[31merror[0m] [0m[0m     |[0m
[0m[[0m[31merror[0m] [0m[0m     |where:    B is a type variable[0m
[0m[[0m[31merror[0m] [0m[0m     |.[0m
[0m[[0m[31merror[0m] [0m[0m     |I found:[0m
[0m[[0m[31merror[0m] [0m[0m     |[0m
[0m[[0m[31merror[0m] [0m[0m     |    breeze.linalg.operators.HasOps.pureFromUpdate[[35mbreeze.linalg.DenseVector[Double][0m[0m
[0m[[0m[31merror[0m] [0m[0m     |      , [0m
[0m[[0m[31merror[0m] [0m[0m     |    [35mAny[0m, [35mbreeze.linalg.operators.OpSub.type[0m]([0m
[0m[[0m[31merror[0m] [0m[0m     |      breeze.linalg.operators.HasOps.[0m
[0m[[0m[31merror[0m] [0m[0m     |        impl_OpSub_InPlace_T_U_Generic_from_scaleAdd_InPlace[0m
[0m[[0m[31merror[0m] [0m[0m     |      [[35mbreeze.linalg.DenseVector[Double][0m, [35mU[0m, [35mAny[0m]([0m
[0m[[0m[31merror[0m] [0m[0m     |        breeze.linalg.operators.HasOps.broadcastInplaceOp3_1_BCols[[0m
[0m[[0m[31merror[0m] [0m[0m     |          [35mbreeze.linalg.scaleAdd.type[0m[0m
[0m[[0m[31merror[0m] [0m[0m     |        , [35mbreeze.linalg.DenseVector[Double][0m, [35mT[0m, [35mColumnType[0m, [35mAny[0m, [35mOpResult[0m]([0m
[0m[[0m[31merror[0m] [0m[0m     |          /* missing */[0m
[0m[[0m[31merror[0m] [0m[0m     |            summon[[0m
[0m[[0m[31merror[0m] [0m[0m     |              breeze.linalg.support.CanCollapseAxis.HandHold[?, [0m
[0m[[0m[31merror[0m] [0m[0m     |                breeze.linalg.Axis._0.type[0m
[0m[[0m[31merror[0m] [0m[0m     |              , ?][0m
[0m[[0m[31merror[0m] [0m[0m     |            ][0m
[0m[[0m[31merror[0m] [0m[0m     |        , ???, ???)[0m
[0m[[0m[31merror[0m] [0m[0m     |      , ???)[0m
[0m[[0m[31merror[0m] [0m[0m     |    , ???)[0m
[0m[[0m[31merror[0m] [0m[0m     |[0m
[0m[[0m[31merror[0m] [0m[0m     |But no implicit values were found that match type breeze.linalg.support.CanCollapseAxis.HandHold[?, breeze.linalg.Axis._0.type, ?].[0m
[0m[[0m[31merror[0m] [0m[0m[31m-- Error: /localhome/usrlocal-amd64-linux/scala/src/org.sanzo/potts/src/main/scala-3/BM.scala:2164:71 [0m[0m
[0m[[0m[31merror[0m] [0m[0m[31m2164 |[0m			            fi - pi - lambdaPhi * ( propL1h * signPhi + propL2h * phi )[0m
[0m[[0m[31merror[0m] [0m[0m     |			                                                                       [31m^[0m[0m
[0m[[0m[31merror[0m] [0m[0m     |no implicit argument of type breeze.linalg.operators.OpSub.Impl2[breeze.linalg.DenseVector[Double], Any, B] was found for parameter op of [33mmethod[0m [35m-[0m in [33mtrait[0m [35mImmutableNumericOps[0m[0m
[0m[[0m[31merror[0m] [0m[0m     |[0m
[0m[[0m[31merror[0m] [0m[0m     |where:    B is a type variable[0m
[0m[[0m[31merror[0m] [0m[0m     |.[0m
[0m[[0m[31merror[0m] [0m[0m     |I found:[0m
[0m[[0m[31merror[0m] [0m[0m     |[0m
[0m[[0m[31merror[0m] [0m[0m     |    breeze.linalg.operators.HasOps.pureFromUpdate[[35mbreeze.linalg.DenseVector[Double][0m[0m
[0m[[0m[31merror[0m] [0m[0m     |      , [0m
[0m[[0m[31merror[0m] [0m[0m     |    [35mAny[0m, [35mbreeze.linalg.operators.OpSub.type[0m]([0m
[0m[[0m[31merror[0m] [0m[0m     |      breeze.linalg.operators.HasOps.[0m
[0m[[0m[31merror[0m] [0m[0m     |        impl_OpSub_InPlace_T_U_Generic_from_scaleAdd_InPlace[0m
[0m[[0m[31merror[0m] [0m[0m     |      [[35mbreeze.linalg.DenseVector[Double][0m, [35mU[0m, [35mAny[0m]([0m
[0m[[0m[31merror[0m] [0m[0m     |        breeze.linalg.operators.HasOps.broadcastInplaceOp3_1_BCols[[0m
[0m[[0m[31merror[0m] [0m[0m     |          [35mbreeze.linalg.scaleAdd.type[0m[0m
[0m[[0m[31merror[0m] [0m[0m     |        , [35mbreeze.linalg.DenseVector[Double][0m, [35mT[0m, [35mColumnType[0m, [35mAny[0m, [35mOpResult[0m]([0m
[0m[[0m[31merror[0m] [0m[0m     |          /* missing */[0m
[0m[[0m[31merror[0m] [0m[0m     |            summon[[0m
[0m[[0m[31merror[0m] [0m[0m     |              breeze.linalg.support.CanCollapseAxis.HandHold[?, [0m
[0m[[0m[31merror[0m] [0m[0m     |                breeze.linalg.Axis._0.type[0m
[0m[[0m[31merror[0m] [0m[0m     |              , ?][0m
[0m[[0m[31merror[0m] [0m[0m     |            ][0m
[0m[[0m[31merror[0m] [0m[0m     |        , ???, ???)[0m
[0m[[0m[31merror[0m] [0m[0m     |      , ???)[0m
[0m[[0m[31merror[0m] [0m[0m     |    , ???)[0m
[0m[[0m[31merror[0m] [0m[0m     |[0m
[0m[[0m[31merror[0m] [0m[0m     |But no implicit values were found that match type breeze.linalg.support.CanCollapseAxis.HandHold[?, breeze.linalg.Axis._0.type, ?].[0m
[0m[[0m[31merror[0m] [0m[0m[31m-- Error: /localhome/usrlocal-amd64-linux/scala/src/org.sanzo/potts/src/main/scala-3/BM.scala:2166:3 [0m[0m
[0m[[0m[31merror[0m] [0m[0m[31m2166 |[0m			} )[0m
[0m[[0m[31merror[0m] [0m[0m     |			   [31m^[0m[0m
[0m[[0m[31merror[0m] [0m[0m     |			   No ClassTag available for B[0m
[0m[[0m[31merror[0m] [0m[0m     |[0m
[0m[[0m[31merror[0m] [0m[0m     |			   where:    B is a type variable[0m
[0m[[0m[33mwarn[0m] [0m[0mCanceling execution...[0m
[0m[[0m[31merror[0m] [0m[0m[31m-- Error: /localhome/usrlocal-amd64-linux/scala/src/org.sanzo/potts/src/main/scala-3/BM.scala:2178:68 [0m[0m
[0m[[0m[31merror[0m] [0m[0m[31m2178 |[0m						fia(i) * (pia(j) - fia(j)).t - lambdaPhij * ( propL2J * phijab(ij) )[0m
[0m[[0m[31merror[0m] [0m[0m     |						                                                                    [31m^[0m[0m
[0m[[0m[31merror[0m] [0m[0m     |no implicit argument of type breeze.linalg.operators.OpSub.Impl2[breeze.linalg.DenseMatrix[Double], Any, Any] was found for parameter op of [33mmethod[0m [35m-[0m in [33mtrait[0m [35mImmutableNumericOps[0m.[0m
[0m[[0m[31merror[0m] [0m[0m     |I found:[0m
[0m[[0m[31merror[0m] [0m[0m     |[0m
[0m[[0m[31merror[0m] [0m[0m     |    breeze.linalg.operators.HasOps.pureFromUpdate[[35mbreeze.linalg.DenseMatrix[Double][0m[0m
[0m[[0m[31merror[0m] [0m[0m     |      , [0m
[0m[[0m[31merror[0m] [0m[0m     |    [35mAny[0m, [35mbreeze.linalg.operators.OpSub.type[0m]([0m
[0m[[0m[31merror[0m] [0m[0m     |      breeze.linalg.operators.HasOps.[0m
[0m[[0m[31merror[0m] [0m[0m     |        impl_OpSub_InPlace_T_U_Generic_from_scaleAdd_InPlace[0m
[0m[[0m[31merror[0m] [0m[0m     |      [[35mbreeze.linalg.DenseMatrix[Double][0m, [35mU[0m, [35mAny[0m]([0m
[0m[[0m[31merror[0m] [0m[0m     |        breeze.linalg.operators.HasOps.broadcastInplaceOp3_1_BCols[[0m
[0m[[0m[31merror[0m] [0m[0m     |          [35mbreeze.linalg.scaleAdd.type[0m[0m
[0m[[0m[31merror[0m] [0m[0m     |        , [35mbreeze.linalg.DenseMatrix[Double][0m, [35mT[0m, [35mColumnType[0m, [35mAny[0m, [35mOpResult[0m]([0m
[0m[[0m[31merror[0m] [0m[0m     |          /* missing */[0m
[0m[[0m[31merror[0m] [0m[0m     |            summon[[0m
[0m[[0m[31merror[0m] [0m[0m     |              breeze.linalg.support.CanCollapseAxis.HandHold[?, [0m
[0m[[0m[31merror[0m] [0m[0m     |                breeze.linalg.Axis._0.type[0m
[0m[[0m[31merror[0m] [0m[0m     |              , ?][0m
[0m[[0m[31merror[0m] [0m[0m     |            ][0m
[0m[[0m[31merror[0m] [0m[0m     |        , ???, ???)[0m
[0m[[0m[31merror[0m] [0m[0m     |      , ???)[0m
[0m[[0m[31merror[0m] [0m[0m     |    , ???)[0m
[0m[[0m[31merror[0m] [0m[0m     |[0m
[0m[[0m[31merror[0m] [0m[0m     |But no implicit values were found that match type breeze.linalg.support.CanCollapseAxis.HandHold[?, breeze.linalg.Axis._0.type, ?].[0m
[0m[[0m[31merror[0m] [0m[0m[31m-- Error: /localhome/usrlocal-amd64-linux/scala/src/org.sanzo/potts/src/main/scala-3/BM.scala:2181:68 [0m[0m
[0m[[0m[31merror[0m] [0m[0m[31m2181 |[0m						(pia(j) - fia(j)) * fia(i).t - lambdaPhij * ( propL2J * phijab(ij) )[0m
[0m[[0m[31merror[0m] [0m[0m     |						                                                                    [31m^[0m[0m
[0m[[0m[31merror[0m] [0m[0m     |no implicit argument of type breeze.linalg.operators.OpSub.Impl2[breeze.linalg.DenseMatrix[Double], Any, Any] was found for parameter op of [33mmethod[0m [35m-[0m in [33mtrait[0m [35mImmutableNumericOps[0m.[0m
[0m[[0m[31merror[0m] [0m[0m     |I found:[0m
[0m[[0m[31merror[0m] [0m[0m     |[0m
[0m[[0m[31merror[0m] [0m[0m     |    breeze.linalg.operators.HasOps.pureFromUpdate[[35mbreeze.linalg.DenseMatrix[Double][0m[0m
[0m[[0m[31merror[0m] [0m[0m     |      , [0m
[0m[[0m[31merror[0m] [0m[0m     |    [35mAny[0m, [35mbreeze.linalg.operators.OpSub.type[0m]([0m
[0m[[0m[31merror[0m] [0m[0m     |      breeze.linalg.operators.HasOps.[0m
[0m[[0m[31merror[0m] [0m[0m     |        impl_OpSub_InPlace_T_U_Generic_from_scaleAdd_InPlace[0m
[0m[[0m[31merror[0m] [0m[0m     |      [[35mbreeze.linalg.DenseMatrix[Double][0m, [35mU[0m, [35mAny[0m]([0m
[0m[[0m[31merror[0m] [0m[0m     |        breeze.linalg.operators.HasOps.broadcastInplaceOp3_1_BCols[[0m
[0m[[0m[31merror[0m] [0m[0m     |          [35mbreeze.linalg.scaleAdd.type[0m[0m
[0m[[0m[31merror[0m] [0m[0m     |        , [35mbreeze.linalg.DenseMatrix[Double][0m, [35mT[0m, [35mColumnType[0m, [35mAny[0m, [35mOpResult[0m]([0m
[0m[[0m[31merror[0m] [0m[0m     |          /* missing */[0m
[0m[[0m[31merror[0m] [0m[0m     |            summon[[0m
[0m[[0m[31merror[0m] [0m[0m     |              breeze.linalg.support.CanCollapseAxis.HandHold[?, [0m
[0m[[0m[31merror[0m] [0m[0m     |                breeze.linalg.Axis._0.type[0m
[0m[[0m[31merror[0m] [0m[0m     |              , ?][0m
[0m[[0m[31merror[0m] [0m[0m     |            ][0m
[0m[[0m[31merror[0m] [0m[0m     |        , ???, ???)[0m
[0m[[0m[31merror[0m] [0m[0m     |      , ???)[0m
[0m[[0m[31merror[0m] [0m[0m     |    , ???)[0m
[0m[[0m[31merror[0m] [0m[0m     |[0m
[0m[[0m[31merror[0m] [0m[0m     |But no implicit values were found that match type breeze.linalg.support.CanCollapseAxis.HandHold[?, breeze.linalg.Axis._0.type, ?].[0m
[0m[[0m[31merror[0m] [0m[0m[31m-- Error: /localhome/usrlocal-amd64-linux/scala/src/org.sanzo/potts/src/main/scala-3/BM.scala:2203:65 [0m[0m
[0m[[0m[31merror[0m] [0m[0m[31m2203 |[0m						fia(i) * (pia(j) - fia(j)).t - lambdaPhij * (propL1J * signPhij )[0m
[0m[[0m[31merror[0m] [0m[0m     |						                                                                 [31m^[0m[0m
[0m[[0m[31merror[0m] [0m[0m     |no implicit argument of type breeze.linalg.operators.OpSub.Impl2[breeze.linalg.DenseMatrix[Double], Any, Any] was found for parameter op of [33mmethod[0m [35m-[0m in [33mtrait[0m [35mImmutableNumericOps[0m.[0m
[0m[[0m[31merror[0m] [0m[0m     |I found:[0m
[0m[[0m[31merror[0m] [0m[0m     |[0m
[0m[[0m[31merror[0m] [0m[0m     |    breeze.linalg.operators.HasOps.pureFromUpdate[[35mbreeze.linalg.DenseMatrix[Double][0m[0m
[0m[[0m[31merror[0m] [0m[0m     |      , [0m
[0m[[0m[31merror[0m] [0m[0m     |    [35mAny[0m, [35mbreeze.linalg.operators.OpSub.type[0m]([0m
[0m[[0m[31merror[0m] [0m[0m     |      breeze.linalg.operators.HasOps.[0m
[0m[[0m[31merror[0m] [0m[0m     |        impl_OpSub_InPlace_T_U_Generic_from_scaleAdd_InPlace[0m
[0m[[0m[31merror[0m] [0m[0m     |      [[35mbreeze.linalg.DenseMatrix[Double][0m, [35mU[0m, [35mAny[0m]([0m
[0m[[0m[31merror[0m] [0m[0m     |        breeze.linalg.operators.HasOps.broadcastInplaceOp3_1_BCols[[0m
[0m[[0m[31merror[0m] [0m[0m     |          [35mbreeze.linalg.scaleAdd.type[0m[0m
[0m[[0m[31merror[0m] [0m[0m     |        , [35mbreeze.linalg.DenseMatrix[Double][0m, [35mT[0m, [35mColumnType[0m, [35mAny[0m, [35mOpResult[0m]([0m
[0m[[0m[31merror[0m] [0m[0m     |          /* missing */[0m
[0m[[0m[31merror[0m] [0m[0m     |            summon[[0m
[0m[[0m[31merror[0m] [0m[0m     |              breeze.linalg.support.CanCollapseAxis.HandHold[?, [0m
[0m[[0m[31merror[0m] [0m[0m     |                breeze.linalg.Axis._0.type[0m
[0m[[0m[31merror[0m] [0m[0m     |              , ?][0m
[0m[[0m[31merror[0m] [0m[0m     |            ][0m
[0m[[0m[31merror[0m] [0m[0m     |        , ???, ???)[0m
[0m[[0m[31merror[0m] [0m[0m     |      , ???)[0m
[0m[[0m[31merror[0m] [0m[0m     |    , ???)[0m
[0m[[0m[31merror[0m] [0m[0m     |[0m
[0m[[0m[31merror[0m] [0m[0m     |But no implicit values were found that match type breeze.linalg.support.CanCollapseAxis.HandHold[?, breeze.linalg.Axis._0.type, ?].[0m
[0m[[0m[31merror[0m] [0m[0m[31m-- Error: /localhome/usrlocal-amd64-linux/scala/src/org.sanzo/potts/src/main/scala-3/BM.scala:2206:65 [0m[0m
[0m[[0m[31merror[0m] [0m[0m[31m2206 |[0m						(pia(j) - fia(j)) * fia(i).t - lambdaPhij * (propL1J * signPhij )[0m
[0m[[0m[31merror[0m] [0m[0m     |						                                                                 [31m^[0m[0m
[0m[[0m[31merror[0m] [0m[0m     |no implicit argument of type breeze.linalg.operators.OpSub.Impl2[breeze.linalg.DenseMatrix[Double], Any, Any] was found for parameter op of [33mmethod[0m [35m-[0m in [33mtrait[0m [35mImmutableNumericOps[0m.[0m
[0m[[0m[31merror[0m] [0m[0m     |I found:[0m
[0m[[0m[31merror[0m] [0m[0m     |[0m
[0m[[0m[31merror[0m] [0m[0m     |    breeze.linalg.operators.HasOps.pureFromUpdate[[35mbreeze.linalg.DenseMatrix[Double][0m[0m
[0m[[0m[31merror[0m] [0m[0m     |      , [0m
[0m[[0m[31merror[0m] [0m[0m     |    [35mAny[0m, [35mbreeze.linalg.operators.OpSub.type[0m]([0m
[0m[[0m[31merror[0m] [0m[0m     |      breeze.linalg.operators.HasOps.[0m
[0m[[0m[31merror[0m] [0m[0m     |        impl_OpSub_InPlace_T_U_Generic_from_scaleAdd_InPlace[0m
[0m[[0m[31merror[0m] [0m[0m     |      [[35mbreeze.linalg.DenseMatrix[Double][0m, [35mU[0m, [35mAny[0m]([0m
[0m[[0m[31merror[0m] [0m[0m     |        breeze.linalg.operators.HasOps.broadcastInplaceOp3_1_BCols[[0m
[0m[[0m[31merror[0m] [0m[0m     |          [35mbreeze.linalg.scaleAdd.type[0m[0m
[0m[[0m[31merror[0m] [0m[0m     |        , [35mbreeze.linalg.DenseMatrix[Double][0m, [35mT[0m, [35mColumnType[0m, [35mAny[0m, [35mOpResult[0m]([0m
[0m[[0m[31merror[0m] [0m[0m     |          /* missing */[0m
[0m[[0m[31merror[0m] [0m[0m     |            summon[[0m
[0m[[0m[31merror[0m] [0m[0m     |              breeze.linalg.support.CanCollapseAxis.HandHold[?, [0m
[0m[[0m[31merror[0m] [0m[0m     |                breeze.linalg.Axis._0.type[0m
[0m[[0m[31merror[0m] [0m[0m     |              , ?][0m
[0m[[0m[31merror[0m] [0m[0m     |            ][0m
[0m[[0m[31merror[0m] [0m[0m     |        , ???, ???)[0m
[0m[[0m[31merror[0m] [0m[0m     |      , ???)[0m
[0m[[0m[31merror[0m] [0m[0m     |    , ???)[0m
[0m[[0m[31merror[0m] [0m[0m     |[0m
[0m[[0m[31merror[0m] [0m[0m     |But no implicit values were found that match type breeze.linalg.support.CanCollapseAxis.HandHold[?, breeze.linalg.Axis._0.type, ?].[0m
[0m[[0m[33mwarn[0m] [0m[0mCanceling execution...[0m
[0m[[0m[31merror[0m] [0m[0m[31m-- Error: /localhome/usrlocal-amd64-linux/scala/src/org.sanzo/potts/src/main/scala-3/BM.scala:2211:88 [0m[0m
[0m[[0m[31merror[0m] [0m[0m[31m2211 |[0m						fia(i) * (pia(j) - fia(j)).t - lambdaPhij * (propL1J * signPhij + propL2J * phijab(ij) )[0m
[0m[[0m[31merror[0m] [0m[0m     |						                                                                                        [31m^[0m[0m
[0m[[0m[31merror[0m] [0m[0m     |no implicit argument of type breeze.linalg.operators.OpSub.Impl2[breeze.linalg.DenseMatrix[Double], Any, Any] was found for parameter op of [33mmethod[0m [35m-[0m in [33mtrait[0m [35mImmutableNumericOps[0m.[0m
[0m[[0m[31merror[0m] [0m[0m     |I found:[0m
[0m[[0m[31merror[0m] [0m[0m     |[0m
[0m[[0m[31merror[0m] [0m[0m     |    breeze.linalg.operators.HasOps.pureFromUpdate[[35mbreeze.linalg.DenseMatrix[Double][0m[0m
[0m[[0m[31merror[0m] [0m[0m     |      , [0m
[0m[[0m[31merror[0m] [0m[0m     |    [35mAny[0m, [35mbreeze.linalg.operators.OpSub.type[0m]([0m
[0m[[0m[31merror[0m] [0m[0m     |      breeze.linalg.operators.HasOps.[0m
[0m[[0m[31merror[0m] [0m[0m     |        impl_OpSub_InPlace_T_U_Generic_from_scaleAdd_InPlace[0m
[0m[[0m[31merror[0m] [0m[0m     |      [[35mbreeze.linalg.DenseMatrix[Double][0m, [35mU[0m, [35mAny[0m]([0m
[0m[[0m[31merror[0m] [0m[0m     |        breeze.linalg.operators.HasOps.broadcastInplaceOp3_1_BCols[[0m
[0m[[0m[31merror[0m] [0m[0m     |          [35mbreeze.linalg.scaleAdd.type[0m[0m
[0m[[0m[31merror[0m] [0m[0m     |        , [35mbreeze.linalg.DenseMatrix[Double][0m, [35mT[0m, [35mColumnType[0m, [35mAny[0m, [35mOpResult[0m]([0m
[0m[[0m[31merror[0m] [0m[0m     |          /* missing */[0m
[0m[[0m[31merror[0m] [0m[0m     |            summon[[0m
[0m[[0m[31merror[0m] [0m[0m     |              breeze.linalg.support.CanCollapseAxis.HandHold[?, [0m
[0m[[0m[31merror[0m] [0m[0m     |                breeze.linalg.Axis._0.type[0m
[0m[[0m[31merror[0m] [0m[0m     |              , ?][0m
[0m[[0m[31merror[0m] [0m[0m     |            ][0m
[0m[[0m[31merror[0m] [0m[0m     |        , ???, ???)[0m
[0m[[0m[31merror[0m] [0m[0m     |      , ???)[0m
[0m[[0m[31merror[0m] [0m[0m     |    , ???)[0m
[0m[[0m[31merror[0m] [0m[0m     |[0m
[0m[[0m[31merror[0m] [0m[0m     |But no implicit values were found that match type breeze.linalg.support.CanCollapseAxis.HandHold[?, breeze.linalg.Axis._0.type, ?].[0m
[0m[[0m[31merror[0m] [0m[0m[31m-- Error: /localhome/usrlocal-amd64-linux/scala/src/org.sanzo/potts/src/main/scala-3/BM.scala:2214:88 [0m[0m
[0m[[0m[31merror[0m] [0m[0m[31m2214 |[0m						(pia(j) - fia(j)) * fia(i).t - lambdaPhij * (propL1J * signPhij + propL2J * phijab(ij) )[0m
[0m[[0m[31merror[0m] [0m[0m     |						                                                                                        [31m^[0m[0m
[0m[[0m[31merror[0m] [0m[0m     |no implicit argument of type breeze.linalg.operators.OpSub.Impl2[breeze.linalg.DenseMatrix[Double], Any, Any] was found for parameter op of [33mmethod[0m [35m-[0m in [33mtrait[0m [35mImmutableNumericOps[0m.[0m
[0m[[0m[31merror[0m] [0m[0m     |I found:[0m
[0m[[0m[31merror[0m] [0m[0m     |[0m
[0m[[0m[31merror[0m] [0m[0m     |    breeze.linalg.operators.HasOps.pureFromUpdate[[35mbreeze.linalg.DenseMatrix[Double][0m[0m
[0m[[0m[31merror[0m] [0m[0m     |      , [0m
[0m[[0m[31merror[0m] [0m[0m     |    [35mAny[0m, [35mbreeze.linalg.operators.OpSub.type[0m]([0m
[0m[[0m[31merror[0m] [0m[0m     |      breeze.linalg.operators.HasOps.[0m
[0m[[0m[31merror[0m] [0m[0m     |        impl_OpSub_InPlace_T_U_Generic_from_scaleAdd_InPlace[0m
[0m[[0m[31merror[0m] [0m[0m     |      [[35mbreeze.linalg.DenseMatrix[Double][0m, [35mU[0m, [35mAny[0m]([0m
[0m[[0m[31merror[0m] [0m[0m     |        breeze.linalg.operators.HasOps.broadcastInplaceOp3_1_BCols[[0m
[0m[[0m[31merror[0m] [0m[0m     |          [35mbreeze.linalg.scaleAdd.type[0m[0m
[0m[[0m[31merror[0m] [0m[0m     |        , [35mbreeze.linalg.DenseMatrix[Double][0m, [35mT[0m, [35mColumnType[0m, [35mAny[0m, [35mOpResult[0m]([0m
[0m[[0m[31merror[0m] [0m[0m     |          /* missing */[0m
[0m[[0m[31merror[0m] [0m[0m     |            summon[[0m
[0m[[0m[31merror[0m] [0m[0m     |              breeze.linalg.support.CanCollapseAxis.HandHold[?, [0m
[0m[[0m[31merror[0m] [0m[0m     |                breeze.linalg.Axis._0.type[0m
[0m[[0m[31merror[0m] [0m[0m     |              , ?][0m
[0m[[0m[31merror[0m] [0m[0m     |            ][0m
[0m[[0m[31merror[0m] [0m[0m     |        , ???, ???)[0m
[0m[[0m[31merror[0m] [0m[0m     |      , ???)[0m
[0m[[0m[31merror[0m] [0m[0m     |    , ???)[0m
[0m[[0m[31merror[0m] [0m[0m     |[0m
[0m[[0m[31merror[0m] [0m[0m     |But no implicit values were found that match type breeze.linalg.support.CanCollapseAxis.HandHold[?, breeze.linalg.Axis._0.type, ?].[0m
[0m[[0m[33mwarn[0m] [0m[0m[33m-- Warning: /localhome/usrlocal-amd64-linux/scala/src/org.sanzo/potts/src/main/scala-3/BM.scala:2172:2 [0m[0m
[0m[[0m[33mwarn[0m] [0m[0m[33m2172 |[0m		  cfor([31m0[0m)( [36mj[0m => j < i, [36mj[0m => j + [31m1[0m)( [36mj[0m => {[0m
[0m[[0m[33mwarn[0m] [0m[0m     |		  [33m^[0m[0m
[0m[[0m[33mwarn[0m] [0m[0m     |Scala 2 macro cannot be used in Dotty, this call will crash at runtime. See https://dotty.epfl.ch/docs/reference/dropped-features/macros.html[0m
[0m[[0m[33mwarn[0m] [0m[0m[33m-- Warning: /localhome/usrlocal-amd64-linux/scala/src/org.sanzo/potts/src/main/scala-3/BM.scala:2171:0 [0m[0m
[0m[[0m[33mwarn[0m] [0m[0m[33m2171 |[0m		cfor([31m0[0m)( [36mi[0m => i < nUnits, [36mi[0m => i + [31m1[0m)( [36mi[0m => {[0m
[0m[[0m[33mwarn[0m] [0m[0m     |		[33m^[0m[0m
[0m[[0m[33mwarn[0m] [0m[0m     |Scala 2 macro cannot be used in Dotty, this call will crash at runtime. See https://dotty.epfl.ch/docs/reference/dropped-features/macros.html[0m
[0m[[0m[31merror[0m] [0m[0m[31m-- Error: /localhome/usrlocal-amd64-linux/scala/src/org.sanzo/potts/src/main/scala-3/BM.scala:2245:49 [0m[0m
[0m[[0m[31merror[0m] [0m[0m[31m2245 |[0m			          fi - pi - lambdaPhi * ( propL2h * phi )[0m
[0m[[0m[31merror[0m] [0m[0m     |			                                                 [31m^[0m[0m
[0m[[0m[31merror[0m] [0m[0m     |no implicit argument of type breeze.linalg.operators.OpSub.Impl2[breeze.linalg.DenseVector[Double], Any, B] was found for parameter op of [33mmethod[0m [35m-[0m in [33mtrait[0m [35mImmutableNumericOps[0m[0m
[0m[[0m[31merror[0m] [0m[0m     |[0m
[0m[[0m[31merror[0m] [0m[0m     |where:    B is a type variable[0m
[0m[[0m[31merror[0m] [0m[0m     |.[0m
[0m[[0m[31merror[0m] [0m[0m     |I found:[0m
[0m[[0m[31merror[0m] [0m[0m     |[0m
[0m[[0m[31merror[0m] [0m[0m     |    breeze.linalg.operators.HasOps.pureFromUpdate[[35mbreeze.linalg.DenseVector[Double][0m[0m
[0m[[0m[31merror[0m] [0m[0m     |      , [0m
[0m[[0m[31merror[0m] [0m[0m     |    [35mAny[0m, [35mbreeze.linalg.operators.OpSub.type[0m]([0m
[0m[[0m[31merror[0m] [0m[0m     |      breeze.linalg.operators.HasOps.[0m
[0m[[0m[31merror[0m] [0m[0m     |        impl_OpSub_InPlace_T_U_Generic_from_scaleAdd_InPlace[0m
[0m[[0m[31merror[0m] [0m[0m     |      [[35mbreeze.linalg.DenseVector[Double][0m, [35mU[0m, [35mAny[0m]([0m
[0m[[0m[31merror[0m] [0m[0m     |        breeze.linalg.operators.HasOps.broadcastInplaceOp3_1_BCols[[0m
[0m[[0m[31merror[0m] [0m[0m     |          [35mbreeze.linalg.scaleAdd.type[0m[0m
[0m[[0m[31merror[0m] [0m[0m     |        , [35mbreeze.linalg.DenseVector[Double][0m, [35mT[0m, [35mColumnType[0m, [35mAny[0m, [35mOpResult[0m]([0m
[0m[[0m[31merror[0m] [0m[0m     |          /* missing */[0m
[0m[[0m[31merror[0m] [0m[0m     |            summon[[0m
[0m[[0m[31merror[0m] [0m[0m     |              breeze.linalg.support.CanCollapseAxis.HandHold[?, [0m
[0m[[0m[31merror[0m] [0m[0m     |                breeze.linalg.Axis._0.type[0m
[0m[[0m[31merror[0m] [0m[0m     |              , ?][0m
[0m[[0m[31merror[0m] [0m[0m     |            ][0m
[0m[[0m[31merror[0m] [0m[0m     |        , ???, ???)[0m
[0m[[0m[31merror[0m] [0m[0m     |      , ???)[0m
[0m[[0m[31merror[0m] [0m[0m     |    , ???)[0m
[0m[[0m[31merror[0m] [0m[0m     |[0m
[0m[[0m[31merror[0m] [0m[0m     |But no implicit values were found that match type breeze.linalg.support.CanCollapseAxis.HandHold[?, breeze.linalg.Axis._0.type, ?].[0m
[0m[[0m[31merror[0m] [0m[0m[31m-- Error: /localhome/usrlocal-amd64-linux/scala/src/org.sanzo/potts/src/main/scala-3/BM.scala:2253:55 [0m[0m
[0m[[0m[31merror[0m] [0m[0m[31m2253 |[0m			            fi - pi - lambdaPhi * ( propL1h * signPhi )[0m
[0m[[0m[31merror[0m] [0m[0m     |			                                                       [31m^[0m[0m
[0m[[0m[31merror[0m] [0m[0m     |no implicit argument of type breeze.linalg.operators.OpSub.Impl2[breeze.linalg.DenseVector[Double], Any, B] was found for parameter op of [33mmethod[0m [35m-[0m in [33mtrait[0m [35mImmutableNumericOps[0m[0m
[0m[[0m[31merror[0m] [0m[0m     |[0m
[0m[[0m[31merror[0m] [0m[0m     |where:    B is a type variable[0m
[0m[[0m[31merror[0m] [0m[0m     |.[0m
[0m[[0m[31merror[0m] [0m[0m     |I found:[0m
[0m[[0m[31merror[0m] [0m[0m     |[0m
[0m[[0m[31merror[0m] [0m[0m     |    breeze.linalg.operators.HasOps.pureFromUpdate[[35mbreeze.linalg.DenseVector[Double][0m[0m
[0m[[0m[31merror[0m] [0m[0m     |      , [0m
[0m[[0m[31merror[0m] [0m[0m     |    [35mAny[0m, [35mbreeze.linalg.operators.OpSub.type[0m]([0m
[0m[[0m[31merror[0m] [0m[0m     |      breeze.linalg.operators.HasOps.[0m
[0m[[0m[31merror[0m] [0m[0m     |        impl_OpSub_InPlace_T_U_Generic_from_scaleAdd_InPlace[0m
[0m[[0m[31merror[0m] [0m[0m     |      [[35mbreeze.linalg.DenseVector[Double][0m, [35mU[0m, [35mAny[0m]([0m
[0m[[0m[31merror[0m] [0m[0m     |        breeze.linalg.operators.HasOps.broadcastInplaceOp3_1_BCols[[0m
[0m[[0m[31merror[0m] [0m[0m     |          [35mbreeze.linalg.scaleAdd.type[0m[0m
[0m[[0m[31merror[0m] [0m[0m     |        , [35mbreeze.linalg.DenseVector[Double][0m, [35mT[0m, [35mColumnType[0m, [35mAny[0m, [35mOpResult[0m]([0m
[0m[[0m[31merror[0m] [0m[0m     |          /* missing */[0m
[0m[[0m[31merror[0m] [0m[0m     |            summon[[0m
[0m[[0m[31merror[0m] [0m[0m     |              breeze.linalg.support.CanCollapseAxis.HandHold[?, [0m
[0m[[0m[31merror[0m] [0m[0m     |                breeze.linalg.Axis._0.type[0m
[0m[[0m[31merror[0m] [0m[0m     |              , ?][0m
[0m[[0m[31merror[0m] [0m[0m     |            ][0m
[0m[[0m[31merror[0m] [0m[0m     |        , ???, ???)[0m
[0m[[0m[31merror[0m] [0m[0m     |      , ???)[0m
[0m[[0m[31merror[0m] [0m[0m     |    , ???)[0m
[0m[[0m[31merror[0m] [0m[0m     |[0m
[0m[[0m[31merror[0m] [0m[0m     |But no implicit values were found that match type breeze.linalg.support.CanCollapseAxis.HandHold[?, breeze.linalg.Axis._0.type, ?].[0m
[0m[[0m[33mwarn[0m] [0m[0mCanceling execution...[0m
[0m[[0m[33mwarn[0m] [0m[0mCanceling execution...[0m
[0m[[0m[33mwarn[0m] [0m[0mCanceling execution...[0m
[0m[[0m[31merror[0m] [0m[0m[31m-- Error: /localhome/usrlocal-amd64-linux/scala/src/org.sanzo/potts/src/main/scala-3/BM.scala:2255:71 [0m[0m
[0m[[0m[31merror[0m] [0m[0m[31m2255 |[0m			            fi - pi - lambdaPhi * ( propL1h * signPhi + propL2h * phi )[0m
[0m[[0m[31merror[0m] [0m[0m     |			                                                                       [31m^[0m[0m
[0m[[0m[31merror[0m] [0m[0m     |no implicit argument of type breeze.linalg.operators.OpSub.Impl2[breeze.linalg.DenseVector[Double], Any, B] was found for parameter op of [33mmethod[0m [35m-[0m in [33mtrait[0m [35mImmutableNumericOps[0m[0m
[0m[[0m[31merror[0m] [0m[0m     |[0m
[0m[[0m[31merror[0m] [0m[0m     |where:    B is a type variable[0m
[0m[[0m[31merror[0m] [0m[0m     |.[0m
[0m[[0m[31merror[0m] [0m[0m     |I found:[0m
[0m[[0m[31merror[0m] [0m[0m     |[0m
[0m[[0m[31merror[0m] [0m[0m     |    breeze.linalg.operators.HasOps.pureFromUpdate[[35mbreeze.linalg.DenseVector[Double][0m[0m
[0m[[0m[31merror[0m] [0m[0m     |      , [0m
[0m[[0m[31merror[0m] [0m[0m     |    [35mAny[0m, [35mbreeze.linalg.operators.OpSub.type[0m]([0m
[0m[[0m[31merror[0m] [0m[0m     |      breeze.linalg.operators.HasOps.[0m
[0m[[0m[31merror[0m] [0m[0m     |        impl_OpSub_InPlace_T_U_Generic_from_scaleAdd_InPlace[0m
[0m[[0m[31merror[0m] [0m[0m     |      [[35mbreeze.linalg.DenseVector[Double][0m, [35mU[0m, [35mAny[0m]([0m
[0m[[0m[31merror[0m] [0m[0m     |        breeze.linalg.operators.HasOps.broadcastInplaceOp3_1_BCols[[0m
[0m[[0m[31merror[0m] [0m[0m     |          [35mbreeze.linalg.scaleAdd.type[0m[0m
[0m[[0m[31merror[0m] [0m[0m     |        , [35mbreeze.linalg.DenseVector[Double][0m, [35mT[0m, [35mColumnType[0m, [35mAny[0m, [35mOpResult[0m]([0m
[0m[[0m[31merror[0m] [0m[0m     |          /* missing */[0m
[0m[[0m[31merror[0m] [0m[0m     |            summon[[0m
[0m[[0m[31merror[0m] [0m[0m     |              breeze.linalg.support.CanCollapseAxis.HandHold[?, [0m
[0m[[0m[31merror[0m] [0m[0m     |                breeze.linalg.Axis._0.type[0m
[0m[[0m[31merror[0m] [0m[0m     |              , ?][0m
[0m[[0m[31merror[0m] [0m[0m     |            ][0m
[0m[[0m[31merror[0m] [0m[0m     |        , ???, ???)[0m
[0m[[0m[31merror[0m] [0m[0m     |      , ???)[0m
[0m[[0m[31merror[0m] [0m[0m     |    , ???)[0m
[0m[[0m[31merror[0m] [0m[0m     |[0m
[0m[[0m[31merror[0m] [0m[0m     |But no implicit values were found that match type breeze.linalg.support.CanCollapseAxis.HandHold[?, breeze.linalg.Axis._0.type, ?].[0m
[0m[[0m[33mwarn[0m] [0m[0mCanceling execution...[0m
[0m[[0m[33mwarn[0m] [0m[0mCanceling execution...[0m
[0m[[0m[33mwarn[0m] [0m[0mCanceling execution...[0m
[0m[[0m[31merror[0m] [0m[0m[31m-- Error: /localhome/usrlocal-amd64-linux/scala/src/org.sanzo/potts/src/main/scala-3/BM.scala:2257:3 [0m[0m
[0m[[0m[31merror[0m] [0m[0m[31m2257 |[0m			} )[0m
[0m[[0m[31merror[0m] [0m[0m     |			   [31m^[0m[0m
[0m[[0m[31merror[0m] [0m[0m     |			   No ClassTag available for B[0m
[0m[[0m[31merror[0m] [0m[0m     |[0m
[0m[[0m[31merror[0m] [0m[0m     |			   where:    B is a type variable[0m
[0m[[0m[33mwarn[0m] [0m[0mCanceling execution...[0m
[0m[[0m[33mwarn[0m] [0m[0mCanceling execution...[0m
[0m[[0m[33mwarn[0m] [0m[0mCanceling execution...[0m
[0m[[0m[33mwarn[0m] [0m[0mCanceling execution...[0m
[0m[[0m[33mwarn[0m] [0m[0mCanceling execution...[0m
[0m[[0m[33mwarn[0m] [0m[0mCanceling execution...[0m
[0m[[0m[33mwarn[0m] [0m[0mCanceling execution...[0m
[0m[[0m[31merror[0m] [0m[0m[31m-- Error: /localhome/usrlocal-amd64-linux/scala/src/org.sanzo/potts/src/main/scala-3/BM.scala:2267:68 [0m[0m
[0m[[0m[31merror[0m] [0m[0m[31m2267 |[0m						fia(i) * (pia(j) - fia(j)).t - lambdaPhij * ( propL2J * phijab(ij) )[0m
[0m[[0m[31merror[0m] [0m[0m     |						                                                                    [31m^[0m[0m
[0m[[0m[31merror[0m] [0m[0m     |no implicit argument of type breeze.linalg.operators.OpSub.Impl2[breeze.linalg.DenseMatrix[Double], Any, Any] was found for parameter op of [33mmethod[0m [35m-[0m in [33mtrait[0m [35mImmutableNumericOps[0m.[0m
[0m[[0m[31merror[0m] [0m[0m     |I found:[0m
[0m[[0m[31merror[0m] [0m[0m     |[0m
[0m[[0m[31merror[0m] [0m[0m     |    breeze.linalg.operators.HasOps.pureFromUpdate[[35mbreeze.linalg.DenseMatrix[Double][0m[0m
[0m[[0m[31merror[0m] [0m[0m     |      , [0m
[0m[[0m[31merror[0m] [0m[0m     |    [35mAny[0m, [35mbreeze.linalg.operators.OpSub.type[0m]([0m
[0m[[0m[31merror[0m] [0m[0m     |      breeze.linalg.operators.HasOps.[0m
[0m[[0m[31merror[0m] [0m[0m     |        impl_OpSub_InPlace_T_U_Generic_from_scaleAdd_InPlace[0m
[0m[[0m[31merror[0m] [0m[0m     |      [[35mbreeze.linalg.DenseMatrix[Double][0m, [35mU[0m, [35mAny[0m]([0m
[0m[[0m[31merror[0m] [0m[0m     |        breeze.linalg.operators.HasOps.broadcastInplaceOp3_1_BCols[[0m
[0m[[0m[31merror[0m] [0m[0m     |          [35mbreeze.linalg.scaleAdd.type[0m[0m
[0m[[0m[31merror[0m] [0m[0m     |        , [35mbreeze.linalg.DenseMatrix[Double][0m, [35mT[0m, [35mColumnType[0m, [35mAny[0m, [35mOpResult[0m]([0m
[0m[[0m[31merror[0m] [0m[0m     |          /* missing */[0m
[0m[[0m[31merror[0m] [0m[0m     |            summon[[0m
[0m[[0m[31merror[0m] [0m[0m     |              breeze.linalg.support.CanCollapseAxis.HandHold[?, [0m
[0m[[0m[31merror[0m] [0m[0m     |                breeze.linalg.Axis._0.type[0m
[0m[[0m[31merror[0m] [0m[0m     |              , ?][0m
[0m[[0m[31merror[0m] [0m[0m     |            ][0m
[0m[[0m[31merror[0m] [0m[0m     |        , ???, ???)[0m
[0m[[0m[31merror[0m] [0m[0m     |      , ???)[0m
[0m[[0m[31merror[0m] [0m[0m     |    , ???)[0m
[0m[[0m[31merror[0m] [0m[0m     |[0m
[0m[[0m[31merror[0m] [0m[0m     |But no implicit values were found that match type breeze.linalg.support.CanCollapseAxis.HandHold[?, breeze.linalg.Axis._0.type, ?].[0m
[0m[[0m[31merror[0m] [0m[0m[31m-- Error: /localhome/usrlocal-amd64-linux/scala/src/org.sanzo/potts/src/main/scala-3/BM.scala:2270:68 [0m[0m
[0m[[0m[31merror[0m] [0m[0m[31m2270 |[0m						(pia(j) - fia(j)) * fia(i).t - lambdaPhij * ( propL2J * phijab(ij) )[0m
[0m[[0m[31merror[0m] [0m[0m     |						                                                                    [31m^[0m[0m
[0m[[0m[31merror[0m] [0m[0m     |no implicit argument of type breeze.linalg.operators.OpSub.Impl2[breeze.linalg.DenseMatrix[Double], Any, Any] was found for parameter op of [33mmethod[0m [35m-[0m in [33mtrait[0m [35mImmutableNumericOps[0m.[0m
[0m[[0m[31merror[0m] [0m[0m     |I found:[0m
[0m[[0m[31merror[0m] [0m[0m     |[0m
[0m[[0m[31merror[0m] [0m[0m     |    breeze.linalg.operators.HasOps.pureFromUpdate[[35mbreeze.linalg.DenseMatrix[Double][0m[0m
[0m[[0m[31merror[0m] [0m[0m     |      , [0m
[0m[[0m[31merror[0m] [0m[0m     |    [35mAny[0m, [35mbreeze.linalg.operators.OpSub.type[0m]([0m
[0m[[0m[31merror[0m] [0m[0m     |      breeze.linalg.operators.HasOps.[0m
[0m[[0m[31merror[0m] [0m[0m     |        impl_OpSub_InPlace_T_U_Generic_from_scaleAdd_InPlace[0m
[0m[[0m[31merror[0m] [0m[0m     |      [[35mbreeze.linalg.DenseMatrix[Double][0m, [35mU[0m, [35mAny[0m]([0m
[0m[[0m[31merror[0m] [0m[0m     |        breeze.linalg.operators.HasOps.broadcastInplaceOp3_1_BCols[[0m
[0m[[0m[31merror[0m] [0m[0m     |          [35mbreeze.linalg.scaleAdd.type[0m[0m
[0m[[0m[31merror[0m] [0m[0m     |        , [35mbreeze.linalg.DenseMatrix[Double][0m, [35mT[0m, [35mColumnType[0m, [35mAny[0m, [35mOpResult[0m]([0m
[0m[[0m[31merror[0m] [0m[0m     |          /* missing */[0m
[0m[[0m[31merror[0m] [0m[0m     |            summon[[0m
[0m[[0m[31merror[0m] [0m[0m     |              breeze.linalg.support.CanCollapseAxis.HandHold[?, [0m
[0m[[0m[31merror[0m] [0m[0m     |                breeze.linalg.Axis._0.type[0m
[0m[[0m[31merror[0m] [0m[0m     |              , ?][0m
[0m[[0m[31merror[0m] [0m[0m     |            ][0m
[0m[[0m[31merror[0m] [0m[0m     |        , ???, ???)[0m
[0m[[0m[31merror[0m] [0m[0m     |      , ???)[0m
[0m[[0m[31merror[0m] [0m[0m     |    , ???)[0m
[0m[[0m[31merror[0m] [0m[0m     |[0m
[0m[[0m[31merror[0m] [0m[0m     |But no implicit values were found that match type breeze.linalg.support.CanCollapseAxis.HandHold[?, breeze.linalg.Axis._0.type, ?].[0m
[0m[[0m[31merror[0m] [0m[0m[31m-- Error: /localhome/usrlocal-amd64-linux/scala/src/org.sanzo/potts/src/main/scala-3/BM.scala:2281:65 [0m[0m
[0m[[0m[31merror[0m] [0m[0m[31m2281 |[0m						fia(i) * (pia(j) - fia(j)).t - lambdaPhij * (propL1J * signPhij )[0m
[0m[[0m[31merror[0m] [0m[0m     |						                                                                 [31m^[0m[0m
[0m[[0m[31merror[0m] [0m[0m     |no implicit argument of type breeze.linalg.operators.OpSub.Impl2[breeze.linalg.DenseMatrix[Double], Any, Any] was found for parameter op of [33mmethod[0m [35m-[0m in [33mtrait[0m [35mImmutableNumericOps[0m.[0m
[0m[[0m[31merror[0m] [0m[0m     |I found:[0m
[0m[[0m[31merror[0m] [0m[0m     |[0m
[0m[[0m[31merror[0m] [0m[0m     |    breeze.linalg.operators.HasOps.pureFromUpdate[[35mbreeze.linalg.DenseMatrix[Double][0m[0m
[0m[[0m[31merror[0m] [0m[0m     |      , [0m
[0m[[0m[31merror[0m] [0m[0m     |    [35mAny[0m, [35mbreeze.linalg.operators.OpSub.type[0m]([0m
[0m[[0m[31merror[0m] [0m[0m     |      breeze.linalg.operators.HasOps.[0m
[0m[[0m[31merror[0m] [0m[0m     |        impl_OpSub_InPlace_T_U_Generic_from_scaleAdd_InPlace[0m
[0m[[0m[31merror[0m] [0m[0m     |      [[35mbreeze.linalg.DenseMatrix[Double][0m, [35mU[0m, [35mAny[0m]([0m
[0m[[0m[31merror[0m] [0m[0m     |        breeze.linalg.operators.HasOps.broadcastInplaceOp3_1_BCols[[0m
[0m[[0m[31merror[0m] [0m[0m     |          [35mbreeze.linalg.scaleAdd.type[0m[0m
[0m[[0m[31merror[0m] [0m[0m     |        , [35mbreeze.linalg.DenseMatrix[Double][0m, [35mT[0m, [35mColumnType[0m, [35mAny[0m, [35mOpResult[0m]([0m
[0m[[0m[31merror[0m] [0m[0m     |          /* missing */[0m
[0m[[0m[31merror[0m] [0m[0m     |            summon[[0m
[0m[[0m[31merror[0m] [0m[0m     |              breeze.linalg.support.CanCollapseAxis.HandHold[?, [0m
[0m[[0m[31merror[0m] [0m[0m     |                breeze.linalg.Axis._0.type[0m
[0m[[0m[31merror[0m] [0m[0m     |              , ?][0m
[0m[[0m[31merror[0m] [0m[0m     |            ][0m
[0m[[0m[31merror[0m] [0m[0m     |        , ???, ???)[0m
[0m[[0m[31merror[0m] [0m[0m     |      , ???)[0m
[0m[[0m[31merror[0m] [0m[0m     |    , ???)[0m
[0m[[0m[31merror[0m] [0m[0m     |[0m
[0m[[0m[31merror[0m] [0m[0m     |But no implicit values were found that match type breeze.linalg.support.CanCollapseAxis.HandHold[?, breeze.linalg.Axis._0.type, ?].[0m
[0m[[0m[31merror[0m] [0m[0m[31m-- Error: /localhome/usrlocal-amd64-linux/scala/src/org.sanzo/potts/src/main/scala-3/BM.scala:2284:65 [0m[0m
[0m[[0m[31merror[0m] [0m[0m[31m2284 |[0m						(pia(j) - fia(j)) * fia(i).t - lambdaPhij * (propL1J * signPhij )[0m
[0m[[0m[31merror[0m] [0m[0m     |						                                                                 [31m^[0m[0m
[0m[[0m[31merror[0m] [0m[0m     |no implicit argument of type breeze.linalg.operators.OpSub.Impl2[breeze.linalg.DenseMatrix[Double], Any, Any] was found for parameter op of [33mmethod[0m [35m-[0m in [33mtrait[0m [35mImmutableNumericOps[0m.[0m
[0m[[0m[31merror[0m] [0m[0m     |I found:[0m
[0m[[0m[31merror[0m] [0m[0m     |[0m
[0m[[0m[31merror[0m] [0m[0m     |    breeze.linalg.operators.HasOps.pureFromUpdate[[35mbreeze.linalg.DenseMatrix[Double][0m[0m
[0m[[0m[31merror[0m] [0m[0m     |      , [0m
[0m[[0m[31merror[0m] [0m[0m     |    [35mAny[0m, [35mbreeze.linalg.operators.OpSub.type[0m]([0m
[0m[[0m[31merror[0m] [0m[0m     |      breeze.linalg.operators.HasOps.[0m
[0m[[0m[31merror[0m] [0m[0m     |        impl_OpSub_InPlace_T_U_Generic_from_scaleAdd_InPlace[0m
[0m[[0m[31merror[0m] [0m[0m     |      [[35mbreeze.linalg.DenseMatrix[Double][0m, [35mU[0m, [35mAny[0m]([0m
[0m[[0m[31merror[0m] [0m[0m     |        breeze.linalg.operators.HasOps.broadcastInplaceOp3_1_BCols[[0m
[0m[[0m[31merror[0m] [0m[0m     |          [35mbreeze.linalg.scaleAdd.type[0m[0m
[0m[[0m[31merror[0m] [0m[0m     |        , [35mbreeze.linalg.DenseMatrix[Double][0m, [35mT[0m, [35mColumnType[0m, [35mAny[0m, [35mOpResult[0m]([0m
[0m[[0m[31merror[0m] [0m[0m     |          /* missing */[0m
[0m[[0m[31merror[0m] [0m[0m     |            summon[[0m
[0m[[0m[31merror[0m] [0m[0m     |              breeze.linalg.support.CanCollapseAxis.HandHold[?, [0m
[0m[[0m[31merror[0m] [0m[0m     |                breeze.linalg.Axis._0.type[0m
[0m[[0m[31merror[0m] [0m[0m     |              , ?][0m
[0m[[0m[31merror[0m] [0m[0m     |            ][0m
[0m[[0m[31merror[0m] [0m[0m     |        , ???, ???)[0m
[0m[[0m[31merror[0m] [0m[0m     |      , ???)[0m
[0m[[0m[31merror[0m] [0m[0m     |    , ???)[0m
[0m[[0m[31merror[0m] [0m[0m     |[0m
[0m[[0m[31merror[0m] [0m[0m     |But no implicit values were found that match type breeze.linalg.support.CanCollapseAxis.HandHold[?, breeze.linalg.Axis._0.type, ?].[0m
[0m[[0m[31merror[0m] [0m[0m[31m-- Error: /localhome/usrlocal-amd64-linux/scala/src/org.sanzo/potts/src/main/scala-3/BM.scala:2289:88 [0m[0m
[0m[[0m[31merror[0m] [0m[0m[31m2289 |[0m						fia(i) * (pia(j) - fia(j)).t - lambdaPhij * (propL1J * signPhij + propL2J * phijab(ij) )[0m
[0m[[0m[31merror[0m] [0m[0m     |						                                                                                        [31m^[0m[0m
[0m[[0m[31merror[0m] [0m[0m     |no implicit argument of type breeze.linalg.operators.OpSub.Impl2[breeze.linalg.DenseMatrix[Double], Any, Any] was found for parameter op of [33mmethod[0m [35m-[0m in [33mtrait[0m [35mImmutableNumericOps[0m.[0m
[0m[[0m[31merror[0m] [0m[0m     |I found:[0m
[0m[[0m[31merror[0m] [0m[0m     |[0m
[0m[[0m[31merror[0m] [0m[0m     |    breeze.linalg.operators.HasOps.pureFromUpdate[[35mbreeze.linalg.DenseMatrix[Double][0m[0m
[0m[[0m[31merror[0m] [0m[0m     |      , [0m
[0m[[0m[31merror[0m] [0m[0m     |    [35mAny[0m, [35mbreeze.linalg.operators.OpSub.type[0m]([0m
[0m[[0m[31merror[0m] [0m[0m     |      breeze.linalg.operators.HasOps.[0m
[0m[[0m[31merror[0m] [0m[0m     |        impl_OpSub_InPlace_T_U_Generic_from_scaleAdd_InPlace[0m
[0m[[0m[31merror[0m] [0m[0m     |      [[35mbreeze.linalg.DenseMatrix[Double][0m, [35mU[0m, [35mAny[0m]([0m
[0m[[0m[31merror[0m] [0m[0m     |        breeze.linalg.operators.HasOps.broadcastInplaceOp3_1_BCols[[0m
[0m[[0m[31merror[0m] [0m[0m     |          [35mbreeze.linalg.scaleAdd.type[0m[0m
[0m[[0m[31merror[0m] [0m[0m     |        , [35mbreeze.linalg.DenseMatrix[Double][0m, [35mT[0m, [35mColumnType[0m, [35mAny[0m, [35mOpResult[0m]([0m
[0m[[0m[31merror[0m] [0m[0m     |          /* missing */[0m
[0m[[0m[31merror[0m] [0m[0m     |            summon[[0m
[0m[[0m[31merror[0m] [0m[0m     |              breeze.linalg.support.CanCollapseAxis.HandHold[?, [0m
[0m[[0m[31merror[0m] [0m[0m     |                breeze.linalg.Axis._0.type[0m
[0m[[0m[31merror[0m] [0m[0m     |              , ?][0m
[0m[[0m[31merror[0m] [0m[0m     |            ][0m
[0m[[0m[31merror[0m] [0m[0m     |        , ???, ???)[0m
[0m[[0m[31merror[0m] [0m[0m     |      , ???)[0m
[0m[[0m[31merror[0m] [0m[0m     |    , ???)[0m
[0m[[0m[31merror[0m] [0m[0m     |[0m
[0m[[0m[31merror[0m] [0m[0m     |But no implicit values were found that match type breeze.linalg.support.CanCollapseAxis.HandHold[?, breeze.linalg.Axis._0.type, ?].[0m
[0m[[0m[33mwarn[0m] [0m[0mCanceling execution...[0m
[0m[[0m[33mwarn[0m] [0m[0mCanceling execution...[0m
[0m[[0m[33mwarn[0m] [0m[0mCanceling execution...[0m
[0m[[0m[31merror[0m] [0m[0m[31m-- Error: /localhome/usrlocal-amd64-linux/scala/src/org.sanzo/potts/src/main/scala-3/BM.scala:2292:88 [0m[0m
[0m[[0m[31merror[0m] [0m[0m[31m2292 |[0m						(pia(j) - fia(j)) * fia(i).t - lambdaPhij * (propL1J * signPhij + propL2J * phijab(ij) )[0m
[0m[[0m[31merror[0m] [0m[0m     |						                                                                                        [31m^[0m[0m
[0m[[0m[31merror[0m] [0m[0m     |no implicit argument of type breeze.linalg.operators.OpSub.Impl2[breeze.linalg.DenseMatrix[Double], Any, Any] was found for parameter op of [33mmethod[0m [35m-[0m in [33mtrait[0m [35mImmutableNumericOps[0m.[0m
[0m[[0m[31merror[0m] [0m[0m     |I found:[0m
[0m[[0m[31merror[0m] [0m[0m     |[0m
[0m[[0m[31merror[0m] [0m[0m     |    breeze.linalg.operators.HasOps.pureFromUpdate[[35mbreeze.linalg.DenseMatrix[Double][0m[0m
[0m[[0m[31merror[0m] [0m[0m     |      , [0m
[0m[[0m[31merror[0m] [0m[0m     |    [35mAny[0m, [35mbreeze.linalg.operators.OpSub.type[0m]([0m
[0m[[0m[31merror[0m] [0m[0m     |      breeze.linalg.operators.HasOps.[0m
[0m[[0m[31merror[0m] [0m[0m     |        impl_OpSub_InPlace_T_U_Generic_from_scaleAdd_InPlace[0m
[0m[[0m[31merror[0m] [0m[0m     |      [[35mbreeze.linalg.DenseMatrix[Double][0m, [35mU[0m, [35mAny[0m]([0m
[0m[[0m[31merror[0m] [0m[0m     |        breeze.linalg.operators.HasOps.broadcastInplaceOp3_1_BCols[[0m
[0m[[0m[31merror[0m] [0m[0m     |          [35mbreeze.linalg.scaleAdd.type[0m[0m
[0m[[0m[31merror[0m] [0m[0m     |        , [35mbreeze.linalg.DenseMatrix[Double][0m, [35mT[0m, [35mColumnType[0m, [35mAny[0m, [35mOpResult[0m]([0m
[0m[[0m[31merror[0m] [0m[0m     |          /* missing */[0m
[0m[[0m[31merror[0m] [0m[0m     |            summon[[0m
[0m[[0m[31merror[0m] [0m[0m     |              breeze.linalg.support.CanCollapseAxis.HandHold[?, [0m
[0m[[0m[31merror[0m] [0m[0m     |                breeze.linalg.Axis._0.type[0m
[0m[[0m[31merror[0m] [0m[0m     |              , ?][0m
[0m[[0m[31merror[0m] [0m[0m     |            ][0m
[0m[[0m[31merror[0m] [0m[0m     |        , ???, ???)[0m
[0m[[0m[31merror[0m] [0m[0m     |      , ???)[0m
[0m[[0m[31merror[0m] [0m[0m     |    , ???)[0m
[0m[[0m[31merror[0m] [0m[0m     |[0m
[0m[[0m[31merror[0m] [0m[0m     |But no implicit values were found that match type breeze.linalg.support.CanCollapseAxis.HandHold[?, breeze.linalg.Axis._0.type, ?].[0m
[0m[[0m[33mwarn[0m] [0m[0m[33m-- Warning: /localhome/usrlocal-amd64-linux/scala/src/org.sanzo/potts/src/main/scala-3/BM.scala:2261:2 [0m[0m
[0m[[0m[33mwarn[0m] [0m[0m[33m2261 |[0m		  cfor([31m0[0m)( [36mj[0m => j < i, [36mj[0m => j + [31m1[0m)( [36mj[0m => {[0m
[0m[[0m[33mwarn[0m] [0m[0m     |		  [33m^[0m[0m
[0m[[0m[33mwarn[0m] [0m[0m     |Scala 2 macro cannot be used in Dotty, this call will crash at runtime. See https://dotty.epfl.ch/docs/reference/dropped-features/macros.html[0m
[0m[[0m[33mwarn[0m] [0m[0m[33m-- Warning: /localhome/usrlocal-amd64-linux/scala/src/org.sanzo/potts/src/main/scala-3/BM.scala:2260:0 [0m[0m
[0m[[0m[33mwarn[0m] [0m[0m[33m2260 |[0m		cfor([31m0[0m)( [36mi[0m => i < nUnits, [36mi[0m => i + [31m1[0m)( [36mi[0m => {[0m
[0m[[0m[33mwarn[0m] [0m[0m     |		[33m^[0m[0m
[0m[[0m[33mwarn[0m] [0m[0m     |Scala 2 macro cannot be used in Dotty, this call will crash at runtime. See https://dotty.epfl.ch/docs/reference/dropped-features/macros.html[0m
[0m[[0m[33mwarn[0m] [0m[0mCanceling execution...[0m
[0m[[0m[33mwarn[0m] [0m[0mCanceling execution...[0m
[0m[[0m[33mwarn[0m] [0m[0m[33m-- Warning: /localhome/usrlocal-amd64-linux/scala/src/org.sanzo/potts/src/main/scala-3/BM.scala:2323:2 [0m[0m
[0m[[0m[33mwarn[0m] [0m[0m[33m2323 |[0m		  cfor([31m0[0m)( [36mj[0m => j < i, [36mj[0m => j + [31m1[0m)( [36mj[0m => {[0m
[0m[[0m[33mwarn[0m] [0m[0m     |		  [33m^[0m[0m
[0m[[0m[33mwarn[0m] [0m[0m     |Scala 2 macro cannot be used in Dotty, this call will crash at runtime. See https://dotty.epfl.ch/docs/reference/dropped-features/macros.html[0m
[0m[[0m[33mwarn[0m] [0m[0mCanceling execution...[0m
[0m[[0m[33mwarn[0m] [0m[0m[33m-- Warning: /localhome/usrlocal-amd64-linux/scala/src/org.sanzo/potts/src/main/scala-3/BM.scala:2322:0 [0m[0m
[0m[[0m[33mwarn[0m] [0m[0m[33m2322 |[0m		cfor([31m0[0m)( [36mi[0m => i < nUnits, [36mi[0m => i + [31m1[0m)( [36mi[0m => {[0m
[0m[[0m[33mwarn[0m] [0m[0m     |		[33m^[0m[0m
[0m[[0m[33mwarn[0m] [0m[0m     |Scala 2 macro cannot be used in Dotty, this call will crash at runtime. See https://dotty.epfl.ch/docs/reference/dropped-features/macros.html[0m
[0m[[0m[33mwarn[0m] [0m[0mCanceling execution...[0m
[0m[[0m[33mwarn[0m] [0m[0mCanceling execution...[0m
[0m[[0m[33mwarn[0m] [0m[0m[33m-- Warning: /localhome/usrlocal-amd64-linux/scala/src/org.sanzo/potts/src/main/scala-3/BM.scala:2380:2 [0m[0m
[0m[[0m[33mwarn[0m] [0m[0m[33m2380 |[0m		  cfor([31m0[0m)( [36mj[0m => j < i, [36mj[0m => j + [31m1[0m)( [36mj[0m => {[0m
[0m[[0m[33mwarn[0m] [0m[0m     |		  [33m^[0m[0m
[0m[[0m[33mwarn[0m] [0m[0m     |Scala 2 macro cannot be used in Dotty, this call will crash at runtime. See https://dotty.epfl.ch/docs/reference/dropped-features/macros.html[0m
[0m[[0m[33mwarn[0m] [0m[0m[33m-- Warning: /localhome/usrlocal-amd64-linux/scala/src/org.sanzo/potts/src/main/scala-3/BM.scala:2379:0 [0m[0m
[0m[[0m[33mwarn[0m] [0m[0m[33m2379 |[0m		cfor([31m0[0m)( [36mi[0m => i < nUnits, [36mi[0m => i + [31m1[0m)( [36mi[0m => {[0m
[0m[[0m[33mwarn[0m] [0m[0m     |		[33m^[0m[0m
[0m[[0m[33mwarn[0m] [0m[0m     |Scala 2 macro cannot be used in Dotty, this call will crash at runtime. See https://dotty.epfl.ch/docs/reference/dropped-features/macros.html[0m
[0m[[0m[33mwarn[0m] [0m[0mCanceling execution...[0m
[0m[[0m[33mwarn[0m] [0m[0mCanceling execution...[0m
[0m[[0m[33mwarn[0m] [0m[0mCanceling execution...[0m
[0m[[0m[33mwarn[0m] [0m[0mCanceling execution...[0m
[0m[[0m[33mwarn[0m] [0m[0mCanceling execution...[0m
[0m[[0m[33mwarn[0m] [0m[0mCanceling execution...[0m
[0m[[0m[31merror[0m] [0m[0m[31m-- Error: /localhome/usrlocal-amd64-linux/scala/src/org.sanzo/potts/src/main/scala-3/BM.scala:2445:71 [0m[0m
[0m[[0m[31merror[0m] [0m[0m[31m2445 |[0m				( betaV * vphia(i) * normalizeBetaVStep + learningRate * grad.phia(i) )[0m
[0m[[0m[31merror[0m] [0m[0m     |				                                                                       [31m^[0m[0m
[0m[[0m[31merror[0m] [0m[0m     |no implicit argument of type breeze.linalg.operators.OpAdd.Impl2[breeze.linalg.DenseVector[Double], Any, B] was found for parameter op of [33mmethod[0m [35m+[0m in [33mtrait[0m [35mNumericOps[0m[0m
[0m[[0m[31merror[0m] [0m[0m     |[0m
[0m[[0m[31merror[0m] [0m[0m     |where:    B is a type variable[0m
[0m[[0m[31merror[0m] [0m[0m     |.[0m
[0m[[0m[31merror[0m] [0m[0m     |I found:[0m
[0m[[0m[31merror[0m] [0m[0m     |[0m
[0m[[0m[31merror[0m] [0m[0m     |    breeze.linalg.operators.HasOps.pureFromUpdate[[35mbreeze.linalg.DenseVector[Double][0m[0m
[0m[[0m[31merror[0m] [0m[0m     |      , [0m
[0m[[0m[31merror[0m] [0m[0m     |    [35mAny[0m, [35mbreeze.linalg.operators.OpAdd.type[0m]([0m
[0m[[0m[31merror[0m] [0m[0m     |      breeze.linalg.operators.HasOps.[0m
[0m[[0m[31merror[0m] [0m[0m     |        impl_OpAdd_InPlace_T_U_Generic_from_scaleAdd_InPlace[0m
[0m[[0m[31merror[0m] [0m[0m     |      [[35mbreeze.linalg.DenseVector[Double][0m, [35mU[0m, [35mAny[0m]([0m
[0m[[0m[31merror[0m] [0m[0m     |        breeze.linalg.operators.HasOps.broadcastInplaceOp3_1_BCols[[0m
[0m[[0m[31merror[0m] [0m[0m     |          [35mbreeze.linalg.scaleAdd.type[0m[0m
[0m[[0m[31merror[0m] [0m[0m     |        , [35mbreeze.linalg.DenseVector[Double][0m, [35mT[0m, [35mColumnType[0m, [35mAny[0m, [35mOpResult[0m]([0m
[0m[[0m[31merror[0m] [0m[0m     |          /* missing */[0m
[0m[[0m[31merror[0m] [0m[0m     |            summon[[0m
[0m[[0m[31merror[0m] [0m[0m     |              breeze.linalg.support.CanCollapseAxis.HandHold[?, [0m
[0m[[0m[31merror[0m] [0m[0m     |                breeze.linalg.Axis._0.type[0m
[0m[[0m[31merror[0m] [0m[0m     |              , ?][0m
[0m[[0m[31merror[0m] [0m[0m     |            ][0m
[0m[[0m[31merror[0m] [0m[0m     |        , ???, ???)[0m
[0m[[0m[31merror[0m] [0m[0m     |      , ???)[0m
[0m[[0m[31merror[0m] [0m[0m     |    , ???)[0m
[0m[[0m[31merror[0m] [0m[0m     |[0m
[0m[[0m[31merror[0m] [0m[0m     |But no implicit values were found that match type breeze.linalg.support.CanCollapseAxis.HandHold[?, breeze.linalg.Axis._0.type, ?].[0m
[0m[[0m[33mwarn[0m] [0m[0mCanceling execution...[0m
[0m[[0m[33mwarn[0m] [0m[0mCanceling execution...[0m
[0m[[0m[31merror[0m] [0m[0m[31m-- Error: /localhome/usrlocal-amd64-linux/scala/src/org.sanzo/potts/src/main/scala-3/BM.scala:2462:3 [0m[0m
[0m[[0m[31merror[0m] [0m[0m[31m2462 |[0m		} ) [0m
[0m[[0m[31merror[0m] [0m[0m     |		   [31m^[0m[0m
[0m[[0m[31merror[0m] [0m[0m     |		   No ClassTag available for B[0m
[0m[[0m[31merror[0m] [0m[0m     |[0m
[0m[[0m[31merror[0m] [0m[0m     |		   where:    B is a type variable[0m
[0m[[0m[33mwarn[0m] [0m[0mCanceling execution...[0m
[0m[[0m[33mwarn[0m] [0m[0mCanceling execution...[0m
[0m[[0m[33mwarn[0m] [0m[0mCanceling execution...[0m
[0m[[0m[33mwarn[0m] [0m[0mCanceling execution...[0m
[0m[[0m[33mwarn[0m] [0m[0mCanceling execution...[0m
[0m[[0m[31merror[0m] [0m[0m[31m-- Error: /localhome/usrlocal-amd64-linux/scala/src/org.sanzo/potts/src/main/scala-3/BM.scala:2466:77 [0m[0m
[0m[[0m[31merror[0m] [0m[0m[31m2466 |[0m				( betaV * vphijab(ij) * normalizeBetaVStep + learningRate * grad.phijab(ij) )[0m
[0m[[0m[31merror[0m] [0m[0m     |				                                                                             [31m^[0m[0m
[0m[[0m[31merror[0m] [0m[0m     |no implicit argument of type breeze.linalg.operators.OpAdd.Impl2[breeze.linalg.DenseMatrix[Double], Any, B] was found for parameter op of [33mmethod[0m [35m+[0m in [33mtrait[0m [35mNumericOps[0m[0m
[0m[[0m[31merror[0m] [0m[0m     |[0m
[0m[[0m[31merror[0m] [0m[0m     |where:    B is a type variable[0m
[0m[[0m[31merror[0m] [0m[0m     |.[0m
[0m[[0m[31merror[0m] [0m[0m     |I found:[0m
[0m[[0m[31merror[0m] [0m[0m     |[0m
[0m[[0m[31merror[0m] [0m[0m     |    breeze.linalg.operators.HasOps.pureFromUpdate[[35mbreeze.linalg.DenseMatrix[Double][0m[0m
[0m[[0m[31merror[0m] [0m[0m     |      , [0m
[0m[[0m[31merror[0m] [0m[0m     |    [35mAny[0m, [35mbreeze.linalg.operators.OpAdd.type[0m]([0m
[0m[[0m[31merror[0m] [0m[0m     |      breeze.linalg.operators.HasOps.[0m
[0m[[0m[31merror[0m] [0m[0m     |        impl_OpAdd_InPlace_T_U_Generic_from_scaleAdd_InPlace[0m
[0m[[0m[31merror[0m] [0m[0m     |      [[35mbreeze.linalg.DenseMatrix[Double][0m, [35mU[0m, [35mAny[0m]([0m
[0m[[0m[31merror[0m] [0m[0m     |        breeze.linalg.operators.HasOps.broadcastInplaceOp3_1_BCols[[0m
[0m[[0m[31merror[0m] [0m[0m     |          [35mbreeze.linalg.scaleAdd.type[0m[0m
[0m[[0m[31merror[0m] [0m[0m     |        , [35mbreeze.linalg.DenseMatrix[Double][0m, [35mT[0m, [35mColumnType[0m, [35mAny[0m, [35mOpResult[0m]([0m
[0m[[0m[31merror[0m] [0m[0m     |          /* missing */[0m
[0m[[0m[31merror[0m] [0m[0m     |            summon[[0m
[0m[[0m[31merror[0m] [0m[0m     |              breeze.linalg.support.CanCollapseAxis.HandHold[?, [0m
[0m[[0m[31merror[0m] [0m[0m     |                breeze.linalg.Axis._0.type[0m
[0m[[0m[31merror[0m] [0m[0m     |              , ?][0m
[0m[[0m[31merror[0m] [0m[0m     |            ][0m
[0m[[0m[31merror[0m] [0m[0m     |        , ???, ???)[0m
[0m[[0m[31merror[0m] [0m[0m     |      , ???)[0m
[0m[[0m[31merror[0m] [0m[0m     |    , ???)[0m
[0m[[0m[31merror[0m] [0m[0m     |[0m
[0m[[0m[31merror[0m] [0m[0m     |But no implicit values were found that match type breeze.linalg.support.CanCollapseAxis.HandHold[?, breeze.linalg.Axis._0.type, ?].[0m
[0m[[0m[33mwarn[0m] [0m[0mCanceling execution...[0m
[0m[[0m[33mwarn[0m] [0m[0mCanceling execution...[0m
[0m[[0m[33mwarn[0m] [0m[0mCanceling execution...[0m
[0m[[0m[33mwarn[0m] [0m[0mCanceling execution...[0m
[0m[[0m[31merror[0m] [0m[0m[31m-- Error: /localhome/usrlocal-amd64-linux/scala/src/org.sanzo/potts/src/main/scala-3/BM.scala:2483:3 [0m[0m
[0m[[0m[31merror[0m] [0m[0m[31m2483 |[0m		} ) [0m
[0m[[0m[31merror[0m] [0m[0m     |		   [31m^[0m[0m
[0m[[0m[31merror[0m] [0m[0m     |		   No ClassTag available for B[0m
[0m[[0m[31merror[0m] [0m[0m     |[0m
[0m[[0m[31merror[0m] [0m[0m     |		   where:    B is a type variable[0m
[0m[[0m[33mwarn[0m] [0m[0mCanceling execution...[0m
[0m[[0m[33mwarn[0m] [0m[0mCanceling execution...[0m
[0m[[0m[33mwarn[0m] [0m[0mCanceling execution...[0m
[0m[[0m[33mwarn[0m] [0m[0mCanceling execution...[0m
[0m[[0m[33mwarn[0m] [0m[0mCanceling execution...[0m
[0m[[0m[33mwarn[0m] [0m[0mCanceling execution...[0m
[0m[[0m[31merror[0m] [0m[0m[31m-- Error: /localhome/usrlocal-amd64-linux/scala/src/org.sanzo/potts/src/main/scala-3/BM.scala:2567:37 [0m[0m
[0m[[0m[31merror[0m] [0m[0m[31m2567 |[0m			betaV * v + ([31m1.0[0m - betaV) * (g *:* g)[0m
[0m[[0m[31merror[0m] [0m[0m     |			                                     [31m^[0m[0m
[0m[[0m[31merror[0m] [0m[0m     |no implicit argument of type breeze.linalg.operators.OpAdd.Impl2[breeze.linalg.DenseVector[Double], Any, B] was found for parameter op of [33mmethod[0m [35m+[0m in [33mtrait[0m [35mNumericOps[0m[0m
[0m[[0m[31merror[0m] [0m[0m     |[0m
[0m[[0m[31merror[0m] [0m[0m     |where:    B is a type variable[0m
[0m[[0m[31merror[0m] [0m[0m     |.[0m
[0m[[0m[31merror[0m] [0m[0m     |I found:[0m
[0m[[0m[31merror[0m] [0m[0m     |[0m
[0m[[0m[31merror[0m] [0m[0m     |    breeze.linalg.operators.HasOps.pureFromUpdate[[35mbreeze.linalg.DenseVector[Double][0m[0m
[0m[[0m[31merror[0m] [0m[0m     |      , [0m
[0m[[0m[31merror[0m] [0m[0m     |    [35mAny[0m, [35mbreeze.linalg.operators.OpAdd.type[0m]([0m
[0m[[0m[31merror[0m] [0m[0m     |      breeze.linalg.operators.HasOps.[0m
[0m[[0m[31merror[0m] [0m[0m     |        impl_OpAdd_InPlace_T_U_Generic_from_scaleAdd_InPlace[0m
[0m[[0m[31merror[0m] [0m[0m     |      [[35mbreeze.linalg.DenseVector[Double][0m, [35mU[0m, [35mAny[0m]([0m
[0m[[0m[31merror[0m] [0m[0m     |        breeze.linalg.operators.HasOps.broadcastInplaceOp3_1_BCols[[0m
[0m[[0m[31merror[0m] [0m[0m     |          [35mbreeze.linalg.scaleAdd.type[0m[0m
[0m[[0m[31merror[0m] [0m[0m     |        , [35mbreeze.linalg.DenseVector[Double][0m, [35mT[0m, [35mColumnType[0m, [35mAny[0m, [35mOpResult[0m]([0m
[0m[[0m[31merror[0m] [0m[0m     |          /* missing */[0m
[0m[[0m[31merror[0m] [0m[0m     |            summon[[0m
[0m[[0m[31merror[0m] [0m[0m     |              breeze.linalg.support.CanCollapseAxis.HandHold[?, [0m
[0m[[0m[31merror[0m] [0m[0m     |                breeze.linalg.Axis._0.type[0m
[0m[[0m[31merror[0m] [0m[0m     |              , ?][0m
[0m[[0m[31merror[0m] [0m[0m     |            ][0m
[0m[[0m[31merror[0m] [0m[0m     |        , ???, ???)[0m
[0m[[0m[31merror[0m] [0m[0m     |      , ???)[0m
[0m[[0m[31merror[0m] [0m[0m     |    , ???)[0m
[0m[[0m[31merror[0m] [0m[0m     |[0m
[0m[[0m[31merror[0m] [0m[0m     |But no implicit values were found that match type breeze.linalg.support.CanCollapseAxis.HandHold[?, breeze.linalg.Axis._0.type, ?].[0m
[0m[[0m[31merror[0m] [0m[0m[31m-- Error: /localhome/usrlocal-amd64-linux/scala/src/org.sanzo/potts/src/main/scala-3/BM.scala:2568:3 [0m[0m
[0m[[0m[31merror[0m] [0m[0m[31m2568 |[0m		} ) [0m
[0m[[0m[31merror[0m] [0m[0m     |		   [31m^[0m[0m
[0m[[0m[31merror[0m] [0m[0m     |		   No ClassTag available for B[0m
[0m[[0m[31merror[0m] [0m[0m     |[0m
[0m[[0m[31merror[0m] [0m[0m     |		   where:    B is a type variable[0m
[0m[[0m[33mwarn[0m] [0m[0mCanceling execution...[0m
[0m[[0m[31merror[0m] [0m[0m[31m-- Error: /localhome/usrlocal-amd64-linux/scala/src/org.sanzo/potts/src/main/scala-3/BM.scala:2572:37 [0m[0m
[0m[[0m[31merror[0m] [0m[0m[31m2572 |[0m			betaV * v + ([31m1.0[0m - betaV) * (g *:* g)[0m
[0m[[0m[31merror[0m] [0m[0m     |			                                     [31m^[0m[0m
[0m[[0m[31merror[0m] [0m[0m     |no implicit argument of type breeze.linalg.operators.OpAdd.Impl2[breeze.linalg.DenseMatrix[Double], Any, B] was found for parameter op of [33mmethod[0m [35m+[0m in [33mtrait[0m [35mNumericOps[0m[0m
[0m[[0m[31merror[0m] [0m[0m     |[0m
[0m[[0m[31merror[0m] [0m[0m     |where:    B is a type variable[0m
[0m[[0m[31merror[0m] [0m[0m     |.[0m
[0m[[0m[31merror[0m] [0m[0m     |I found:[0m
[0m[[0m[31merror[0m] [0m[0m     |[0m
[0m[[0m[31merror[0m] [0m[0m     |    breeze.linalg.operators.HasOps.pureFromUpdate[[35mbreeze.linalg.DenseMatrix[Double][0m[0m
[0m[[0m[31merror[0m] [0m[0m     |      , [0m
[0m[[0m[31merror[0m] [0m[0m     |    [35mAny[0m, [35mbreeze.linalg.operators.OpAdd.type[0m]([0m
[0m[[0m[31merror[0m] [0m[0m     |      breeze.linalg.operators.HasOps.[0m
[0m[[0m[31merror[0m] [0m[0m     |        impl_OpAdd_InPlace_T_U_Generic_from_scaleAdd_InPlace[0m
[0m[[0m[31merror[0m] [0m[0m     |      [[35mbreeze.linalg.DenseMatrix[Double][0m, [35mU[0m, [35mAny[0m]([0m
[0m[[0m[31merror[0m] [0m[0m     |        breeze.linalg.operators.HasOps.broadcastInplaceOp3_1_BCols[[0m
[0m[[0m[31merror[0m] [0m[0m     |          [35mbreeze.linalg.scaleAdd.type[0m[0m
[0m[[0m[31merror[0m] [0m[0m     |        , [35mbreeze.linalg.DenseMatrix[Double][0m, [35mT[0m, [35mColumnType[0m, [35mAny[0m, [35mOpResult[0m]([0m
[0m[[0m[31merror[0m] [0m[0m     |          /* missing */[0m
[0m[[0m[31merror[0m] [0m[0m     |            summon[[0m
[0m[[0m[31merror[0m] [0m[0m     |              breeze.linalg.support.CanCollapseAxis.HandHold[?, [0m
[0m[[0m[31merror[0m] [0m[0m     |                breeze.linalg.Axis._0.type[0m
[0m[[0m[31merror[0m] [0m[0m     |              , ?][0m
[0m[[0m[31merror[0m] [0m[0m     |            ][0m
[0m[[0m[31merror[0m] [0m[0m     |        , ???, ???)[0m
[0m[[0m[31merror[0m] [0m[0m     |      , ???)[0m
[0m[[0m[31merror[0m] [0m[0m     |    , ???)[0m
[0m[[0m[31merror[0m] [0m[0m     |[0m
[0m[[0m[31merror[0m] [0m[0m     |But no implicit values were found that match type breeze.linalg.support.CanCollapseAxis.HandHold[?, breeze.linalg.Axis._0.type, ?].[0m
[0m[[0m[31merror[0m] [0m[0m[31m-- Error: /localhome/usrlocal-amd64-linux/scala/src/org.sanzo/potts/src/main/scala-3/BM.scala:2573:3 [0m[0m
[0m[[0m[31merror[0m] [0m[0m[31m2573 |[0m		} ) [0m
[0m[[0m[31merror[0m] [0m[0m     |		   [31m^[0m[0m
[0m[[0m[31merror[0m] [0m[0m     |		   No ClassTag available for B[0m
[0m[[0m[31merror[0m] [0m[0m     |[0m
[0m[[0m[31merror[0m] [0m[0m     |		   where:    B is a type variable[0m
[0m[[0m[31merror[0m] [0m[0m[31m-- Error: /localhome/usrlocal-amd64-linux/scala/src/org.sanzo/potts/src/main/scala-3/BM.scala:2602:37 [0m[0m
[0m[[0m[31merror[0m] [0m[0m[31m2602 |[0m			betaM * m + ([31m1.0[0m - betaM) * (d *:* d)[0m
[0m[[0m[31merror[0m] [0m[0m     |			                                     [31m^[0m[0m
[0m[[0m[31merror[0m] [0m[0m     |no implicit argument of type breeze.linalg.operators.OpAdd.Impl2[breeze.linalg.DenseVector[Double], Any, B] was found for parameter op of [33mmethod[0m [35m+[0m in [33mtrait[0m [35mNumericOps[0m[0m
[0m[[0m[31merror[0m] [0m[0m     |[0m
[0m[[0m[31merror[0m] [0m[0m     |where:    B is a type variable[0m
[0m[[0m[31merror[0m] [0m[0m     |.[0m
[0m[[0m[31merror[0m] [0m[0m     |I found:[0m
[0m[[0m[31merror[0m] [0m[0m     |[0m
[0m[[0m[31merror[0m] [0m[0m     |    breeze.linalg.operators.HasOps.pureFromUpdate[[35mbreeze.linalg.DenseVector[Double][0m[0m
[0m[[0m[31merror[0m] [0m[0m     |      , [0m
[0m[[0m[31merror[0m] [0m[0m     |    [35mAny[0m, [35mbreeze.linalg.operators.OpAdd.type[0m]([0m
[0m[[0m[31merror[0m] [0m[0m     |      breeze.linalg.operators.HasOps.[0m
[0m[[0m[31merror[0m] [0m[0m     |        impl_OpAdd_InPlace_T_U_Generic_from_scaleAdd_InPlace[0m
[0m[[0m[31merror[0m] [0m[0m     |      [[35mbreeze.linalg.DenseVector[Double][0m, [35mU[0m, [35mAny[0m]([0m
[0m[[0m[31merror[0m] [0m[0m     |        breeze.linalg.operators.HasOps.broadcastInplaceOp3_1_BCols[[0m
[0m[[0m[31merror[0m] [0m[0m     |          [35mbreeze.linalg.scaleAdd.type[0m[0m
[0m[[0m[31merror[0m] [0m[0m     |        , [35mbreeze.linalg.DenseVector[Double][0m, [35mT[0m, [35mColumnType[0m, [35mAny[0m, [35mOpResult[0m]([0m
[0m[[0m[31merror[0m] [0m[0m     |          /* missing */[0m
[0m[[0m[31merror[0m] [0m[0m     |            summon[[0m
[0m[[0m[31merror[0m] [0m[0m     |              breeze.linalg.support.CanCollapseAxis.HandHold[?, [0m
[0m[[0m[31merror[0m] [0m[0m     |                breeze.linalg.Axis._0.type[0m
[0m[[0m[31merror[0m] [0m[0m     |              , ?][0m
[0m[[0m[31merror[0m] [0m[0m     |            ][0m
[0m[[0m[31merror[0m] [0m[0m     |        , ???, ???)[0m
[0m[[0m[31merror[0m] [0m[0m     |      , ???)[0m
[0m[[0m[31merror[0m] [0m[0m     |    , ???)[0m
[0m[[0m[31merror[0m] [0m[0m     |[0m
[0m[[0m[31merror[0m] [0m[0m     |But no implicit values were found that match type breeze.linalg.support.CanCollapseAxis.HandHold[?, breeze.linalg.Axis._0.type, ?].[0m
[0m[[0m[31merror[0m] [0m[0m[31m-- Error: /localhome/usrlocal-amd64-linux/scala/src/org.sanzo/potts/src/main/scala-3/BM.scala:2603:3 [0m[0m
[0m[[0m[31merror[0m] [0m[0m[31m2603 |[0m		} ) [0m
[0m[[0m[31merror[0m] [0m[0m     |		   [31m^[0m[0m
[0m[[0m[31merror[0m] [0m[0m     |		   No ClassTag available for B[0m
[0m[[0m[31merror[0m] [0m[0m     |[0m
[0m[[0m[31merror[0m] [0m[0m     |		   where:    B is a type variable[0m
[0m[[0m[33mwarn[0m] [0m[0mCanceling execution...[0m
[0m[[0m[31merror[0m] [0m[0m[31m-- Error: /localhome/usrlocal-amd64-linux/scala/src/org.sanzo/potts/src/main/scala-3/BM.scala:2607:37 [0m[0m
[0m[[0m[31merror[0m] [0m[0m[31m2607 |[0m			betaM * m + ([31m1.0[0m - betaM) * (d *:* d)[0m
[0m[[0m[31merror[0m] [0m[0m     |			                                     [31m^[0m[0m
[0m[[0m[31merror[0m] [0m[0m     |no implicit argument of type breeze.linalg.operators.OpAdd.Impl2[breeze.linalg.DenseMatrix[Double], Any, B] was found for parameter op of [33mmethod[0m [35m+[0m in [33mtrait[0m [35mNumericOps[0m[0m
[0m[[0m[31merror[0m] [0m[0m     |[0m
[0m[[0m[31merror[0m] [0m[0m     |where:    B is a type variable[0m
[0m[[0m[31merror[0m] [0m[0m     |.[0m
[0m[[0m[31merror[0m] [0m[0m     |I found:[0m
[0m[[0m[31merror[0m] [0m[0m     |[0m
[0m[[0m[31merror[0m] [0m[0m     |    breeze.linalg.operators.HasOps.pureFromUpdate[[35mbreeze.linalg.DenseMatrix[Double][0m[0m
[0m[[0m[31merror[0m] [0m[0m     |      , [0m
[0m[[0m[31merror[0m] [0m[0m     |    [35mAny[0m, [35mbreeze.linalg.operators.OpAdd.type[0m]([0m
[0m[[0m[31merror[0m] [0m[0m     |      breeze.linalg.operators.HasOps.[0m
[0m[[0m[31merror[0m] [0m[0m     |        impl_OpAdd_InPlace_T_U_Generic_from_scaleAdd_InPlace[0m
[0m[[0m[31merror[0m] [0m[0m     |      [[35mbreeze.linalg.DenseMatrix[Double][0m, [35mU[0m, [35mAny[0m]([0m
[0m[[0m[31merror[0m] [0m[0m     |        breeze.linalg.operators.HasOps.broadcastInplaceOp3_1_BCols[[0m
[0m[[0m[31merror[0m] [0m[0m     |          [35mbreeze.linalg.scaleAdd.type[0m[0m
[0m[[0m[31merror[0m] [0m[0m     |        , [35mbreeze.linalg.DenseMatrix[Double][0m, [35mT[0m, [35mColumnType[0m, [35mAny[0m, [35mOpResult[0m]([0m
[0m[[0m[31merror[0m] [0m[0m     |          /* missing */[0m
[0m[[0m[31merror[0m] [0m[0m     |            summon[[0m
[0m[[0m[31merror[0m] [0m[0m     |              breeze.linalg.support.CanCollapseAxis.HandHold[?, [0m
[0m[[0m[31merror[0m] [0m[0m     |                breeze.linalg.Axis._0.type[0m
[0m[[0m[31merror[0m] [0m[0m     |              , ?][0m
[0m[[0m[31merror[0m] [0m[0m     |            ][0m
[0m[[0m[31merror[0m] [0m[0m     |        , ???, ???)[0m
[0m[[0m[31merror[0m] [0m[0m     |      , ???)[0m
[0m[[0m[31merror[0m] [0m[0m     |    , ???)[0m
[0m[[0m[31merror[0m] [0m[0m     |[0m
[0m[[0m[31merror[0m] [0m[0m     |But no implicit values were found that match type breeze.linalg.support.CanCollapseAxis.HandHold[?, breeze.linalg.Axis._0.type, ?].[0m
[0m[[0m[33mwarn[0m] [0m[0mCanceling execution...[0m
[0m[[0m[33mwarn[0m] [0m[0mCanceling execution...[0m
[0m[[0m[31merror[0m] [0m[0m[31m-- Error: /localhome/usrlocal-amd64-linux/scala/src/org.sanzo/potts/src/main/scala-3/BM.scala:2608:3 [0m[0m
[0m[[0m[31merror[0m] [0m[0m[31m2608 |[0m		} ) [0m
[0m[[0m[31merror[0m] [0m[0m     |		   [31m^[0m[0m
[0m[[0m[31merror[0m] [0m[0m     |		   No ClassTag available for B[0m
[0m[[0m[31merror[0m] [0m[0m     |[0m
[0m[[0m[31merror[0m] [0m[0m     |		   where:    B is a type variable[0m
[0m[[0m[33mwarn[0m] [0m[0mCanceling execution...[0m
[0m[[0m[33mwarn[0m] [0m[0mCanceling execution...[0m
[0m[[0m[33mwarn[0m] [0m[0mCanceling execution...[0m
[0m[[0m[33mwarn[0m] [0m[0mCanceling execution...[0m
[0m[[0m[33mwarn[0m] [0m[0mCanceling execution...[0m
[0m[[0m[31merror[0m] [0m[0m[31m-- Error: /localhome/usrlocal-amd64-linux/scala/src/org.sanzo/potts/src/main/scala-3/BM.scala:2647:37 [0m[0m
[0m[[0m[31merror[0m] [0m[0m[31m2647 |[0m			betaV * v + ([31m1.0[0m - betaV) * (g *:* g)[0m
[0m[[0m[31merror[0m] [0m[0m     |			                                     [31m^[0m[0m
[0m[[0m[31merror[0m] [0m[0m     |no implicit argument of type breeze.linalg.operators.OpAdd.Impl2[breeze.linalg.DenseVector[Double], Any, B] was found for parameter op of [33mmethod[0m [35m+[0m in [33mtrait[0m [35mNumericOps[0m[0m
[0m[[0m[31merror[0m] [0m[0m     |[0m
[0m[[0m[31merror[0m] [0m[0m     |where:    B is a type variable[0m
[0m[[0m[31merror[0m] [0m[0m     |.[0m
[0m[[0m[31merror[0m] [0m[0m     |I found:[0m
[0m[[0m[31merror[0m] [0m[0m     |[0m
[0m[[0m[31merror[0m] [0m[0m     |    breeze.linalg.operators.HasOps.pureFromUpdate[[35mbreeze.linalg.DenseVector[Double][0m[0m
[0m[[0m[31merror[0m] [0m[0m     |      , [0m
[0m[[0m[31merror[0m] [0m[0m     |    [35mAny[0m, [35mbreeze.linalg.operators.OpAdd.type[0m]([0m
[0m[[0m[31merror[0m] [0m[0m     |      breeze.linalg.operators.HasOps.[0m
[0m[[0m[31merror[0m] [0m[0m     |        impl_OpAdd_InPlace_T_U_Generic_from_scaleAdd_InPlace[0m
[0m[[0m[31merror[0m] [0m[0m     |      [[35mbreeze.linalg.DenseVector[Double][0m, [35mU[0m, [35mAny[0m]([0m
[0m[[0m[31merror[0m] [0m[0m     |        breeze.linalg.operators.HasOps.broadcastInplaceOp3_1_BCols[[0m
[0m[[0m[31merror[0m] [0m[0m     |          [35mbreeze.linalg.scaleAdd.type[0m[0m
[0m[[0m[31merror[0m] [0m[0m     |        , [35mbreeze.linalg.DenseVector[Double][0m, [35mT[0m, [35mColumnType[0m, [35mAny[0m, [35mOpResult[0m]([0m
[0m[[0m[31merror[0m] [0m[0m     |          /* missing */[0m
[0m[[0m[31merror[0m] [0m[0m     |            summon[[0m
[0m[[0m[31merror[0m] [0m[0m     |              breeze.linalg.support.CanCollapseAxis.HandHold[?, [0m
[0m[[0m[31merror[0m] [0m[0m     |                breeze.linalg.Axis._0.type[0m
[0m[[0m[31merror[0m] [0m[0m     |              , ?][0m
[0m[[0m[31merror[0m] [0m[0m     |            ][0m
[0m[[0m[31merror[0m] [0m[0m     |        , ???, ???)[0m
[0m[[0m[31merror[0m] [0m[0m     |      , ???)[0m
[0m[[0m[31merror[0m] [0m[0m     |    , ???)[0m
[0m[[0m[31merror[0m] [0m[0m     |[0m
[0m[[0m[31merror[0m] [0m[0m     |But no implicit values were found that match type breeze.linalg.support.CanCollapseAxis.HandHold[?, breeze.linalg.Axis._0.type, ?].[0m
[0m[[0m[33mwarn[0m] [0m[0mCanceling execution...[0m
[0m[[0m[33mwarn[0m] [0m[0mCanceling execution...[0m
[0m[[0m[31merror[0m] [0m[0m[31m-- Error: /localhome/usrlocal-amd64-linux/scala/src/org.sanzo/potts/src/main/scala-3/BM.scala:2648:3 [0m[0m
[0m[[0m[31merror[0m] [0m[0m[31m2648 |[0m		} ) [0m
[0m[[0m[31merror[0m] [0m[0m     |		   [31m^[0m[0m
[0m[[0m[31merror[0m] [0m[0m     |		   No ClassTag available for B[0m
[0m[[0m[31merror[0m] [0m[0m     |[0m
[0m[[0m[31merror[0m] [0m[0m     |		   where:    B is a type variable[0m
[0m[[0m[33mwarn[0m] [0m[0mCanceling execution...[0m
[0m[[0m[33mwarn[0m] [0m[0mCanceling execution...[0m
[0m[[0m[33mwarn[0m] [0m[0mCanceling execution...[0m
[0m[[0m[33mwarn[0m] [0m[0mCanceling execution...[0m
[0m[[0m[31merror[0m] [0m[0m[31m-- Error: /localhome/usrlocal-amd64-linux/scala/src/org.sanzo/potts/src/main/scala-3/BM.scala:2652:37 [0m[0m
[0m[[0m[31merror[0m] [0m[0m[31m2652 |[0m			betaV * v + ([31m1.0[0m - betaV) * (g *:* g)[0m
[0m[[0m[31merror[0m] [0m[0m     |			                                     [31m^[0m[0m
[0m[[0m[31merror[0m] [0m[0m     |no implicit argument of type breeze.linalg.operators.OpAdd.Impl2[breeze.linalg.DenseMatrix[Double], Any, B] was found for parameter op of [33mmethod[0m [35m+[0m in [33mtrait[0m [35mNumericOps[0m[0m
[0m[[0m[31merror[0m] [0m[0m     |[0m
[0m[[0m[31merror[0m] [0m[0m     |where:    B is a type variable[0m
[0m[[0m[31merror[0m] [0m[0m     |.[0m
[0m[[0m[31merror[0m] [0m[0m     |I found:[0m
[0m[[0m[31merror[0m] [0m[0m     |[0m
[0m[[0m[31merror[0m] [0m[0m     |    breeze.linalg.operators.HasOps.pureFromUpdate[[35mbreeze.linalg.DenseMatrix[Double][0m[0m
[0m[[0m[31merror[0m] [0m[0m     |      , [0m
[0m[[0m[31merror[0m] [0m[0m     |    [35mAny[0m, [35mbreeze.linalg.operators.OpAdd.type[0m]([0m
[0m[[0m[31merror[0m] [0m[0m     |      breeze.linalg.operators.HasOps.[0m
[0m[[0m[31merror[0m] [0m[0m     |        impl_OpAdd_InPlace_T_U_Generic_from_scaleAdd_InPlace[0m
[0m[[0m[31merror[0m] [0m[0m     |      [[35mbreeze.linalg.DenseMatrix[Double][0m, [35mU[0m, [35mAny[0m]([0m
[0m[[0m[31merror[0m] [0m[0m     |        breeze.linalg.operators.HasOps.broadcastInplaceOp3_1_BCols[[0m
[0m[[0m[31merror[0m] [0m[0m     |          [35mbreeze.linalg.scaleAdd.type[0m[0m
[0m[[0m[31merror[0m] [0m[0m     |        , [35mbreeze.linalg.DenseMatrix[Double][0m, [35mT[0m, [35mColumnType[0m, [35mAny[0m, [35mOpResult[0m]([0m
[0m[[0m[31merror[0m] [0m[0m     |          /* missing */[0m
[0m[[0m[31merror[0m] [0m[0m     |            summon[[0m
[0m[[0m[31merror[0m] [0m[0m     |              breeze.linalg.support.CanCollapseAxis.HandHold[?, [0m
[0m[[0m[31merror[0m] [0m[0m     |                breeze.linalg.Axis._0.type[0m
[0m[[0m[31merror[0m] [0m[0m     |              , ?][0m
[0m[[0m[31merror[0m] [0m[0m     |            ][0m
[0m[[0m[31merror[0m] [0m[0m     |        , ???, ???)[0m
[0m[[0m[31merror[0m] [0m[0m     |      , ???)[0m
[0m[[0m[31merror[0m] [0m[0m     |    , ???)[0m
[0m[[0m[31merror[0m] [0m[0m     |[0m
[0m[[0m[31merror[0m] [0m[0m     |But no implicit values were found that match type breeze.linalg.support.CanCollapseAxis.HandHold[?, breeze.linalg.Axis._0.type, ?].[0m
[0m[[0m[33mwarn[0m] [0m[0mCanceling execution...[0m
[0m[[0m[33mwarn[0m] [0m[0mCanceling execution...[0m
[0m[[0m[31merror[0m] [0m[0m[31m-- Error: /localhome/usrlocal-amd64-linux/scala/src/org.sanzo/potts/src/main/scala-3/BM.scala:2653:3 [0m[0m
[0m[[0m[31merror[0m] [0m[0m[31m2653 |[0m		} ) [0m
[0m[[0m[31merror[0m] [0m[0m     |		   [31m^[0m[0m
[0m[[0m[31merror[0m] [0m[0m     |		   No ClassTag available for B[0m
[0m[[0m[31merror[0m] [0m[0m     |[0m
[0m[[0m[31merror[0m] [0m[0m     |		   where:    B is a type variable[0m
[0m[[0m[33mwarn[0m] [0m[0mCanceling execution...[0m
[0m[[0m[33mwarn[0m] [0m[0mCanceling execution...[0m
[0m[[0m[0minfo[0m] [0m[0mexception occurred while typechecking /localhome/usrlocal-amd64-linux/scala/src/org.sanzo/potts/src/main/scala-3/BM.scala[0m
[0m[[0m[0minfo[0m] [0m[0mexception occurred while compiling /localhome/usrlocal-amd64-linux/scala/src/org.sanzo/potts/src/main/scala-3/BM.scala, /localhome/usrlocal-amd64-linux/scala/src/org.sanzo/potts/src/main/scala-3/PairIntScore.scala[0m
[0m[[0m[33mwarn[0m] [0m[0mCanceling execution...[0m
[0m[[0m[31merror[0m] [0m[0m## Exception when compiling 2 sources to /localhome/usrlocal-amd64-linux/scala/src/org.sanzo/potts/target/scala-3.0.2/classes[0m
[0m[[0m[31merror[0m] [0m[0mjava.lang.AssertionError: assertion failed: Inconsistent state in TS[10261058X, 10261030, 2, 1, 0]: it owns TypeVar(TypeParamRef(B)) whose owningState is TS[10261030, 2, 1, 0][0m
[0m[[0m[31merror[0m] [0m[0mscala.runtime.Scala3RunTime$.assertFailed(Scala3RunTime.scala:8)[0m
[0m[[0m[31merror[0m] [0m[0mdotty.tools.dotc.core.TyperState.gc$$anonfun$1(TyperState.scala:220)[0m
[0m[[0m[31merror[0m] [0m[0mscala.runtime.function.JProcedure1.apply(JProcedure1.java:15)[0m
[0m[[0m[31merror[0m] [0m[0mscala.runtime.function.JProcedure1.apply(JProcedure1.java:10)[0m
[0m[[0m[31merror[0m] [0m[0mdotty.tools.dotc.util.SimpleIdentitySet$Set3.foreach(SimpleIdentitySet.scala:113)[0m
[0m[[0m[31merror[0m] [0m[0mdotty.tools.dotc.core.TyperState.gc(TyperState.scala:226)[0m
[0m[[0m[31merror[0m] [0m[0mdotty.tools.dotc.core.TyperState.commit(TyperState.scala:163)[0m
[0m[[0m[31merror[0m] [0m[0mdotty.tools.dotc.typer.Inferencing$.isFullyDefined(Inferencing.scala:40)[0m
[0m[[0m[31merror[0m] [0m[0mdotty.tools.dotc.typer.Implicits.ignoredInstanceNormalImport$1(Implicits.scala:881)[0m
[0m[[0m[31merror[0m] [0m[0mdotty.tools.dotc.typer.Implicits.$anonfun$1(Implicits.scala:896)[0m
[0m[[0m[31merror[0m] [0m[0mdotty.tools.dotc.typer.ImplicitSearchError.hiddenImplicitsAddendum(ErrorReporting.scala:419)[0m
[0m[[0m[31merror[0m] [0m[0mdotty.tools.dotc.typer.ImplicitSearchError.missingArgMsg(ErrorReporting.scala:267)[0m
[0m[[0m[31merror[0m] [0m[0mdotty.tools.dotc.typer.Implicits.missingArgMsg(Implicits.scala:897)[0m
[0m[[0m[31merror[0m] [0m[0mdotty.tools.dotc.typer.Implicits.missingArgMsg$(Implicits.scala:774)[0m
[0m[[0m[31merror[0m] [0m[0mdotty.tools.dotc.typer.Typer.missingArgMsg(Typer.scala:106)[0m
[0m[[0m[31merror[0m] [0m[0mdotty.tools.dotc.typer.Typer.issueErrors$1$$anonfun$1$$anonfun$1(Typer.scala:3353)[0m
[0m[[0m[31merror[0m] [0m[0mdotty.tools.dotc.reporting.NoExplanation.msg(Message.scala:132)[0m
[0m[[0m[31merror[0m] [0m[0mdotty.tools.dotc.reporting.Message.message(Message.scala:87)[0m
[0m[[0m[31merror[0m] [0m[0mdotty.tools.dotc.reporting.Message.isNonSensical(Message.scala:99)[0m
[0m[[0m[31merror[0m] [0m[0mdotty.tools.dotc.reporting.HideNonSensicalMessages.isHidden(HideNonSensicalMessages.scala:16)[0m
[0m[[0m[31merror[0m] [0m[0mdotty.tools.dotc.reporting.HideNonSensicalMessages.isHidden$(HideNonSensicalMessages.scala:10)[0m
[0m[[0m[31merror[0m] [0m[0mdotty.tools.dotc.reporting.AbstractReporter.isHidden(AbstractReporter.scala:8)[0m
[0m[[0m[31merror[0m] [0m[0mdotty.tools.dotc.reporting.Reporter.report(Reporter.scala:148)[0m
[0m[[0m[31merror[0m] [0m[0mdotty.tools.dotc.reporting.Reporter.flush$$anonfun$1(Reporter.scala:206)[0m
[0m[[0m[31merror[0m] [0m[0mscala.runtime.function.JProcedure1.apply(JProcedure1.java:15)[0m
[0m[[0m[31merror[0m] [0m[0mscala.runtime.function.JProcedure1.apply(JProcedure1.java:10)[0m
[0m[[0m[31merror[0m] [0m[0mscala.collection.immutable.List.foreach(List.scala:333)[0m
[0m[[0m[31merror[0m] [0m[0mdotty.tools.dotc.reporting.Reporter.flush(Reporter.scala:206)[0m
[0m[[0m[31merror[0m] [0m[0mdotty.tools.dotc.core.TyperState.commit(TyperState.scala:143)[0m
[0m[[0m[31merror[0m] [0m[0mdotty.tools.dotc.typer.Applications.fail$1(Applications.scala:986)[0m
[0m[[0m[31merror[0m] [0m[0mdotty.tools.dotc.typer.Applications.realApply$7$$anonfun$6$$anonfun$2(Applications.scala:992)[0m
[0m[[0m[31merror[0m] [0m[0mscala.Option.getOrElse(Option.scala:201)[0m
[0m[[0m[31merror[0m] [0m[0mdotty.tools.dotc.typer.Applications.realApply$8$$anonfun$7(Applications.scala:993)[0m
[0m[[0m[31merror[0m] [0m[0mdotty.tools.dotc.typer.Typer.tryEither(Typer.scala:2952)[0m
[0m[[0m[31merror[0m] [0m[0mdotty.tools.dotc.typer.Applications.realApply$1(Applications.scala:994)[0m
[0m[[0m[31merror[0m] [0m[0mdotty.tools.dotc.typer.Applications.typedApply(Applications.scala:1032)[0m
[0m[[0m[31merror[0m] [0m[0mdotty.tools.dotc.typer.Applications.typedApply$(Applications.scala:317)[0m
[0m[[0m[31merror[0m] [0m[0mdotty.tools.dotc.typer.Typer.typedApply(Typer.scala:106)[0m
[0m[[0m[31merror[0m] [0m[0mdotty.tools.dotc.typer.Typer.typedUnnamed$1(Typer.scala:2693)[0m
[0m[[0m[31merror[0m] [0m[0mdotty.tools.dotc.typer.Typer.typedUnadapted(Typer.scala:2756)[0m
[0m[[0m[31merror[0m] [0m[0mdotty.tools.dotc.typer.Typer.typed(Typer.scala:2821)[0m
[0m[[0m[31merror[0m] [0m[0mdotty.tools.dotc.typer.Typer.typed(Typer.scala:2825)[0m
[0m[[0m[31merror[0m] [0m[0mdotty.tools.dotc.typer.Typer.typedExpr(Typer.scala:2941)[0m
[0m[[0m[31merror[0m] [0m[0mdotty.tools.dotc.typer.Namer.typedAheadExpr$$anonfun$1(Namer.scala:1424)[0m
[0m[[0m[31merror[0m] [0m[0mdotty.tools.dotc.typer.Namer.typedAhead(Namer.scala:1414)[0m
[0m[[0m[31merror[0m] [0m[0mdotty.tools.dotc.typer.Namer.typedAheadExpr(Namer.scala:1424)[0m
[0m[[0m[31merror[0m] [0m[0mdotty.tools.dotc.typer.Namer.typedAheadRhs$1$$anonfun$1(Namer.scala:1676)[0m
[0m[[0m[31merror[0m] [0m[0mdotty.tools.dotc.typer.PrepareInlineable$.dropInlineIfError(PrepareInlineable.scala:225)[0m
[0m[[0m[31merror[0m] [0m[0mdotty.tools.dotc.typer.Namer.typedAheadRhs$2(Namer.scala:1676)[0m
[0m[[0m[31merror[0m] [0m[0mdotty.tools.dotc.typer.Namer.rhsType$1(Namer.scala:1684)[0m
[0m[[0m[31merror[0m] [0m[0mdotty.tools.dotc.typer.Namer.cookedRhsType$1(Namer.scala:1711)[0m
[0m[[0m[31merror[0m] [0m[0mdotty.tools.dotc.typer.Namer.lhsType$1(Namer.scala:1712)[0m
[0m[[0m[31merror[0m] [0m[0mdotty.tools.dotc.typer.Namer.inferredResultType(Namer.scala:1723)[0m
[0m[[0m[31merror[0m] [0m[0mdotty.tools.dotc.typer.Namer.inferredType$1(Namer.scala:1463)[0m
[0m[[0m[31merror[0m] [0m[0mdotty.tools.dotc.typer.Namer.valOrDefDefSig(Namer.scala:1470)[0m
[0m[[0m[31merror[0m] [0m[0mdotty.tools.dotc.typer.Namer$Completer.typeSig(Namer.scala:751)[0m
[0m[[0m[31merror[0m] [0m[0mdotty.tools.dotc.typer.Namer$Completer.completeInCreationContext(Namer.scala:887)[0m
[0m[[0m[31merror[0m] [0m[0mdotty.tools.dotc.typer.Namer$Completer.complete(Namer.scala:779)[0m
[0m[[0m[31merror[0m] [0m[0mdotty.tools.dotc.core.SymDenotations$SymDenotation.completeFrom(SymDenotations.scala:167)[0m
[0m[[0m[31merror[0m] [0m[0mdotty.tools.dotc.core.Denotations$Denotation.completeInfo$1(Denotations.scala:188)[0m
[0m[[0m[31merror[0m] [0m[0mdotty.tools.dotc.core.Denotations$Denotation.info(Denotations.scala:190)[0m
[0m[[0m[31merror[0m] [0m[0mdotty.tools.dotc.core.SymDenotations$SymDenotation.ensureCompleted(SymDenotations.scala:369)[0m
[0m[[0m[31merror[0m] [0m[0mdotty.tools.dotc.typer.Typer.retrieveSym(Typer.scala:2635)[0m
[0m[[0m[31merror[0m] [0m[0mdotty.tools.dotc.typer.Typer.typedNamed$1(Typer.scala:2660)[0m
[0m[[0m[31merror[0m] [0m[0mdotty.tools.dotc.typer.Typer.typedUnadapted(Typer.scala:2755)[0m
[0m[[0m[31merror[0m] [0m[0mdotty.tools.dotc.typer.Typer.typed(Typer.scala:2821)[0m
[0m[[0m[31merror[0m] [0m[0mdotty.tools.dotc.typer.Typer.typed(Typer.scala:2825)[0m
[0m[[0m[31merror[0m] [0m[0mdotty.tools.dotc.typer.Typer.traverse$1(Typer.scala:2847)[0m
[0m[[0m[31merror[0m] [0m[0mdotty.tools.dotc.typer.Typer.typedStats(Typer.scala:2897)[0m
[0m[[0m[31merror[0m] [0m[0mdotty.tools.dotc.typer.Typer.typedBlockStats(Typer.scala:1025)[0m
[0m[[0m[31merror[0m] [0m[0mdotty.tools.dotc.typer.Typer.typedBlock(Typer.scala:1029)[0m
[0m[[0m[31merror[0m] [0m[0mdotty.tools.dotc.typer.Typer.typedUnnamed$1(Typer.scala:2701)[0m
[0m[[0m[31merror[0m] [0m[0mdotty.tools.dotc.typer.Typer.typedUnadapted(Typer.scala:2756)[0m
[0m[[0m[31merror[0m] [0m[0mdotty.tools.dotc.typer.Typer.typed(Typer.scala:2821)[0m
[0m[[0m[31merror[0m] [0m[0mdotty.tools.dotc.typer.Typer.typed(Typer.scala:2825)[0m
[0m[[0m[31merror[0m] [0m[0mdotty.tools.dotc.typer.Typer.typedExpr(Typer.scala:2941)[0m
[0m[[0m[31merror[0m] [0m[0mdotty.tools.dotc.typer.Typer.$anonfun$34(Typer.scala:2156)[0m
[0m[[0m[31merror[0m] [0m[0mdotty.tools.dotc.typer.PrepareInlineable$.dropInlineIfError(PrepareInlineable.scala:225)[0m
[0m[[0m[31merror[0m] [0m[0mdotty.tools.dotc.typer.Typer.typedDefDef(Typer.scala:2156)[0m
[0m[[0m[31merror[0m] [0m[0mdotty.tools.dotc.typer.Typer.typedNamed$1(Typer.scala:2670)[0m
[0m[[0m[31merror[0m] [0m[0mdotty.tools.dotc.typer.Typer.typedUnadapted(Typer.scala:2755)[0m
[0m[[0m[31merror[0m] [0m[0mdotty.tools.dotc.typer.Typer.typed(Typer.scala:2821)[0m
[0m[[0m[31merror[0m] [0m[0mdotty.tools.dotc.typer.Typer.typed(Typer.scala:2825)[0m
[0m[[0m[31merror[0m] [0m[0mdotty.tools.dotc.typer.Typer.traverse$1(Typer.scala:2847)[0m
[0m[[0m[31merror[0m] [0m[0mdotty.tools.dotc.typer.Typer.typedStats(Typer.scala:2897)[0m
[0m[[0m[31merror[0m] [0m[0mdotty.tools.dotc.typer.Typer.typedClassDef(Typer.scala:2352)[0m
[0m[[0m[31merror[0m] [0m[0mdotty.tools.dotc.typer.Typer.typedTypeOrClassDef$2(Typer.scala:2681)[0m
[0m[[0m[31merror[0m] [0m[0mdotty.tools.dotc.typer.Typer.typedNamed$1(Typer.scala:2685)[0m
[0m[[0m[31merror[0m] [0m[0mdotty.tools.dotc.typer.Typer.typedUnadapted(Typer.scala:2755)[0m
[0m[[0m[31merror[0m] [0m[0mdotty.tools.dotc.typer.Typer.typed(Typer.scala:2821)[0m
[0m[[0m[31merror[0m] [0m[0mdotty.tools.dotc.typer.Typer.typed(Typer.scala:2825)[0m
[0m[[0m[31merror[0m] [0m[0mdotty.tools.dotc.typer.Typer.traverse$1(Typer.scala:2847)[0m
[0m[[0m[31merror[0m] [0m[0mdotty.tools.dotc.typer.Typer.typedStats(Typer.scala:2897)[0m
[0m[[0m[31merror[0m] [0m[0mdotty.tools.dotc.typer.Typer.typedPackageDef(Typer.scala:2475)[0m
[0m[[0m[31merror[0m] [0m[0mdotty.tools.dotc.typer.Typer.typedUnnamed$1(Typer.scala:2726)[0m
[0m[[0m[31merror[0m] [0m[0mdotty.tools.dotc.typer.Typer.typedUnadapted(Typer.scala:2756)[0m
[0m[[0m[31merror[0m] [0m[0mdotty.tools.dotc.typer.Typer.typed(Typer.scala:2821)[0m
[0m[[0m[31merror[0m] [0m[0mdotty.tools.dotc.typer.Typer.typed(Typer.scala:2825)[0m
[0m[[0m[31merror[0m] [0m[0mdotty.tools.dotc.typer.Typer.traverse$1(Typer.scala:2874)[0m
[0m[[0m[31merror[0m] [0m[0mdotty.tools.dotc.typer.Typer.typedStats(Typer.scala:2897)[0m
[0m[[0m[31merror[0m] [0m[0mdotty.tools.dotc.typer.Typer.typedPackageDef(Typer.scala:2475)[0m
[0m[[0m[31merror[0m] [0m[0mdotty.tools.dotc.typer.Typer.typedUnnamed$1(Typer.scala:2726)[0m
[0m[[0m[31merror[0m] [0m[0mdotty.tools.dotc.typer.Typer.typedUnadapted(Typer.scala:2756)[0m
[0m[[0m[31merror[0m] [0m[0mdotty.tools.dotc.typer.Typer.typed(Typer.scala:2821)[0m
[0m[[0m[31merror[0m] [0m[0mdotty.tools.dotc.typer.Typer.typed(Typer.scala:2825)[0m
[0m[[0m[31merror[0m] [0m[0mdotty.tools.dotc.typer.Typer.typedExpr(Typer.scala:2941)[0m
[0m[[0m[31merror[0m] [0m[0mdotty.tools.dotc.typer.FrontEnd.liftedTree1$1(FrontEnd.scala:79)[0m
[0m[[0m[31merror[0m] [0m[0mdotty.tools.dotc.typer.FrontEnd.typeCheck$$anonfun$1(FrontEnd.scala:84)[0m
[0m[[0m[31merror[0m] [0m[0mdotty.tools.dotc.typer.FrontEnd.monitor(FrontEnd.scala:43)[0m
[0m[[0m[31merror[0m] [0m[0mdotty.tools.dotc.typer.FrontEnd.typeCheck(FrontEnd.scala:85)[0m
[0m[[0m[31merror[0m] [0m[0mdotty.tools.dotc.typer.FrontEnd.runOn$$anonfun$3(FrontEnd.scala:120)[0m
[0m[[0m[31merror[0m] [0m[0mscala.runtime.function.JProcedure1.apply(JProcedure1.java:15)[0m
[0m[[0m[31merror[0m] [0m[0mscala.runtime.function.JProcedure1.apply(JProcedure1.java:10)[0m
[0m[[0m[31merror[0m] [0m[0mscala.collection.immutable.List.foreach(List.scala:333)[0m
[0m[[0m[31merror[0m] [0m[0mdotty.tools.dotc.typer.FrontEnd.runOn(FrontEnd.scala:120)[0m
[0m[[0m[31merror[0m] [0m[0mdotty.tools.dotc.Run.runPhases$4$$anonfun$4(Run.scala:205)[0m
[0m[[0m[31merror[0m] [0m[0mscala.runtime.function.JProcedure1.apply(JProcedure1.java:15)[0m
[0m[[0m[31merror[0m] [0m[0mscala.runtime.function.JProcedure1.apply(JProcedure1.java:10)[0m
[0m[[0m[31merror[0m] [0m[0mscala.collection.ArrayOps$.foreach$extension(ArrayOps.scala:1323)[0m
[0m[[0m[31merror[0m] [0m[0mdotty.tools.dotc.Run.runPhases$5(Run.scala:216)[0m
[0m[[0m[31merror[0m] [0m[0mdotty.tools.dotc.Run.compileUnits$$anonfun$1(Run.scala:224)[0m
[0m[[0m[31merror[0m] [0m[0mscala.runtime.java8.JFunction0$mcV$sp.apply(JFunction0$mcV$sp.scala:18)[0m
[0m[[0m[31merror[0m] [0m[0mdotty.tools.dotc.util.Stats$.maybeMonitored(Stats.scala:67)[0m
[0m[[0m[31merror[0m] [0m[0mdotty.tools.dotc.Run.compileUnits(Run.scala:231)[0m
[0m[[0m[31merror[0m] [0m[0mdotty.tools.dotc.Run.compileSources(Run.scala:166)[0m
[0m[[0m[31merror[0m] [0m[0mdotty.tools.dotc.Run.compile(Run.scala:150)[0m
[0m[[0m[31merror[0m] [0m[0mdotty.tools.dotc.Driver.doCompile(Driver.scala:39)[0m
[0m[[0m[31merror[0m] [0m[0mdotty.tools.xsbt.CompilerBridgeDriver.run(CompilerBridgeDriver.java:88)[0m
[0m[[0m[31merror[0m] [0m[0mdotty.tools.xsbt.CompilerBridge.run(CompilerBridge.java:22)[0m
[0m[[0m[31merror[0m] [0m[0msbt.internal.inc.AnalyzingCompiler.compile(AnalyzingCompiler.scala:91)[0m
[0m[[0m[31merror[0m] [0m[0msbt.internal.inc.MixedAnalyzingCompiler.$anonfun$compile$7(MixedAnalyzingCompiler.scala:192)[0m
[0m[[0m[31merror[0m] [0m[0mscala.runtime.java8.JFunction0$mcV$sp.apply(JFunction0$mcV$sp.java:23)[0m
[0m[[0m[31merror[0m] [0m[0msbt.internal.inc.MixedAnalyzingCompiler.timed(MixedAnalyzingCompiler.scala:247)[0m
[0m[[0m[31merror[0m] [0m[0msbt.internal.inc.MixedAnalyzingCompiler.$anonfun$compile$4(MixedAnalyzingCompiler.scala:182)[0m
[0m[[0m[31merror[0m] [0m[0msbt.internal.inc.MixedAnalyzingCompiler.$anonfun$compile$4$adapted(MixedAnalyzingCompiler.scala:163)[0m
[0m[[0m[31merror[0m] [0m[0msbt.internal.inc.JarUtils$.withPreviousJar(JarUtils.scala:239)[0m
[0m[[0m[31merror[0m] [0m[0msbt.internal.inc.MixedAnalyzingCompiler.compileScala$1(MixedAnalyzingCompiler.scala:163)[0m
[0m[[0m[31merror[0m] [0m[0msbt.internal.inc.MixedAnalyzingCompiler.compile(MixedAnalyzingCompiler.scala:210)[0m
[0m[[0m[31merror[0m] [0m[0msbt.internal.inc.IncrementalCompilerImpl.$anonfun$compileInternal$1(IncrementalCompilerImpl.scala:528)[0m
[0m[[0m[31merror[0m] [0m[0msbt.internal.inc.IncrementalCompilerImpl.$anonfun$compileInternal$1$adapted(IncrementalCompilerImpl.scala:528)[0m
[0m[[0m[31merror[0m] [0m[0msbt.internal.inc.Incremental$.$anonfun$apply$5(Incremental.scala:175)[0m
[0m[[0m[31merror[0m] [0m[0msbt.internal.inc.Incremental$.$anonfun$apply$5$adapted(Incremental.scala:173)[0m
[0m[[0m[31merror[0m] [0m[0msbt.internal.inc.Incremental$$anon$2.run(Incremental.scala:459)[0m
[0m[[0m[31merror[0m] [0m[0msbt.internal.inc.IncrementalCommon$CycleState.next(IncrementalCommon.scala:116)[0m
[0m[[0m[31merror[0m] [0m[0msbt.internal.inc.IncrementalCommon$$anon$1.next(IncrementalCommon.scala:56)[0m
[0m[[0m[31merror[0m] [0m[0msbt.internal.inc.IncrementalCommon$$anon$1.next(IncrementalCommon.scala:52)[0m
[0m[[0m[31merror[0m] [0m[0msbt.internal.inc.IncrementalCommon.cycle(IncrementalCommon.scala:263)[0m
[0m[[0m[31merror[0m] [0m[0msbt.internal.inc.Incremental$.$anonfun$incrementalCompile$8(Incremental.scala:414)[0m
[0m[[0m[31merror[0m] [0m[0msbt.internal.inc.Incremental$.withClassfileManager(Incremental.scala:501)[0m
[0m[[0m[31merror[0m] [0m[0msbt.internal.inc.Incremental$.incrementalCompile(Incremental.scala:401)[0m
[0m[[0m[31merror[0m] [0m[0msbt.internal.inc.Incremental$.apply(Incremental.scala:167)[0m
[0m[[0m[31merror[0m] [0m[0msbt.internal.inc.IncrementalCompilerImpl.compileInternal(IncrementalCompilerImpl.scala:528)[0m
[0m[[0m[31merror[0m] [0m[0msbt.internal.inc.IncrementalCompilerImpl.$anonfun$compileIncrementally$1(IncrementalCompilerImpl.scala:482)[0m
[0m[[0m[31merror[0m] [0m[0msbt.internal.inc.IncrementalCompilerImpl.handleCompilationError(IncrementalCompilerImpl.scala:332)[0m
[0m[[0m[31merror[0m] [0m[0msbt.internal.inc.IncrementalCompilerImpl.compileIncrementally(IncrementalCompilerImpl.scala:420)[0m
[0m[[0m[31merror[0m] [0m[0msbt.internal.inc.IncrementalCompilerImpl.compile(IncrementalCompilerImpl.scala:137)[0m
[0m[[0m[31merror[0m] [0m[0msbt.Defaults$.compileIncrementalTaskImpl(Defaults.scala:2357)[0m
[0m[[0m[31merror[0m] [0m[0msbt.Defaults$.$anonfun$compileIncrementalTask$2(Defaults.scala:2314)[0m
[0m[[0m[31merror[0m] [0m[0msbt.internal.io.Retry$.apply(Retry.scala:46)[0m
[0m[[0m[31merror[0m] [0m[0msbt.internal.io.Retry$.apply(Retry.scala:28)[0m
[0m[[0m[31merror[0m] [0m[0msbt.internal.io.Retry$.apply(Retry.scala:23)[0m
[0m[[0m[31merror[0m] [0m[0msbt.internal.server.BspCompileTask$.compute(BspCompileTask.scala:31)[0m
[0m[[0m[31merror[0m] [0m[0msbt.Defaults$.$anonfun$compileIncrementalTask$1(Defaults.scala:2310)[0m
[0m[[0m[31merror[0m] [0m[0mscala.Function1.$anonfun$compose$1(Function1.scala:49)[0m
[0m[[0m[31merror[0m] [0m[0msbt.internal.util.$tilde$greater.$anonfun$$u2219$1(TypeFunctions.scala:62)[0m
[0m[[0m[31merror[0m] [0m[0msbt.std.Transform$$anon$4.work(Transform.scala:68)[0m
[0m[[0m[31merror[0m] [0m[0msbt.Execute.$anonfun$submit$2(Execute.scala:282)[0m
[0m[[0m[31merror[0m] [0m[0msbt.internal.util.ErrorHandling$.wideConvert(ErrorHandling.scala:23)[0m
[0m[[0m[31merror[0m] [0m[0msbt.Execute.work(Execute.scala:291)[0m
[0m[[0m[31merror[0m] [0m[0msbt.Execute.$anonfun$submit$1(Execute.scala:282)[0m
[0m[[0m[31merror[0m] [0m[0msbt.ConcurrentRestrictions$$anon$4.$anonfun$submitValid$1(ConcurrentRestrictions.scala:265)[0m
[0m[[0m[31merror[0m] [0m[0msbt.CompletionService$$anon$2.call(CompletionService.scala:64)[0m
[0m[[0m[31merror[0m] [0m[0mjava.base/java.util.concurrent.FutureTask.run(FutureTask.java:264)[0m
[0m[[0m[31merror[0m] [0m[0mjava.base/java.util.concurrent.Executors$RunnableAdapter.call(Executors.java:515)[0m
[0m[[0m[31merror[0m] [0m[0mjava.base/java.util.concurrent.FutureTask.run(FutureTask.java:264)[0m
[0m[[0m[31merror[0m] [0m[0mjava.base/java.util.concurrent.ThreadPoolExecutor.runWorker(ThreadPoolExecutor.java:1128)[0m
[0m[[0m[31merror[0m] [0m[0mjava.base/java.util.concurrent.ThreadPoolExecutor$Worker.run(ThreadPoolExecutor.java:628)[0m
[0m[[0m[31merror[0m] [0m[0mjava.base/java.lang.Thread.run(Thread.java:829)[0m
[0m[[0m[31merror[0m] [0m[0m           [0m
[0m[[0m[31merror[0m] [0m[0mCancelled: compile[0m
[0m[[0m[31merror[0m] [0m[0mCancelled: compile[0m
[0m[[0m[31merror[0m] [0m[0mUse 'last' for the full log.[0m
[0m[[0m[0mdebug[0m] [0m[0m> Exec(shell, None, None)[0m
[0m[[0m[0minfo[0m] [0m[0mshutting down sbt server[0m
