# GL1L2  propL1h= 0.00000 propL1J= 1.00000  lambdaPhi= 0.000500000  lambdaPhij= 0.00200000  ungauged  ModAdam  learningRate= 0.00600000  betaV= 0.999000  betaM= 0.900000  eps= 1.00000e-06  batchSize=7007  miniBatchSize= 103  stepsPerEpoch= 68.0000
# learningRate.coolingMethod= (1+at)^b  stepsPerEpoch= 1.000000  warmupEpochs= 100.000000  maxLR= 0.00600000  maxLREpochs= 1736.00  constPerEpoch= 0.0100000  power= -0.500000
# initial_h: to reproduce observed amino acid frequencies at each site; pseudoNCountsForhia= 10.0
# sigma_initial_J for Gaussian: 0.001
# MCMC Kernel: GibbsWithMHStep  with pseudoNCountsForProposedPia= 10.0
# nIndependentMC= 7007  miniBatchSize= 103  for MCMC 
# initial configuration: observed sequence data
# nSamples for each MC run: 1
# nUnits= 48  nInitialIterationsPerUnit= 0  everyNIterationsPerUnit= 10
# initialT= 1.00000  finalT= 1.00000  annealingRate= 0.990000 ; annealingRate may be adjusted.
# maxExtendedIterations= 1
# minLearningStepsForBestKL= 3876  minLearningSteps= 1836  maxNoLearnings= 204
#
# Frequencies, fia and fijab, are calculated from the effective number of sequences, effectiveNConfigs= 6341.77 ,
# with the corrections, pseudoNCountsForBM= 0.0 , to avoid 0-counts.
#
# step	nNonEquil  nExtendedIterations of MC	<KLpi>	<KLpij> over ensemble and those over 97 minibatch ensembles with pseudoNCountsForKL= 1.00000
#0	0 0	0.0975072 1.19667	0.00000 0.0648353
0	0 1	0.0975072 1.19667	0.0975072 1.19667
1	0 1	0.0990953 1.16861	0.0479175 0.819749
2	0 1	0.0971144 1.17187	0.0336346 0.643907
3	0 1	0.107215 1.18739	0.0255195 0.542757
4	0 1	0.111050 1.20360	0.0218043 0.475840
5	0 1	0.108184 1.18892	0.0179515 0.424442
6	0 1	0.0922995 1.17334	0.0146206 0.382228
7	0 1	0.103821 1.17844	0.0127313 0.351239
8	0 1	0.0965748 1.19037	0.0112624 0.323870
9	0 1	0.100918 1.17377	0.0101384 0.302248
10	0 1	0.109167 1.17424	0.00938509 0.286060
11	0 1	0.104158 1.17972	0.00872731 0.271112
12	0 1	0.104714 1.18126	0.00829174 0.258385
13	0 1	0.0986484 1.17291	0.00784384 0.247168
14	0 1	0.102419 1.18646	0.00691847 0.236191
15	0 1	0.0997279 1.17863	0.00633413 0.226309
16	0 1	0.0955961 1.16632	0.00604243 0.217874
17	0 1	0.109631 1.19429	0.00578089 0.210494
18	0 1	0.102973 1.19469	0.00503589 0.202850
19	0 1	0.0987026 1.17541	0.00484294 0.197198
20	0 1	0.0882074 1.16796	0.00470277 0.191469
21	0 1	0.0992153 1.19264	0.00449814 0.186015
22	0 1	0.0937464 1.16053	0.00441403 0.181737
23	0 1	0.104068 1.18531	0.00420037 0.177134
24	0 1	0.106310 1.18200	0.00407640 0.173207
25	0 1	0.105078 1.16591	0.00388590 0.169731
26	0 1	0.104452 1.17687	0.00370423 0.166244
27	0 1	0.0987892 1.16937	0.00341677 0.163185
28	0 1	0.100058 1.17958	0.00336935 0.159775
29	0 1	0.102811 1.18485	0.00316263 0.156702
30	0 1	0.108718 1.17815	0.00309825 0.154400
31	0 1	0.0915181 1.14954	0.00300128 0.151994
32	0 1	0.112427 1.18458	0.00293659 0.149797
33	0 1	0.114521 1.17293	0.00287128 0.147823
34	0 1	0.108595 1.19624	0.00281912 0.145502
35	0 1	0.0998252 1.17020	0.00268489 0.143504
36	0 1	0.0988988 1.16943	0.00259928 0.141612
37	0 1	0.0972714 1.17217	0.00249507 0.139514
38	0 1	0.102510 1.16978	0.00242511 0.137763
39	0 1	0.105585 1.18236	0.00236071 0.136027
40	0 1	0.105543 1.19832	0.00235354 0.134521
41	0 1	0.0998149 1.16584	0.00226241 0.132859
42	0 1	0.106001 1.17941	0.00220386 0.131409
43	0 1	0.104745 1.16453	0.00214543 0.129943
44	0 1	0.0900138 1.16426	0.00208474 0.128376
45	0 1	0.0894225 1.16931	0.00206441 0.127150
46	0 1	0.102161 1.16747	0.00205599 0.126044
47	0 1	0.0925524 1.17252	0.00200341 0.124593
48	0 1	0.0983333 1.17164	0.00199325 0.123519
49	0 1	0.112868 1.19151	0.00193405 0.122317
50	0 1	0.105075 1.18281	0.00192423 0.121160
51	0 1	0.0928705 1.17228	0.00190722 0.120159
52	0 1	0.0879544 1.16624	0.00189002 0.119006
53	0 1	0.101458 1.17448	0.00186262 0.118064
54	0 1	0.0985109 1.17282	0.00182551 0.117141
55	0 1	0.110250 1.17415	0.00178695 0.116177
56	0 1	0.0847363 1.16003	0.00173570 0.115255
57	0 1	0.0972353 1.17182	0.00171941 0.114416
58	0 1	0.108176 1.18293	0.00170963 0.113757
59	0 1	0.100824 1.16896	0.00165402 0.112818
60	0 1	0.101998 1.16790	0.00162662 0.112140
61	0 1	0.108053 1.18252	0.00161901 0.111484
62	0 1	0.102329 1.17244	0.00162808 0.110822
63	0 1	0.0955264 1.15582	0.00161332 0.110201
64	0 1	0.104238 1.18337	0.00159782 0.109471
65	0 1	0.103982 1.18333	0.00153885 0.108779
66	0 1	0.100794 1.18965	0.00150324 0.107987
67	0 1	0.111732 1.16359	0.00147956 0.107313
68	0 1	0.108383 1.18951	0.00144488 0.106632
69	0 1	0.0968476 1.18192	0.00145558 0.106106
70	0 1	0.0920769 1.17914	0.00144855 0.105538
71	0 1	0.108064 1.18308	0.00143658 0.105033
72	0 1	0.0973032 1.16596	0.00142788 0.104478
73	0 1	0.101525 1.18721	0.00141181 0.103913
74	0 1	0.0996859 1.16305	0.00139617 0.103479
75	0 1	0.0979692 1.18023	0.00138423 0.103014
76	0 1	0.0988090 1.16526	0.00135586 0.102512
77	0 1	0.0944502 1.16238	0.00133649 0.102002
78	0 1	0.0999583 1.18866	0.00131811 0.101386
79	0 1	0.0886467 1.17113	0.00130171 0.100929
80	0 1	0.101286 1.18065	0.00127972 0.100438
81	0 1	0.106708 1.19397	0.00125849 0.0999931
82	0 1	0.0866239 1.14199	0.00124891 0.0996388
83	0 1	0.107226 1.19238	0.00122356 0.0992222
84	0 1	0.100713 1.17377	0.00120414 0.0987257
85	0 1	0.106272 1.16959	0.00118207 0.0983005
86	0 1	0.0980493 1.17064	0.00117686 0.0978744
87	0 1	0.106344 1.19818	0.00117458 0.0975297
88	0 1	0.102508 1.17210	0.00116966 0.0971896
89	0 1	0.0980795 1.18182	0.00116323 0.0967981
90	0 1	0.109965 1.18704	0.00115285 0.0964662
91	0 1	0.0950392 1.17470	0.00114027 0.0961527
92	0 1	0.0946832 1.17199	0.00114300 0.0958125
93	0 1	0.106973 1.19706	0.00113420 0.0954120
94	0 1	0.102443 1.15770	0.00112156 0.0951190
95	0 1	0.104764 1.19214	0.00110667 0.0946302
96	0 1	0.0997257 1.19133	0.00110418 0.0943294
97	0 1	0.0979152 1.16949	0.00109638 0.0942970
98	0 1	0.106749 1.19038	0.00109640 0.0942849
99	0 1	0.103498 1.18433	0.00109928 0.0943628
100	0 1	0.106601 1.17950	0.00109567 0.0943132
101	0 1	0.106112 1.17318	0.00109558 0.0943212
102	0 1	0.0976520 1.16927	0.00109364 0.0942465
103	0 1	0.110414 1.19639	0.00109401 0.0941337
104	0 1	0.111998 1.18667	0.00109289 0.0940224
105	0 1	0.0990321 1.18868	0.00110017 0.0940812
106	0 1	0.0956401 1.17816	0.00110940 0.0940520
107	0 1	0.0992737 1.17232	0.00110901 0.0939976
108	0 1	0.0943734 1.17165	0.00109721 0.0939205
109	0 1	0.0996394 1.19134	0.00109284 0.0938564
110	0 1	0.0987945 1.17420	0.00109559 0.0938163
111	0 1	0.0935164 1.14618	0.00112014 0.0938552
112	0 1	0.0988188 1.15062	0.00112860 0.0938045
113	0 1	0.108156 1.18467	0.00112864 0.0939184
114	0 1	0.0911618 1.14878	0.00113315 0.0938887
115	0 1	0.101377 1.17537	0.00115025 0.0938266
116	0 1	0.110252 1.16860	0.00113734 0.0937480
117	0 1	0.104982 1.16729	0.00113312 0.0936871
118	0 1	0.103775 1.18253	0.00112541 0.0936627
119	0 1	0.108003 1.18773	0.00111969 0.0935762
120	0 1	0.0873928 1.15300	0.00111361 0.0935725
121	0 1	0.103793 1.17230	0.00110717 0.0936729
122	0 1	0.0962090 1.16628	0.00111899 0.0936086
123	0 1	0.109718 1.17917	0.00111579 0.0934912
124	0 1	0.0996616 1.16363	0.00110204 0.0933900
125	0 1	0.101285 1.17403	0.00109196 0.0933625
126	0 1	0.101419 1.18451	0.00110446 0.0932759
127	0 1	0.111083 1.17148	0.00112275 0.0932951
128	0 1	0.100967 1.16317	0.00111008 0.0932118
129	0 1	0.0925173 1.15641	0.00111019 0.0931865
130	0 1	0.0974399 1.15992	0.00110681 0.0930795
131	0 1	0.0968895 1.18032	0.00109182 0.0930781
132	0 1	0.106153 1.18851	0.00109941 0.0931304
133	0 1	0.0957222 1.16638	0.00111969 0.0930948
134	0 1	0.101647 1.16427	0.00111712 0.0931530
135	0 1	0.100952 1.13704	0.00112594 0.0930588
136	0 1	0.104254 1.18523	0.00113298 0.0930079
137	0 1	0.104802 1.16722	0.00113026 0.0929252
138	0 1	0.106887 1.16346	0.00110876 0.0928952
139	0 1	0.105296 1.18293	0.00111573 0.0927884
140	0 1	0.108485 1.19095	0.00109516 0.0926174
141	0 1	0.0912401 1.14380	0.00110013 0.0926745
142	0 1	0.0977019 1.16159	0.00109207 0.0926480
143	0 1	0.0966079 1.16195	0.00109164 0.0924898
144	0 1	0.104692 1.16511	0.00110616 0.0924950
145	0 1	0.103049 1.17121	0.00108666 0.0924227
146	0 1	0.104014 1.15100	0.00108760 0.0923163
147	0 1	0.101157 1.17912	0.00109336 0.0922911
148	0 1	0.102417 1.16194	0.00108653 0.0921864
149	0 1	0.0979669 1.17070	0.00107083 0.0920211
150	0 1	0.0918719 1.14175	0.00106877 0.0919671
151	0 1	0.101549 1.17950	0.00107369 0.0919777
152	0 1	0.102845 1.15177	0.00106139 0.0918795
153	0 1	0.0942220 1.14483	0.00104603 0.0917726
154	0 1	0.107957 1.18028	0.00104686 0.0917161
155	0 1	0.0949611 1.14660	0.00104427 0.0915965
156	0 1	0.0956154 1.15453	0.00105772 0.0916116
157	0 1	0.101348 1.15148	0.00106098 0.0915486
158	0 1	0.110161 1.16524	0.00106936 0.0914780
159	0 1	0.109163 1.18891	0.00106830 0.0914180
160	0 1	0.103051 1.16976	0.00107760 0.0913772
161	0 1	0.106285 1.15463	0.00110449 0.0914951
162	0 1	0.104271 1.16478	0.00111265 0.0915469
163	0 1	0.0943110 1.15126	0.00111812 0.0915198
164	0 1	0.114957 1.19966	0.00112803 0.0914945
165	0 1	0.0995081 1.15753	0.00113082 0.0914421
166	0 1	0.100758 1.16428	0.00112756 0.0914346
167	0 1	0.102975 1.16145	0.00110827 0.0912520
168	0 1	0.0979770 1.16328	0.00109875 0.0911009
169	0 1	0.0941918 1.15742	0.00109166 0.0910286
170	0 1	0.103479 1.16742	0.00109846 0.0909478
171	0 1	0.0995592 1.16744	0.00111856 0.0908578
172	0 1	0.0971067 1.14368	0.00113404 0.0908500
173	0 1	0.103161 1.17432	0.00115210 0.0907922
174	0 1	0.109170 1.18517	0.00115349 0.0908069
175	0 1	0.105949 1.16141	0.00115265 0.0907443
176	0 1	0.0970062 1.16148	0.00114718 0.0906184
177	0 1	0.120086 1.17449	0.00117269 0.0905923
178	0 1	0.110519 1.20376	0.00117219 0.0904568
179	0 1	0.100597 1.16264	0.00117855 0.0903496
180	0 1	0.105829 1.15353	0.00119621 0.0903848
181	0 1	0.0991112 1.14867	0.00119048 0.0903660
182	0 1	0.104482 1.18139	0.00120419 0.0903738
183	0 1	0.108376 1.18756	0.00120920 0.0902502
184	0 1	0.107303 1.16940	0.00124202 0.0902267
185	0 1	0.109651 1.16977	0.00125547 0.0901240
186	0 1	0.103660 1.16629	0.00127540 0.0901541
187	0 1	0.102928 1.15489	0.00129883 0.0901441
188	0 1	0.101182 1.15993	0.00130893 0.0900211
189	0 1	0.0924784 1.13808	0.00132187 0.0899819
190	0 1	0.0923148 1.14910	0.00131667 0.0897915
191	0 1	0.110466 1.17024	0.00134820 0.0896620
192	0 1	0.105131 1.15877	0.00136884 0.0896375
193	0 1	0.0940414 1.14297	0.00139134 0.0895477
194	0 1	0.0885356 1.14012	0.00141590 0.0895655
195	0 1	0.101662 1.17505	0.00144345 0.0896219
196	0 1	0.100987 1.16795	0.00146133 0.0896269
197	0 1	0.0883314 1.13808	0.00147294 0.0895529
198	0 1	0.109503 1.18358	0.00149036 0.0894909
199	0 1	0.102711 1.16300	0.00149979 0.0894559
200	0 1	0.103313 1.16227	0.00149731 0.0894646
201	0 1	0.105654 1.16694	0.00150672 0.0893724
202	0 1	0.0985510 1.16495	0.00151174 0.0893959
203	0 1	0.104622 1.17300	0.00153686 0.0893130
204	0 1	0.117505 1.17645	0.00155499 0.0892243
205	0 1	0.0979365 1.15999	0.00157313 0.0890584
206	0 1	0.112904 1.17020	0.00159075 0.0890476
207	0 1	0.106101 1.16932	0.00163072 0.0890784
208	0 1	0.109174 1.17622	0.00164285 0.0889552
209	0 1	0.109889 1.17817	0.00166085 0.0888820
210	0 1	0.103543 1.16966	0.00166908 0.0887461
211	0 1	0.106779 1.19492	0.00168452 0.0886277
212	0 1	0.108297 1.16449	0.00171798 0.0885964
213	0 1	0.100494 1.15260	0.00173075 0.0884347
214	0 1	0.102419 1.15581	0.00175407 0.0883750
215	0 1	0.0966502 1.13921	0.00179006 0.0883179
216	0 1	0.0987853 1.15381	0.00179822 0.0883260
217	0 1	0.100459 1.15590	0.00182570 0.0882596
218	0 1	0.113922 1.17028	0.00186604 0.0882389
219	0 1	0.0942787 1.16136	0.00188808 0.0882600
220	0 1	0.0944421 1.15905	0.00189152 0.0881963
221	0 1	0.104776 1.15171	0.00195382 0.0882634
222	0 1	0.0969812 1.14611	0.00198427 0.0882816
223	0 1	0.104263 1.14843	0.00205640 0.0882901
224	0 1	0.114625 1.19125	0.00207340 0.0882015
225	0 1	0.100538 1.16928	0.00209912 0.0881930
226	0 1	0.104092 1.16470	0.00212117 0.0881411
227	0 1	0.100466 1.15086	0.00214976 0.0881105
228	0 1	0.118084 1.17544	0.00218881 0.0880093
229	0 1	0.106630 1.15217	0.00220487 0.0879563
230	0 1	0.103633 1.17324	0.00220906 0.0878667
231	0 1	0.0938998 1.14124	0.00222099 0.0877692
232	0 1	0.101256 1.15722	0.00221604 0.0876264
233	0 1	0.100689 1.16011	0.00223996 0.0875937
234	0 1	0.105642 1.16867	0.00223183 0.0875673
235	0 1	0.108932 1.18881	0.00225584 0.0875342
236	0 1	0.113752 1.17151	0.00227893 0.0875676
237	0 1	0.0931715 1.15237	0.00225828 0.0875814
238	0 1	0.112364 1.17470	0.00227086 0.0875543
239	0 1	0.104277 1.15716	0.00229924 0.0875149
240	0 1	0.0968627 1.15575	0.00231666 0.0875146
241	0 1	0.0936876 1.13392	0.00234620 0.0874214
242	0 1	0.102522 1.14486	0.00237309 0.0873945
243	0 1	0.0997582 1.14660	0.00239197 0.0874350
244	0 1	0.100776 1.15026	0.00240881 0.0873914
245	0 1	0.107446 1.16190	0.00244497 0.0873957
246	0 1	0.102932 1.16135	0.00247624 0.0874123
247	0 1	0.108422 1.14836	0.00247816 0.0873101
248	0 1	0.104967 1.15503	0.00249358 0.0873106
249	0 1	0.0982466 1.15191	0.00252204 0.0874463
250	0 1	0.0987534 1.17442	0.00253892 0.0874952
251	0 1	0.100352 1.16510	0.00256938 0.0874814
252	0 1	0.109769 1.16144	0.00258581 0.0874010
253	0 1	0.104871 1.15936	0.00262677 0.0874180
254	0 1	0.0983032 1.15251	0.00261223 0.0873417
255	0 1	0.103239 1.15082	0.00265293 0.0873206
256	0 1	0.0935278 1.14950	0.00262456 0.0872502
257	0 1	0.108595 1.16232	0.00266769 0.0872280
258	0 1	0.0953444 1.13455	0.00270600 0.0871614
259	0 1	0.107090 1.17688	0.00273417 0.0871704
260	0 1	0.106604 1.16575	0.00274126 0.0872648
261	0 1	0.105019 1.17654	0.00274952 0.0872111
262	0 1	0.109942 1.16887	0.00278193 0.0871834
263	0 1	0.0996912 1.15044	0.00283986 0.0872089
264	0 1	0.108091 1.15451	0.00289361 0.0873055
265	0 1	0.119718 1.19637	0.00292823 0.0872718
266	0 1	0.109517 1.14367	0.00293593 0.0872167
267	0 1	0.0997617 1.15157	0.00295012 0.0872033
268	0 1	0.102199 1.16430	0.00296252 0.0872879
269	0 1	0.108846 1.17036	0.00300928 0.0872957
270	0 1	0.100660 1.14300	0.00301219 0.0872201
271	0 1	0.104974 1.15426	0.00299739 0.0871238
272	0 1	0.114057 1.15653	0.00304049 0.0872144
273	0 1	0.106525 1.15048	0.00307869 0.0872627
274	0 1	0.110149 1.16947	0.00311266 0.0873274
275	0 1	0.117786 1.17379	0.00311479 0.0873205
276	0 1	0.0996627 1.15306	0.00317316 0.0873668
277	0 1	0.101281 1.16078	0.00318494 0.0873144
278	0 1	0.109501 1.16064	0.00323783 0.0874148
279	0 1	0.110432 1.14272	0.00325926 0.0874827
280	0 1	0.119290 1.16910	0.00328971 0.0875721
281	0 1	0.108822 1.16137	0.00329157 0.0874790
282	0 1	0.0980269 1.17090	0.00325210 0.0873568
283	0 1	0.120200 1.17189	0.00324014 0.0872641
284	0 1	0.111006 1.17806	0.00329385 0.0873002
285	0 1	0.106999 1.15686	0.00333346 0.0873314
286	0 1	0.106978 1.16006	0.00335845 0.0873529
287	0 1	0.103153 1.15503	0.00340258 0.0874219
288	0 1	0.115483 1.16959	0.00338808 0.0874575
289	0 1	0.107340 1.17719	0.00341272 0.0874541
290	0 1	0.0983201 1.12224	0.00344455 0.0874313
291	0 1	0.103617 1.13388	0.00343528 0.0873160
292	0 1	0.111704 1.16265	0.00345509 0.0872179
293	0 1	0.0977754 1.13471	0.00345078 0.0871053
294	0 1	0.117384 1.18832	0.00343927 0.0870288
295	0 1	0.104924 1.14993	0.00344717 0.0870214
296	0 1	0.0933773 1.14658	0.00348984 0.0871095
297	0 1	0.0995177 1.16958	0.00349033 0.0871080
298	0 1	0.114241 1.16637	0.00351228 0.0871559
299	0 1	0.106599 1.13829	0.00354657 0.0871829
300	0 1	0.126265 1.18669	0.00357510 0.0872215
301	0 1	0.0964968 1.15276	0.00351751 0.0870701
302	0 1	0.103274 1.15057	0.00352412 0.0871071
303	0 1	0.104984 1.15335	0.00355438 0.0871425
304	0 1	0.109330 1.17223	0.00355694 0.0871313
305	0 1	0.0967912 1.14552	0.00360348 0.0872556
306	0 1	0.0974118 1.16089	0.00358962 0.0872230
307	0 1	0.108254 1.18359	0.00363633 0.0873266
308	0 1	0.101801 1.14027	0.00360414 0.0872154
309	0 1	0.0990919 1.14137	0.00360670 0.0871586
310	0 1	0.113706 1.17081	0.00362722 0.0871764
311	0 1	0.110395 1.16272	0.00362843 0.0871173
312	0 1	0.0994072 1.12816	0.00363870 0.0871443
313	0 1	0.101241 1.14843	0.00366811 0.0871726
314	0 1	0.101450 1.15985	0.00367034 0.0871032
315	0 1	0.117857 1.17126	0.00369763 0.0870530
316	0 1	0.0983833 1.14856	0.00366686 0.0869162
317	0 1	0.109836 1.15550	0.00369806 0.0869264
318	0 1	0.128990 1.16493	0.00368070 0.0869128
319	0 1	0.111380 1.16468	0.00366112 0.0867919
320	0 1	0.0994911 1.14205	0.00365113 0.0867118
321	0 1	0.0962590 1.13932	0.00364561 0.0866668
322	0 1	0.0966957 1.14281	0.00365118 0.0866225
323	0 1	0.103421 1.13805	0.00365775 0.0865590
324	0 1	0.103754 1.13764	0.00364577 0.0864750
325	0 1	0.0984450 1.12927	0.00362301 0.0863998
326	0 1	0.110881 1.15515	0.00361830 0.0864013
327	0 1	0.111193 1.15335	0.00359360 0.0862015
328	0 1	0.102373 1.14649	0.00359289 0.0861694
329	0 1	0.104048 1.14419	0.00360252 0.0861046
330	0 1	0.0993491 1.13247	0.00360176 0.0859200
331	0 1	0.103201 1.14248	0.00362249 0.0858975
332	0 1	0.0935106 1.13163	0.00360932 0.0858074
333	0 1	0.0964645 1.14415	0.00355508 0.0855445
334	0 1	0.0887522 1.14626	0.00356052 0.0854947
335	0 1	0.102734 1.16099	0.00356944 0.0854299
336	0 1	0.106891 1.14806	0.00357115 0.0854238
337	0 1	0.0925631 1.14657	0.00354536 0.0852879
338	0 1	0.101793 1.16080	0.00351992 0.0851997
339	0 1	0.107429 1.13508	0.00354607 0.0851489
340	0 1	0.108685 1.14531	0.00355053 0.0851272
341	0 1	0.122918 1.18591	0.00355472 0.0851069
342	0 1	0.0991544 1.13571	0.00354285 0.0850081
343	0 1	0.104334 1.14790	0.00353247 0.0849543
344	0 1	0.111228 1.16988	0.00357886 0.0849803
345	0 1	0.110786 1.17659	0.00360843 0.0849202
346	0 1	0.117948 1.17139	0.00362415 0.0849309
347	0 1	0.0976868 1.13971	0.00365221 0.0848996
348	0 1	0.112198 1.15303	0.00369169 0.0849467
349	0 1	0.0981949 1.13629	0.00367436 0.0849335
350	0 1	0.100171 1.14044	0.00367231 0.0848746
351	0 1	0.102183 1.14275	0.00370353 0.0849250
352	0 1	0.107978 1.14644	0.00366924 0.0848340
353	0 1	0.100069 1.12578	0.00371053 0.0848427
354	0 1	0.0999179 1.14248	0.00368744 0.0847417
355	0 1	0.115392 1.17703	0.00365172 0.0847006
356	0 1	0.104829 1.13159	0.00363588 0.0847362
357	0 1	0.105577 1.16384	0.00367521 0.0846847
358	0 1	0.109134 1.15236	0.00371110 0.0848209
359	0 1	0.0950952 1.13202	0.00371078 0.0847500
360	0 1	0.104960 1.14547	0.00366081 0.0845968
361	0 1	0.110329 1.15160	0.00367379 0.0845386
362	0 1	0.100700 1.13785	0.00365307 0.0844705
363	0 1	0.107483 1.16440	0.00365069 0.0843731
364	0 1	0.105116 1.15331	0.00364046 0.0842594
365	0 1	0.110325 1.15414	0.00366536 0.0842143
366	0 1	0.0972343 1.13208	0.00363038 0.0840069
367	0 1	0.103792 1.14717	0.00364216 0.0840032
368	0 1	0.105012 1.14729	0.00364234 0.0839137
369	0 1	0.107220 1.16657	0.00360353 0.0837696
370	0 1	0.0988132 1.13863	0.00354583 0.0835625
371	0 1	0.105921 1.15524	0.00351472 0.0834321
372	0 1	0.105024 1.14503	0.00355840 0.0834673
373	0 1	0.108065 1.13748	0.00356222 0.0834861
374	0 1	0.0991381 1.15926	0.00353644 0.0833037
375	0 1	0.102245 1.14217	0.00349908 0.0831629
376	0 1	0.109096 1.16158	0.00356118 0.0832153
377	0 1	0.103757 1.12713	0.00354690 0.0831272
378	0 1	0.116089 1.14431	0.00355460 0.0831940
379	0 1	0.102617 1.14282	0.00359773 0.0831433
380	0 1	0.117453 1.16482	0.00360354 0.0831020
381	0 1	0.103393 1.14717	0.00358341 0.0830690
382	0 1	0.0947406 1.13019	0.00360022 0.0830921
383	0 1	0.110899 1.14857	0.00357265 0.0829341
384	0 1	0.102981 1.14707	0.00355623 0.0829562
385	0 1	0.111049 1.14192	0.00353076 0.0828821
386	0 1	0.108618 1.14948	0.00350915 0.0828414
387	0 1	0.113074 1.15381	0.00348431 0.0827318
388	0 1	0.109841 1.13885	0.00354000 0.0828481
389	0 1	0.0974323 1.13140	0.00354415 0.0828697
390	0 1	0.0966485 1.12686	0.00354060 0.0828560
391	0 1	0.113339 1.16264	0.00358226 0.0829088
392	0 1	0.0989197 1.14032	0.00359560 0.0829645
393	0 1	0.113391 1.15403	0.00359094 0.0828648
394	0 1	0.112401 1.15384	0.00362876 0.0828351
395	0 1	0.112414 1.14771	0.00368385 0.0829270
396	0 1	0.0942036 1.12750	0.00362697 0.0827605
397	0 1	0.115974 1.16222	0.00359339 0.0826464
398	0 1	0.0936629 1.12184	0.00367143 0.0827490
399	0 1	0.107992 1.15416	0.00368634 0.0827984
400	0 1	0.105111 1.13407	0.00367201 0.0827157
401	0 1	0.104744 1.14809	0.00367451 0.0826346
402	0 1	0.0990713 1.14718	0.00367952 0.0826430
403	0 1	0.107589 1.15534	0.00367909 0.0825411
404	0 1	0.111317 1.16947	0.00366614 0.0823737
405	0 1	0.105729 1.15933	0.00369962 0.0823322
406	0 1	0.111953 1.17511	0.00366736 0.0821694
407	0 1	0.101778 1.12996	0.00364787 0.0820818
408	0 1	0.105496 1.14567	0.00367554 0.0821531
409	0 1	0.0935374 1.13018	0.00366062 0.0820568
410	0 1	0.0981884 1.13059	0.00363729 0.0819798
411	0 1	0.109102 1.14672	0.00362509 0.0818455
412	0 1	0.101158 1.13911	0.00360536 0.0817724
413	0 1	0.0991426 1.13281	0.00361547 0.0816454
414	0 1	0.117962 1.16246	0.00362605 0.0815410
415	0 1	0.0991084 1.13937	0.00362643 0.0814146
416	0 1	0.0966341 1.15344	0.00360832 0.0813722
417	0 1	0.108893 1.13898	0.00362070 0.0813398
418	0 1	0.119362 1.16107	0.00365332 0.0813341
419	0 1	0.105823 1.15198	0.00366234 0.0812608
420	0 1	0.0997994 1.13267	0.00362392 0.0811161
421	0 1	0.112642 1.16087	0.00365338 0.0810481
422	0 1	0.101159 1.13805	0.00365859 0.0809727
423	0 1	0.106361 1.14537	0.00366712 0.0809764
424	0 1	0.0970909 1.14007	0.00369469 0.0811210
425	0 1	0.107287 1.13416	0.00369411 0.0811392
426	0 1	0.122352 1.15198	0.00372011 0.0811675
427	0 1	0.108692 1.15077	0.00376708 0.0812437
428	0 1	0.103223 1.14028	0.00378409 0.0812671
429	0 1	0.103012 1.13412	0.00379616 0.0812850
430	0 1	0.111965 1.15141	0.00380231 0.0812956
431	0 1	0.103488 1.15282	0.00382822 0.0814395
432	0 1	0.100186 1.14011	0.00384498 0.0814458
433	0 1	0.0932037 1.14304	0.00385671 0.0813632
434	0 1	0.101508 1.13816	0.00386758 0.0813507
435	0 1	0.0959995 1.14384	0.00386019 0.0813387
436	0 1	0.0955789 1.12943	0.00383703 0.0812046
437	0 1	0.103213 1.13629	0.00382884 0.0811810
438	0 1	0.113794 1.15464	0.00383186 0.0811966
439	0 1	0.119405 1.16967	0.00386042 0.0812294
440	0 1	0.108191 1.14163	0.00384254 0.0811704
441	0 1	0.114184 1.14919	0.00379779 0.0810471
442	0 1	0.100001 1.13019	0.00377801 0.0810579
443	0 1	0.104448 1.15962	0.00375100 0.0809266
444	0 1	0.105519 1.13202	0.00371510 0.0808851
445	0 1	0.112938 1.14656	0.00369614 0.0808147
446	0 1	0.105955 1.15380	0.00367153 0.0806761
447	0 1	0.0990765 1.12324	0.00367410 0.0806353
448	0 1	0.109900 1.14452	0.00368395 0.0805222
449	0 1	0.107601 1.14456	0.00365768 0.0804137
450	0 1	0.102015 1.14195	0.00367349 0.0804483
451	0 1	0.101165 1.13745	0.00370550 0.0805272
452	0 1	0.114543 1.15464	0.00378754 0.0805933
453	0 1	0.103740 1.14142	0.00379241 0.0806020
454	0 1	0.102359 1.13882	0.00378523 0.0805787
455	0 1	0.105730 1.13995	0.00377550 0.0804782
456	0 1	0.0993100 1.14208	0.00379078 0.0805629
457	0 1	0.105460 1.14892	0.00379308 0.0805848
458	0 1	0.0981619 1.12552	0.00376901 0.0804606
459	0 1	0.0973962 1.12465	0.00377892 0.0804131
460	0 1	0.108243 1.15096	0.00377671 0.0804072
461	0 1	0.125899 1.16527	0.00378520 0.0803947
462	0 1	0.100426 1.13551	0.00377206 0.0803408
463	0 1	0.0994951 1.13962	0.00379087 0.0803217
464	0 1	0.104629 1.13005	0.00375969 0.0803535
465	0 1	0.102511 1.13272	0.00376857 0.0803287
466	0 1	0.0956708 1.10334	0.00375885 0.0803933
467	0 1	0.103245 1.13658	0.00377449 0.0803397
468	0 1	0.117483 1.14906	0.00378292 0.0802895
469	0 1	0.100347 1.13732	0.00375733 0.0802781
470	0 1	0.102906 1.14334	0.00374209 0.0802185
471	0 1	0.118954 1.17314	0.00378497 0.0803469
472	0 1	0.106273 1.14618	0.00380232 0.0803606
473	0 1	0.0977315 1.13303	0.00373428 0.0801610
474	0 1	0.0969872 1.12662	0.00371045 0.0800081
475	0 1	0.0936101 1.12816	0.00367951 0.0798718
476	0 1	0.104091 1.13136	0.00366141 0.0798489
477	0 1	0.113242 1.17132	0.00365753 0.0796882
478	0 1	0.111037 1.14067	0.00369765 0.0797668
479	0 1	0.0996667 1.12755	0.00365047 0.0796705
480	0 1	0.0902873 1.11562	0.00363089 0.0794863
481	0 1	0.109111 1.14756	0.00364968 0.0795122
482	0 1	0.102199 1.13376	0.00364330 0.0793332
483	0 1	0.106965 1.13610	0.00368048 0.0793594
484	0 1	0.0964831 1.12259	0.00365333 0.0791810
485	0 1	0.100673 1.13066	0.00362534 0.0790707
486	0 1	0.0951696 1.12963	0.00362688 0.0790697
487	0 1	0.103454 1.13642	0.00363813 0.0790894
488	0 1	0.116590 1.16141	0.00363621 0.0790201
489	0 1	0.102653 1.13753	0.00363530 0.0789327
490	0 1	0.110289 1.16306	0.00367017 0.0789363
491	0 1	0.0929376 1.11891	0.00365245 0.0789183
492	0 1	0.0999403 1.13110	0.00358853 0.0787323
493	0 1	0.0994883 1.11938	0.00359808 0.0787951
494	0 1	0.111908 1.14694	0.00361367 0.0789068
495	0 1	0.102192 1.13378	0.00359595 0.0788359
496	0 1	0.109354 1.14909	0.00360723 0.0788181
497	0 1	0.102868 1.13047	0.00358414 0.0787571
498	0 1	0.106112 1.13169	0.00355412 0.0787025
499	0 1	0.0949088 1.12482	0.00356008 0.0786892
500	0 1	0.102503 1.14754	0.00357774 0.0788045
501	0 1	0.105634 1.15102	0.00357003 0.0788034
502	0 1	0.100838 1.13533	0.00359277 0.0788445
503	0 1	0.0938907 1.12827	0.00357452 0.0787266
504	0 1	0.103980 1.14652	0.00360012 0.0788093
505	0 1	0.0909351 1.13345	0.00358075 0.0787092
506	0 1	0.114449 1.14516	0.00358667 0.0787500
507	0 1	0.118940 1.14414	0.00358184 0.0788740
508	0 1	0.0875382 1.11954	0.00358386 0.0788570
509	0 1	0.106527 1.14389	0.00358502 0.0787092
510	0 1	0.105786 1.14356	0.00356149 0.0786739
511	0 1	0.111024 1.14870	0.00356669 0.0787420
512	0 1	0.102191 1.14059	0.00358273 0.0787815
513	0 1	0.112704 1.14478	0.00361115 0.0788552
514	0 1	0.0946059 1.14379	0.00357504 0.0787476
515	0 1	0.109968 1.14208	0.00353704 0.0787219
516	0 1	0.109424 1.14034	0.00353769 0.0786111
517	0 1	0.0978979 1.13187	0.00353777 0.0785868
518	0 1	0.112552 1.16307	0.00349125 0.0786629
519	0 1	0.102473 1.13020	0.00346598 0.0786511
520	0 1	0.125168 1.18552	0.00349354 0.0786429
521	0 1	0.112752 1.14936	0.00346359 0.0784153
522	0 1	0.0989211 1.15503	0.00345810 0.0782838
523	0 1	0.110610 1.14625	0.00345198 0.0782101
524	0 1	0.108855 1.13150	0.00344911 0.0781788
525	0 1	0.108112 1.15381	0.00345216 0.0780703
526	0 1	0.0945494 1.13046	0.00343774 0.0779168
527	0 1	0.113940 1.14665	0.00349457 0.0778954
528	0 1	0.104355 1.13595	0.00348854 0.0779010
529	0 1	0.103523 1.15040	0.00347333 0.0778145
530	0 1	0.107780 1.14509	0.00348861 0.0778925
531	0 1	0.106283 1.15940	0.00352631 0.0779841
532	0 1	0.107065 1.15391	0.00352792 0.0779025
533	0 1	0.101459 1.13629	0.00354593 0.0778435
534	0 1	0.0925248 1.14298	0.00352965 0.0776328
535	0 1	0.105856 1.14883	0.00351452 0.0775945
536	0 1	0.0979958 1.11245	0.00344683 0.0774092
537	0 1	0.110813 1.14520	0.00350953 0.0772993
538	0 1	0.115144 1.15189	0.00348850 0.0771991
539	0 1	0.103967 1.13978	0.00350942 0.0772672
540	0 1	0.115202 1.15479	0.00351626 0.0772633
541	0 1	0.107513 1.14439	0.00351538 0.0771986
542	0 1	0.100972 1.14402	0.00350403 0.0771609
543	0 1	0.100415 1.12758	0.00352248 0.0771142
544	0 1	0.108061 1.14124	0.00350823 0.0769832
545	0 1	0.0958997 1.12358	0.00348780 0.0769493
546	0 1	0.101437 1.11677	0.00354636 0.0770982
547	0 1	0.103163 1.12944	0.00353823 0.0770236
548	0 1	0.0982465 1.13883	0.00354870 0.0769089
549	0 1	0.113067 1.16578	0.00356101 0.0768897
550	0 1	0.101335 1.12892	0.00357168 0.0768417
551	0 1	0.0998794 1.14066	0.00358240 0.0767028
552	0 1	0.0982659 1.12181	0.00356646 0.0766045
553	0 1	0.111546 1.13611	0.00355468 0.0765457
554	0 1	0.104665 1.13205	0.00359102 0.0766556
555	0 1	0.102633 1.11988	0.00359192 0.0766794
556	0 1	0.0993367 1.12889	0.00359356 0.0765986
557	0 1	0.105801 1.13733	0.00355969 0.0764537
558	0 1	0.113183 1.12913	0.00355177 0.0763976
559	0 1	0.103825 1.12807	0.00354304 0.0763624
560	0 1	0.0968582 1.11622	0.00354536 0.0763406
561	0 1	0.104882 1.12720	0.00353216 0.0762930
562	0 1	0.104060 1.12456	0.00354239 0.0763773
563	0 1	0.105302 1.12841	0.00358646 0.0762844
564	0 1	0.0987670 1.12685	0.00357286 0.0762417
565	0 1	0.111462 1.16140	0.00356431 0.0761929
566	0 1	0.117516 1.14476	0.00356514 0.0761574
567	0 1	0.109804 1.14107	0.00353885 0.0761152
568	0 1	0.111540 1.15286	0.00354158 0.0760660
569	0 1	0.112324 1.14426	0.00352231 0.0759873
570	0 1	0.101881 1.12232	0.00353238 0.0759997
571	0 1	0.113270 1.14028	0.00355461 0.0760492
572	0 1	0.0991384 1.12045	0.00355482 0.0760957
573	0 1	0.103304 1.13334	0.00351969 0.0759632
574	0 1	0.0833410 1.09512	0.00347780 0.0758382
575	0 1	0.0943728 1.10738	0.00340957 0.0756959
576	0 1	0.0909808 1.10733	0.00338927 0.0755717
577	0 1	0.116228 1.15414	0.00339958 0.0755314
578	0 1	0.107820 1.12942	0.00340350 0.0754799
579	0 1	0.108200 1.13142	0.00342006 0.0754836
580	0 1	0.108520 1.13444	0.00341395 0.0754555
581	0 1	0.113977 1.15167	0.00345555 0.0755816
582	0 1	0.101159 1.14535	0.00346775 0.0755728
583	0 1	0.104268 1.14247	0.00346960 0.0755458
584	0 1	0.103169 1.13707	0.00349917 0.0755384
585	0 1	0.101311 1.10606	0.00348512 0.0755339
586	0 1	0.104164 1.15108	0.00348898 0.0754416
587	0 1	0.0974217 1.12084	0.00345358 0.0753423
588	0 1	0.105097 1.12569	0.00341383 0.0752119
589	0 1	0.0967671 1.11838	0.00340134 0.0750931
590	0 1	0.0959475 1.12227	0.00339359 0.0749405
591	0 1	0.0984940 1.10589	0.00338061 0.0748482
592	0 1	0.111863 1.13853	0.00338345 0.0748678
593	0 1	0.111550 1.14718	0.00335516 0.0747617
594	0 1	0.0955444 1.12286	0.00334638 0.0746328
595	0 1	0.0887118 1.09671	0.00339011 0.0747597
596	0 1	0.0964247 1.12887	0.00340892 0.0747033
597	0 1	0.115898 1.15389	0.00338217 0.0745756
598	0 1	0.0982696 1.13123	0.00339011 0.0745591
599	0 1	0.102764 1.11793	0.00334286 0.0745016
600	0 1	0.116940 1.13687	0.00337653 0.0745825
601	0 1	0.103208 1.13868	0.00341044 0.0747070
602	0 1	0.105969 1.12781	0.00340265 0.0746851
603	0 1	0.104745 1.13151	0.00339801 0.0747058
604	0 1	0.0925913 1.10695	0.00339631 0.0746596
605	0 1	0.0932140 1.11662	0.00339450 0.0746788
606	0 1	0.104366 1.13220	0.00338325 0.0746511
607	0 1	0.118456 1.16181	0.00339922 0.0746568
608	0 1	0.102715 1.12669	0.00340607 0.0746529
609	0 1	0.105759 1.14513	0.00337335 0.0745067
610	0 1	0.113293 1.13714	0.00335713 0.0743939
611	0 1	0.111582 1.11166	0.00332795 0.0742933
612	0 1	0.0998573 1.11866	0.00333310 0.0741966
613	0 1	0.108582 1.15312	0.00336710 0.0742338
614	0 1	0.0985276 1.14410	0.00339794 0.0742594
615	0 1	0.104577 1.12328	0.00345783 0.0743373
616	0 1	0.0946630 1.11897	0.00345229 0.0742783
617	0 1	0.0922051 1.11877	0.00341353 0.0741811
618	0 1	0.0996378 1.13196	0.00337437 0.0741442
619	0 1	0.101691 1.11546	0.00342005 0.0743051
620	0 1	0.104654 1.14157	0.00339131 0.0741563
621	0 1	0.106653 1.14141	0.00334406 0.0740686
622	0 1	0.106796 1.14025	0.00335880 0.0741423
623	0 1	0.103909 1.12318	0.00337195 0.0742234
624	0 1	0.0986031 1.10666	0.00333456 0.0741987
625	0 1	0.109097 1.14373	0.00332419 0.0740349
626	0 1	0.100987 1.11541	0.00334451 0.0741327
627	0 1	0.108232 1.13585	0.00332160 0.0740483
628	0 1	0.0946989 1.12256	0.00329671 0.0739619
629	0 1	0.108264 1.09944	0.00335030 0.0740930
630	0 1	0.113969 1.15142	0.00334236 0.0740849
631	0 1	0.0999970 1.09892	0.00334922 0.0742129
632	0 1	0.0856584 1.08594	0.00333174 0.0741780
633	0 1	0.106340 1.15084	0.00332543 0.0740786
634	0 1	0.0970349 1.09947	0.00329669 0.0739956
635	0 1	0.100195 1.12203	0.00334485 0.0740301
636	0 1	0.0994819 1.15307	0.00330877 0.0738934
637	0 1	0.108633 1.13856	0.00330413 0.0736747
638	0 1	0.0950880 1.12876	0.00326176 0.0735910
639	0 1	0.111179 1.13485	0.00327651 0.0736122
640	0 1	0.105862 1.14486	0.00329505 0.0735872
641	0 1	0.103725 1.14594	0.00332459 0.0735070
642	0 1	0.0971620 1.12529	0.00336846 0.0735953
643	0 1	0.101948 1.12843	0.00332110 0.0734858
644	0 1	0.114022 1.14893	0.00332940 0.0734645
645	0 1	0.108048 1.13879	0.00332240 0.0734555
646	0 1	0.103741 1.14458	0.00326545 0.0734173
647	0 1	0.102446 1.14167	0.00325326 0.0734262
648	0 1	0.105197 1.13393	0.00326800 0.0735602
649	0 1	0.0944410 1.11090	0.00326337 0.0735648
650	0 1	0.106644 1.13593	0.00327576 0.0735748
651	0 1	0.101109 1.13740	0.00323464 0.0734370
652	0 1	0.109337 1.14679	0.00325974 0.0734607
653	0 1	0.119206 1.14781	0.00324338 0.0734090
654	0 1	0.104494 1.12581	0.00321223 0.0733321
655	0 1	0.0966068 1.10359	0.00321079 0.0732917
656	0 1	0.0989300 1.13823	0.00319219 0.0732600
657	0 1	0.118923 1.15546	0.00319526 0.0733507
658	0 1	0.0988235 1.12428	0.00318758 0.0733067
659	0 1	0.108600 1.13340	0.00320362 0.0733050
660	0 1	0.112464 1.12894	0.00322268 0.0732287
661	0 1	0.109618 1.14059	0.00322191 0.0731185
662	0 1	0.102074 1.14665	0.00319092 0.0730723
663	0 1	0.107862 1.13091	0.00319692 0.0730097
664	0 1	0.113644 1.14593	0.00313520 0.0729199
665	0 1	0.113583 1.14284	0.00309990 0.0728670
666	0 1	0.0969804 1.12632	0.00312830 0.0728476
667	0 1	0.103888 1.13341	0.00311099 0.0728208
668	0 1	0.103873 1.11793	0.00305931 0.0726890
669	0 1	0.0951544 1.10717	0.00308612 0.0726530
670	0 1	0.0985814 1.12235	0.00309522 0.0726611
671	0 1	0.0987389 1.12769	0.00316183 0.0728090
672	0 1	0.106009 1.14096	0.00320361 0.0728799
673	0 1	0.0987703 1.11307	0.00320744 0.0729273
674	0 1	0.101771 1.13323	0.00320856 0.0730109
675	0 1	0.102369 1.12790	0.00316891 0.0729164
676	0 1	0.115262 1.14656	0.00318249 0.0730606
677	0 1	0.101829 1.13064	0.00317267 0.0729504
678	0 1	0.101534 1.12622	0.00313347 0.0728974
679	0 1	0.0979683 1.10094	0.00309987 0.0728134
680	0 1	0.102540 1.12733	0.00310313 0.0727904
681	0 1	0.100510 1.12699	0.00309057 0.0727008
682	0 1	0.0920665 1.13302	0.00305237 0.0725815
683	0 1	0.108116 1.13432	0.00306755 0.0726431
684	0 1	0.0976182 1.12733	0.00305432 0.0725394
685	0 1	0.100480 1.11157	0.00309620 0.0725567
686	0 1	0.103517 1.12147	0.00310003 0.0726141
687	0 1	0.106101 1.13283	0.00307955 0.0725509
688	0 1	0.100384 1.12775	0.00310385 0.0725590
689	0 1	0.108207 1.13019	0.00316151 0.0726460
690	0 1	0.101038 1.13140	0.00313778 0.0726865
691	0 1	0.101418 1.14319	0.00314605 0.0726302
692	0 1	0.110216 1.15505	0.00315491 0.0726486
693	0 1	0.103959 1.11517	0.00316356 0.0726862
694	0 1	0.100392 1.12858	0.00315769 0.0726630
695	0 1	0.107612 1.13310	0.00317346 0.0727059
696	0 1	0.115644 1.14293	0.00318605 0.0726459
697	0 1	0.109917 1.13333	0.00318220 0.0725667
698	0 1	0.0934151 1.12198	0.00315753 0.0724697
699	0 1	0.106528 1.12503	0.00317168 0.0725056
700	0 1	0.117103 1.14859	0.00320332 0.0725590
701	0 1	0.109859 1.12801	0.00321599 0.0726117
702	0 1	0.104255 1.12407	0.00320104 0.0726212
703	0 1	0.101856 1.13398	0.00323215 0.0725436
704	0 1	0.103375 1.11308	0.00324022 0.0726353
705	0 1	0.104849 1.13018	0.00324272 0.0726507
706	0 1	0.107263 1.12937	0.00323091 0.0726725
707	0 1	0.0999114 1.11753	0.00320206 0.0725344
708	0 1	0.0983632 1.12099	0.00321638 0.0725581
709	0 1	0.0993789 1.10820	0.00319191 0.0724461
710	0 1	0.106875 1.13313	0.00322828 0.0725245
711	0 1	0.125194 1.14539	0.00319399 0.0725526
712	0 1	0.101717 1.12348	0.00311955 0.0723813
713	0 1	0.102543 1.11694	0.00312878 0.0723781
714	0 1	0.109531 1.15993	0.00314505 0.0723513
715	0 1	0.108591 1.14068	0.00315399 0.0723032
716	0 1	0.107129 1.12381	0.00308855 0.0721055
717	0 1	0.0941105 1.11676	0.00307463 0.0719838
718	0 1	0.110886 1.12810	0.00310953 0.0719404
719	0 1	0.0964773 1.11765	0.00312977 0.0719721
720	0 1	0.117728 1.13674	0.00309974 0.0719939
721	0 1	0.0966480 1.12382	0.00313356 0.0720184
722	0 1	0.0956202 1.11507	0.00314768 0.0719984
723	0 1	0.108247 1.11117	0.00317737 0.0720084
724	0 1	0.107964 1.13087	0.00315477 0.0719282
725	0 1	0.105054 1.13493	0.00311081 0.0718125
726	0 1	0.104108 1.13794	0.00308224 0.0716440
727	0 1	0.101075 1.11204	0.00307470 0.0715156
728	0 1	0.101249 1.11861	0.00305985 0.0714137
729	0 1	0.124081 1.14474	0.00309847 0.0715405
730	0 1	0.111324 1.12878	0.00311508 0.0715528
731	0 1	0.113347 1.14259	0.00306244 0.0713945
732	0 1	0.100841 1.11479	0.00304401 0.0713719
733	0 1	0.104904 1.15613	0.00306077 0.0714697
734	0 1	0.0911770 1.11350	0.00301247 0.0714274
735	0 1	0.0983347 1.12071	0.00303198 0.0714897
736	0 1	0.115530 1.13182	0.00304583 0.0714437
737	0 1	0.106569 1.12401	0.00299529 0.0713803
738	0 1	0.0940533 1.11481	0.00299029 0.0714346
739	0 1	0.0981729 1.11779	0.00294512 0.0713134
740	0 1	0.101165 1.11735	0.00291746 0.0711892
741	0 1	0.102910 1.13812	0.00293184 0.0712959
742	0 1	0.103433 1.11950	0.00290180 0.0711952
743	0 1	0.0986175 1.13802	0.00287167 0.0709740
744	0 1	0.0983752 1.10545	0.00289575 0.0708825
745	0 1	0.0981186 1.12914	0.00289665 0.0708363
746	0 1	0.107511 1.13394	0.00288292 0.0707958
747	0 1	0.103048 1.10873	0.00286265 0.0707673
748	0 1	0.104845 1.12112	0.00287677 0.0707762
749	0 1	0.102104 1.13298	0.00282398 0.0706476
750	0 1	0.117480 1.15250	0.00278909 0.0705065
751	0 1	0.0982924 1.11231	0.00279222 0.0705079
752	0 1	0.105534 1.14005	0.00279311 0.0704297
753	0 1	0.105926 1.13798	0.00279412 0.0703413
754	0 1	0.103003 1.12376	0.00281589 0.0704536
755	0 1	0.102440 1.13369	0.00280126 0.0703414
756	0 1	0.105924 1.14075	0.00278535 0.0702886
757	0 1	0.0962414 1.12028	0.00277022 0.0702682
758	0 1	0.114690 1.15118	0.00276821 0.0702472
759	0 1	0.108877 1.14437	0.00276069 0.0702093
760	0 1	0.0962188 1.10579	0.00278719 0.0702321
761	0 1	0.102078 1.11918	0.00280265 0.0702217
762	0 1	0.100672 1.13031	0.00280529 0.0701357
763	0 1	0.108498 1.12977	0.00283870 0.0701537
764	0 1	0.101154 1.11419	0.00281110 0.0700385
765	0 1	0.103009 1.13197	0.00281757 0.0700139
766	0 1	0.102597 1.14089	0.00281033 0.0700497
767	0 1	0.107878 1.14207	0.00280212 0.0699491
768	0 1	0.107319 1.13548	0.00280774 0.0699384
769	0 1	0.100416 1.14157	0.00279225 0.0699023
770	0 1	0.124619 1.15688	0.00281725 0.0698667
771	0 1	0.0984345 1.11981	0.00280046 0.0696950
772	0 1	0.0994527 1.11123	0.00286460 0.0696770
773	0 1	0.0964323 1.11866	0.00282482 0.0695052
774	0 1	0.0924098 1.09928	0.00282592 0.0695756
775	0 1	0.108906 1.12948	0.00282687 0.0696473
776	0 1	0.103673 1.11426	0.00280957 0.0696165
777	0 1	0.118388 1.14878	0.00281312 0.0696168
778	0 1	0.0965781 1.10473	0.00278124 0.0695448
779	0 1	0.104772 1.12919	0.00280769 0.0695776
780	0 1	0.111616 1.15528	0.00282015 0.0694770
781	0 1	0.101346 1.12273	0.00282343 0.0694142
782	0 1	0.0933345 1.13157	0.00281915 0.0692975
783	0 1	0.105189 1.15071	0.00280103 0.0692053
784	0 1	0.103812 1.13133	0.00282982 0.0692148
785	0 1	0.0956829 1.11910	0.00278435 0.0690635
786	0 1	0.0916985 1.11395	0.00276945 0.0689963
787	0 1	0.104142 1.11489	0.00280363 0.0690318
788	0 1	0.104686 1.10193	0.00280133 0.0690049
789	0 1	0.101246 1.12120	0.00280554 0.0691007
790	0 1	0.0989078 1.12915	0.00277508 0.0689859
791	0 1	0.0988438 1.12357	0.00277902 0.0689808
792	0 1	0.106197 1.12213	0.00279883 0.0690638
793	0 1	0.0997643 1.12398	0.00281862 0.0691193
794	0 1	0.0972093 1.11554	0.00279784 0.0690057
795	0 1	0.106083 1.13577	0.00279468 0.0689656
796	0 1	0.104612 1.14282	0.00281908 0.0689603
797	0 1	0.115523 1.13463	0.00282033 0.0689122
798	0 1	0.0939780 1.11630	0.00280855 0.0688405
799	0 1	0.102344 1.13928	0.00282363 0.0687739
800	0 1	0.0975476 1.12293	0.00279992 0.0686566
801	0 1	0.103200 1.11999	0.00278751 0.0686395
802	0 1	0.113257 1.15227	0.00279061 0.0685266
803	0 1	0.102663 1.11984	0.00278656 0.0685052
804	0 1	0.106676 1.13708	0.00279056 0.0684179
805	0 1	0.106157 1.14035	0.00280471 0.0683929
806	0 1	0.0915709 1.11110	0.00277361 0.0683671
807	0 1	0.101338 1.11375	0.00276164 0.0683174
808	0 1	0.0926413 1.09663	0.00278194 0.0683443
809	0 1	0.0961475 1.10689	0.00283786 0.0684089
810	0 1	0.105077 1.12827	0.00285033 0.0683839
811	0 1	0.103806 1.11845	0.00284349 0.0683441
812	0 1	0.107769 1.13170	0.00283881 0.0683314
813	0 1	0.0937859 1.10651	0.00282679 0.0683691
814	0 1	0.0982080 1.11141	0.00281525 0.0683622
815	0 1	0.0941201 1.10734	0.00278018 0.0682048
816	0 1	0.104782 1.12562	0.00273864 0.0681236
817	0 1	0.108068 1.11264	0.00274273 0.0680787
818	0 1	0.106527 1.13751	0.00269560 0.0679069
819	0 1	0.103357 1.11657	0.00268677 0.0679369
820	0 1	0.101051 1.12074	0.00268896 0.0678399
821	0 1	0.102619 1.13170	0.00266005 0.0676824
822	0 1	0.0981438 1.11410	0.00266944 0.0676422
823	0 1	0.113529 1.14159	0.00269277 0.0677750
824	0 1	0.0980550 1.11568	0.00270099 0.0677219
825	0 1	0.120501 1.15581	0.00271835 0.0678175
826	0 1	0.107553 1.13438	0.00269891 0.0676914
827	0 1	0.111548 1.14165	0.00267144 0.0675395
828	0 1	0.0966076 1.11361	0.00270829 0.0676304
829	0 1	0.106649 1.12704	0.00269974 0.0675271
830	0 1	0.0979537 1.11585	0.00268067 0.0674640
831	0 1	0.0962746 1.11454	0.00266977 0.0674647
832	0 1	0.0954902 1.11449	0.00271552 0.0674162
833	0 1	0.119221 1.14926	0.00269732 0.0673434
834	0 1	0.104597 1.10415	0.00270653 0.0672885
835	0 1	0.101985 1.14201	0.00269791 0.0671985
836	0 1	0.0930156 1.11808	0.00270155 0.0672619
837	0 1	0.110422 1.14531	0.00273785 0.0672653
838	0 1	0.103620 1.11873	0.00270077 0.0671704
839	0 1	0.104179 1.10781	0.00270163 0.0671511
840	0 1	0.112172 1.14890	0.00274221 0.0672033
841	0 1	0.101701 1.12327	0.00276814 0.0672548
842	0 1	0.0993905 1.10845	0.00274946 0.0672531
843	0 1	0.101061 1.14448	0.00274306 0.0672197
844	0 1	0.100086 1.11645	0.00272128 0.0671365
845	0 1	0.109858 1.13969	0.00271093 0.0671095
846	0 1	0.113623 1.13123	0.00271267 0.0671373
847	0 1	0.101859 1.11276	0.00267951 0.0671138
848	0 1	0.101226 1.11776	0.00268873 0.0671573
849	0 1	0.0983079 1.11466	0.00272038 0.0671643
850	0 1	0.101282 1.11806	0.00278278 0.0673055
851	0 1	0.105329 1.13410	0.00278902 0.0672786
852	0 1	0.110608 1.13674	0.00276109 0.0672024
853	0 1	0.101560 1.11755	0.00276377 0.0671896
854	0 1	0.102731 1.14437	0.00275951 0.0671304
855	0 1	0.0997886 1.12443	0.00274567 0.0670321
856	0 1	0.109010 1.12456	0.00273068 0.0669958
857	0 1	0.121954 1.15275	0.00272084 0.0670322
858	0 1	0.0978160 1.11900	0.00272684 0.0669729
859	0 1	0.104380 1.11341	0.00271085 0.0670489
860	0 1	0.0991867 1.13314	0.00266365 0.0669614
861	0 1	0.106679 1.13288	0.00265032 0.0669029
862	0 1	0.103826 1.10649	0.00267296 0.0669188
863	0 1	0.107650 1.13360	0.00270831 0.0669876
864	0 1	0.108278 1.13003	0.00268709 0.0668799
865	0 1	0.105545 1.11346	0.00272252 0.0669641
866	0 1	0.100157 1.10614	0.00271251 0.0669260
867	0 1	0.109448 1.14292	0.00272128 0.0668927
868	0 1	0.0996580 1.10499	0.00273284 0.0668688
869	0 1	0.100261 1.11467	0.00273209 0.0669281
870	0 1	0.115559 1.11352	0.00274699 0.0669691
871	0 1	0.108484 1.14277	0.00276104 0.0669845
872	0 1	0.103930 1.11622	0.00274981 0.0669148
873	0 1	0.102662 1.12040	0.00273775 0.0668546
874	0 1	0.101416 1.12996	0.00271628 0.0666688
875	0 1	0.103114 1.12055	0.00271144 0.0666790
876	0 1	0.0977175 1.11894	0.00268260 0.0665790
877	0 1	0.104580 1.10513	0.00266284 0.0666288
878	0 1	0.100828 1.11399	0.00267963 0.0666854
879	0 1	0.0965262 1.10821	0.00266391 0.0666567
880	0 1	0.108319 1.12450	0.00265633 0.0666863
881	0 1	0.102975 1.11737	0.00264630 0.0666592
882	0 1	0.107197 1.12460	0.00268062 0.0666881
883	0 1	0.0967525 1.08934	0.00267163 0.0666677
884	0 1	0.102681 1.10688	0.00266944 0.0666108
885	0 1	0.106102 1.14446	0.00266653 0.0665771
886	0 1	0.0934133 1.11218	0.00264194 0.0663949
887	0 1	0.101003 1.12248	0.00263828 0.0663940
888	0 1	0.0958214 1.11531	0.00261093 0.0663948
889	0 1	0.110060 1.13026	0.00261227 0.0664633
890	0 1	0.106173 1.12914	0.00255743 0.0663510
891	0 1	0.100885 1.11410	0.00257203 0.0663931
892	0 1	0.101265 1.12871	0.00255041 0.0663023
893	0 1	0.102728 1.12252	0.00255705 0.0663156
894	0 1	0.0985615 1.11881	0.00253828 0.0662385
895	0 1	0.107560 1.12525	0.00256261 0.0661971
896	0 1	0.0947646 1.11460	0.00254461 0.0661838
897	0 1	0.0981843 1.11697	0.00252771 0.0661400
898	0 1	0.0971601 1.10204	0.00255289 0.0661298
899	0 1	0.0926296 1.09451	0.00256481 0.0662556
900	0 1	0.0963158 1.10141	0.00256038 0.0662150
901	0 1	0.114010 1.14303	0.00256188 0.0661881
902	0 1	0.107988 1.10280	0.00255915 0.0660698
903	0 1	0.0945824 1.13148	0.00252163 0.0658805
904	0 1	0.105683 1.13081	0.00249980 0.0657843
905	0 1	0.100920 1.12843	0.00251186 0.0657678
906	0 1	0.0876604 1.10249	0.00249725 0.0656673
907	0 1	0.114332 1.14972	0.00248105 0.0655799
908	0 1	0.106518 1.12053	0.00246313 0.0654530
909	0 1	0.112628 1.13000	0.00242861 0.0653377
910	0 1	0.102495 1.11981	0.00242079 0.0652677
911	0 1	0.101608 1.12138	0.00244693 0.0653735
912	0 1	0.101006 1.12581	0.00246471 0.0654881
913	0 1	0.100842 1.10534	0.00247697 0.0654729
914	0 1	0.0939046 1.10815	0.00247591 0.0655203
915	0 1	0.0993125 1.11902	0.00251395 0.0655475
916	0 1	0.105474 1.11731	0.00251837 0.0655096
917	0 1	0.105972 1.12276	0.00246773 0.0653873
918	0 1	0.101507 1.13576	0.00249204 0.0654657
919	0 1	0.105084 1.14147	0.00248836 0.0654410
920	0 1	0.101129 1.13841	0.00247030 0.0654614
921	0 1	0.114767 1.13838	0.00248178 0.0655788
922	0 1	0.107533 1.12865	0.00245017 0.0655401
923	0 1	0.113891 1.13063	0.00243330 0.0655239
924	0 1	0.110292 1.14292	0.00242456 0.0654473
925	0 1	0.0992376 1.12919	0.00239057 0.0653133
926	0 1	0.102412 1.12887	0.00237630 0.0651872
927	0 1	0.0991926 1.11800	0.00237634 0.0653027
928	0 1	0.107248 1.12572	0.00238519 0.0652686
929	0 1	0.100725 1.11759	0.00237893 0.0652130
930	0 1	0.100857 1.10823	0.00238172 0.0651570
931	0 1	0.105011 1.13132	0.00237792 0.0651570
932	0 1	0.112538 1.13268	0.00238399 0.0651254
933	0 1	0.106249 1.12148	0.00239284 0.0651198
934	0 1	0.102641 1.11235	0.00236275 0.0650602
935	0 1	0.101192 1.12881	0.00236888 0.0650617
936	0 1	0.105551 1.13515	0.00239348 0.0651112
937	0 1	0.109231 1.13161	0.00237271 0.0650881
938	0 1	0.101556 1.11213	0.00235000 0.0649912
939	0 1	0.0987391 1.11638	0.00234433 0.0649121
940	0 1	0.111279 1.13458	0.00234045 0.0648935
941	0 1	0.0976757 1.12561	0.00231257 0.0648084
942	0 1	0.122182 1.16946	0.00230783 0.0648157
943	0 1	0.0971089 1.11822	0.00230153 0.0648005
944	0 1	0.0951836 1.11977	0.00231018 0.0647580
945	0 1	0.0983393 1.12212	0.00230235 0.0646725
946	0 1	0.0885441 1.12527	0.00228251 0.0646673
947	0 1	0.0886770 1.09381	0.00223880 0.0644928
948	0 1	0.101375 1.10238	0.00223526 0.0644548
949	0 1	0.0996713 1.11595	0.00225150 0.0645866
950	0 1	0.0995705 1.10968	0.00223757 0.0644900
951	0 1	0.0899480 1.10803	0.00223104 0.0644503
952	0 1	0.101418 1.13394	0.00221571 0.0644888
953	0 1	0.0990134 1.11019	0.00224576 0.0644496
954	0 1	0.0981370 1.13693	0.00223067 0.0644783
955	0 1	0.104478 1.10366	0.00222278 0.0645475
956	0 1	0.113133 1.12842	0.00222582 0.0644865
957	0 1	0.0948791 1.09862	0.00223604 0.0644839
958	0 1	0.100722 1.10166	0.00226763 0.0644242
959	0 1	0.0997770 1.12401	0.00227370 0.0644178
960	0 1	0.0932757 1.11756	0.00221163 0.0641367
961	0 1	0.104338 1.11851	0.00222644 0.0642358
962	0 1	0.108594 1.11049	0.00221664 0.0641442
963	0 1	0.0986980 1.12066	0.00222849 0.0641595
964	0 1	0.121367 1.15521	0.00221483 0.0641498
965	0 1	0.110425 1.13090	0.00223937 0.0641124
966	0 1	0.104625 1.12413	0.00225527 0.0641159
967	0 1	0.100780 1.11325	0.00221962 0.0640027
968	0 1	0.112465 1.14380	0.00220442 0.0639879
969	0 1	0.0974757 1.11308	0.00222306 0.0639976
970	0 1	0.113045 1.13711	0.00226435 0.0639768
971	0 1	0.107862 1.13253	0.00226327 0.0639996
972	0 1	0.0954095 1.11284	0.00226290 0.0639299
973	0 1	0.119218 1.13960	0.00225809 0.0639025
974	0 1	0.102292 1.13012	0.00226418 0.0638469
975	0 1	0.128434 1.14619	0.00228502 0.0638205
976	0 1	0.104274 1.12534	0.00228638 0.0637998
977	0 1	0.107109 1.13221	0.00227974 0.0638196
978	0 1	0.105991 1.11926	0.00230304 0.0638180
979	0 1	0.0965419 1.10163	0.00228349 0.0637322
980	0 1	0.0839655 1.10001	0.00227310 0.0636584
981	0 1	0.117667 1.13919	0.00227382 0.0636293
982	0 1	0.116051 1.13510	0.00231555 0.0636950
983	0 1	0.106407 1.11560	0.00231114 0.0637443
984	0 1	0.0999867 1.14332	0.00230589 0.0637132
985	0 1	0.103386 1.11305	0.00229520 0.0636216
986	0 1	0.118997 1.15729	0.00230708 0.0635702
987	0 1	0.0950276 1.11142	0.00233398 0.0636855
988	0 1	0.101845 1.11711	0.00233794 0.0637633
989	0 1	0.0945648 1.09797	0.00234886 0.0637835
990	0 1	0.0896223 1.10323	0.00234486 0.0638560
991	0 1	0.0970686 1.10715	0.00232998 0.0638324
992	0 1	0.0963200 1.12423	0.00232461 0.0639284
993	0 1	0.103378 1.10028	0.00232639 0.0638552
994	0 1	0.108014 1.14888	0.00232969 0.0638423
995	0 1	0.107755 1.13333	0.00229937 0.0636504
996	0 1	0.0882021 1.10369	0.00228814 0.0635387
997	0 1	0.102438 1.10746	0.00229865 0.0636026
998	0 1	0.0934382 1.11146	0.00230643 0.0636535
999	0 1	0.0998038 1.12401	0.00228881 0.0635972
1000	0 1	0.105280 1.13688	0.00228945 0.0635773
1001	0 1	0.0872638 1.08340	0.00229471 0.0635778
1002	0 1	0.103489 1.11999	0.00231051 0.0636718
1003	0 1	0.111282 1.12663	0.00235903 0.0638520
1004	0 1	0.106603 1.13087	0.00237873 0.0639901
1005	0 1	0.0972747 1.11462	0.00239000 0.0640304
1006	0 1	0.103557 1.09888	0.00242558 0.0641439
1007	0 1	0.0972197 1.10879	0.00241660 0.0640105
1008	0 1	0.102221 1.11239	0.00238624 0.0638897
1009	0 1	0.0947066 1.11843	0.00239996 0.0639012
1010	0 1	0.114092 1.14106	0.00239520 0.0638474
1011	0 1	0.0950570 1.11916	0.00239329 0.0638015
1012	0 1	0.0976528 1.09747	0.00241574 0.0638638
1013	0 1	0.0957392 1.09532	0.00242573 0.0639351
1014	0 1	0.103371 1.12216	0.00247181 0.0640003
1015	0 1	0.0975315 1.11074	0.00243915 0.0638976
1016	0 1	0.0940788 1.08802	0.00243505 0.0638371
1017	0 1	0.0982365 1.09700	0.00243836 0.0638616
1018	0 1	0.0911983 1.12755	0.00243539 0.0638396
1019	0 1	0.0955267 1.08307	0.00242268 0.0637480
1020	0 1	0.103935 1.12338	0.00245281 0.0638526
1021	0 1	0.113158 1.13597	0.00240964 0.0638090
1022	0 1	0.103749 1.10202	0.00242102 0.0638085
1023	0 1	0.114522 1.14371	0.00241815 0.0638659
1024	0 1	0.101638 1.11489	0.00241134 0.0638646
1025	0 1	0.101090 1.11375	0.00240960 0.0638285
1026	0 1	0.0905559 1.10812	0.00237082 0.0637253
1027	0 1	0.0949122 1.11318	0.00237190 0.0636650
1028	0 1	0.107981 1.12745	0.00233967 0.0635830
1029	0 1	0.0929660 1.08853	0.00234893 0.0635384
1030	0 1	0.0967049 1.11374	0.00231038 0.0634688
1031	0 1	0.0987922 1.11055	0.00231572 0.0634185
1032	0 1	0.103483 1.11591	0.00232348 0.0633157
1033	0 1	0.0984431 1.10761	0.00226630 0.0632087
1034	0 1	0.107010 1.11935	0.00224536 0.0631342
1035	0 1	0.113580 1.13589	0.00224779 0.0632403
1036	0 1	0.109976 1.11818	0.00222291 0.0631149
1037	0 1	0.104802 1.11978	0.00222178 0.0631035
1038	0 1	0.107153 1.13261	0.00217589 0.0629505
1039	0 1	0.0985616 1.11827	0.00214780 0.0628234
1040	0 1	0.105776 1.10600	0.00214170 0.0628729
1041	0 1	0.0972135 1.10539	0.00215130 0.0629029
1042	0 1	0.103104 1.11467	0.00213902 0.0629008
1043	0 1	0.0968254 1.11059	0.00215335 0.0629038
1044	0 1	0.101609 1.12604	0.00218400 0.0629114
1045	0 1	0.104704 1.13880	0.00214831 0.0627375
1046	0 1	0.0931237 1.08882	0.00213965 0.0626967
1047	0 1	0.104674 1.12835	0.00215050 0.0626746
1048	0 1	0.104474 1.13232	0.00216286 0.0626835
1049	0 1	0.0950615 1.10856	0.00219628 0.0626664
1050	0 1	0.102381 1.11465	0.00218152 0.0625269
1051	0 1	0.0885872 1.10242	0.00221615 0.0625252
1052	0 1	0.0968160 1.10345	0.00220000 0.0624533
1053	0 1	0.0963109 1.10937	0.00217800 0.0623326
1054	0 1	0.106074 1.11932	0.00221627 0.0623677
1055	0 1	0.103692 1.12494	0.00220659 0.0623472
1056	0 1	0.0956868 1.11702	0.00219393 0.0622948
1057	0 1	0.0987920 1.11375	0.00221871 0.0624041
1058	0 1	0.0997347 1.12025	0.00222767 0.0623443
1059	0 1	0.106085 1.12337	0.00225436 0.0623501
1060	0 1	0.121143 1.14951	0.00220462 0.0622272
1061	0 1	0.102738 1.13371	0.00215958 0.0621185
1062	0 1	0.0974888 1.11001	0.00211609 0.0620128
1063	0 1	0.0863142 1.09745	0.00207871 0.0619093
1064	0 1	0.101408 1.11640	0.00208137 0.0618623
1065	0 1	0.105287 1.13640	0.00211212 0.0619214
1066	0 1	0.0997844 1.11879	0.00210205 0.0618319
1067	0 1	0.115133 1.13951	0.00208376 0.0618144
1068	0 1	0.102804 1.11416	0.00208603 0.0618073
1069	0 1	0.101792 1.11474	0.00210183 0.0618557
1070	0 1	0.100385 1.10145	0.00211736 0.0619420
1071	0 1	0.109774 1.11881	0.00212850 0.0620007
1072	0 1	0.110381 1.13278	0.00211623 0.0619415
1073	0 1	0.108331 1.12648	0.00213672 0.0620090
1074	0 1	0.0977196 1.10450	0.00215345 0.0620854
1075	0 1	0.111781 1.12523	0.00211469 0.0620639
1076	0 1	0.0985877 1.11780	0.00214335 0.0620460
1077	0 1	0.111188 1.13488	0.00214445 0.0619638
1078	0 1	0.109628 1.13581	0.00213297 0.0619419
1079	0 1	0.101148 1.10724	0.00214816 0.0619505
1080	0 1	0.0940034 1.09721	0.00214456 0.0619395
1081	0 1	0.105567 1.11913	0.00214789 0.0618988
1082	0 1	0.0994442 1.11968	0.00217299 0.0619015
1083	0 1	0.101457 1.11223	0.00217184 0.0618644
1084	0 1	0.111456 1.12080	0.00217520 0.0618863
1085	0 1	0.0974874 1.10947	0.00215827 0.0618065
1086	0 1	0.118316 1.15146	0.00215757 0.0617597
1087	0 1	0.104011 1.10571	0.00216814 0.0616349
1088	0 1	0.0992678 1.12588	0.00215622 0.0615353
1089	0 1	0.0974102 1.11770	0.00216493 0.0615807
1090	0 1	0.104858 1.12988	0.00214283 0.0615506
1091	0 1	0.0974001 1.10890	0.00215640 0.0616491
1092	0 1	0.111249 1.14087	0.00213387 0.0616428
1093	0 1	0.0940739 1.08908	0.00212884 0.0616618
1094	0 1	0.113311 1.14121	0.00211022 0.0615567
1095	0 1	0.103643 1.09878	0.00209622 0.0614603
1096	0 1	0.102489 1.13344	0.00209136 0.0614295
1097	0 1	0.0999132 1.10915	0.00211349 0.0613819
1098	0 1	0.0952187 1.10479	0.00210308 0.0613247
1099	0 1	0.0972383 1.12100	0.00207732 0.0611719
1100	0 1	0.0964009 1.12574	0.00203819 0.0611032
1101	0 1	0.0903681 1.09908	0.00204164 0.0610480
1102	0 1	0.110522 1.13712	0.00206122 0.0610356
1103	0 1	0.0962558 1.12502	0.00206184 0.0610263
1104	0 1	0.0957661 1.09872	0.00205928 0.0611202
1105	0 1	0.101947 1.12330	0.00204233 0.0610081
1106	0 1	0.105757 1.11878	0.00205035 0.0610879
1107	0 1	0.111873 1.13121	0.00203035 0.0609534
1108	0 1	0.0909949 1.12151	0.00202702 0.0608718
1109	0 1	0.108978 1.13367	0.00201119 0.0607527
1110	0 1	0.0975127 1.09628	0.00201802 0.0606807
1111	0 1	0.0970616 1.10921	0.00199641 0.0606496
1112	0 1	0.101594 1.11241	0.00201328 0.0606509
1113	0 1	0.101180 1.11560	0.00200210 0.0606371
1114	0 1	0.0977314 1.10969	0.00198631 0.0605315
1115	0 1	0.0993336 1.09174	0.00201033 0.0604971
1116	0 1	0.113732 1.10848	0.00200334 0.0605105
1117	0 1	0.102473 1.11672	0.00203143 0.0605368
1118	0 1	0.105840 1.13301	0.00201736 0.0605266
1119	0 1	0.109472 1.13605	0.00204851 0.0605359
1120	0 1	0.106495 1.11942	0.00204997 0.0604559
1121	0 1	0.0878761 1.12059	0.00205854 0.0604260
1122	0 1	0.0983009 1.12046	0.00204210 0.0604391
1123	0 1	0.111184 1.13671	0.00205610 0.0604455
1124	0 1	0.0985420 1.10545	0.00205289 0.0604471
1125	0 1	0.0958042 1.11278	0.00202260 0.0603803
1126	0 1	0.106078 1.12339	0.00204262 0.0604076
1127	0 1	0.0985682 1.11427	0.00205707 0.0603808
1128	0 1	0.108819 1.12187	0.00204640 0.0602381
1129	0 1	0.105493 1.14063	0.00206358 0.0603391
1130	0 1	0.0995821 1.10823	0.00208033 0.0603914
1131	0 1	0.0947638 1.08060	0.00207192 0.0603623
1132	0 1	0.0934469 1.11376	0.00206979 0.0603806
1133	0 1	0.108392 1.12625	0.00203541 0.0602883
1134	0 1	0.0969330 1.10709	0.00203590 0.0603111
1135	0 1	0.0976187 1.10936	0.00204244 0.0603163
1136	0 1	0.104521 1.11988	0.00207485 0.0603728
1137	0 1	0.0967864 1.11079	0.00208469 0.0603485
1138	0 1	0.104797 1.13722	0.00205258 0.0602798
1139	0 1	0.117162 1.11390	0.00208159 0.0603190
1140	0 1	0.0983268 1.12546	0.00208099 0.0603247
1141	0 1	0.0926764 1.12249	0.00205135 0.0601878
1142	0 1	0.101788 1.10310	0.00207269 0.0603313
1143	0 1	0.103288 1.12220	0.00206947 0.0602625
1144	0 1	0.0917583 1.08389	0.00211059 0.0603801
1145	0 1	0.104472 1.11105	0.00211474 0.0603582
1146	0 1	0.0989887 1.12639	0.00210263 0.0603246
1147	0 1	0.110795 1.11569	0.00208950 0.0603299
1148	0 1	0.109583 1.12225	0.00211823 0.0603316
1149	0 1	0.101311 1.11030	0.00215629 0.0604416
1150	0 1	0.102294 1.12822	0.00214611 0.0604223
1151	0 1	0.0920905 1.09513	0.00215027 0.0604005
1152	0 1	0.108389 1.13966	0.00214434 0.0605087
1153	0 1	0.105272 1.12859	0.00216047 0.0606706
1154	0 1	0.0962664 1.08380	0.00215565 0.0607341
1155	0 1	0.0928421 1.08117	0.00211296 0.0606794
1156	0 1	0.103630 1.12208	0.00207650 0.0605550
1157	0 1	0.0871659 1.08893	0.00211374 0.0606696
1158	0 1	0.114416 1.12887	0.00216711 0.0607560
1159	0 1	0.0958519 1.10520	0.00218486 0.0608017
1160	0 1	0.111273 1.13378	0.00220379 0.0608563
1161	0 1	0.115231 1.12632	0.00223075 0.0608982
1162	0 1	0.112164 1.12519	0.00222858 0.0608935
1163	0 1	0.0952589 1.10547	0.00224421 0.0608292
1164	0 1	0.0915180 1.08514	0.00223869 0.0608873
1165	0 1	0.0912816 1.09097	0.00223996 0.0608800
1166	0 1	0.0983236 1.10528	0.00224061 0.0608926
1167	0 1	0.102584 1.11150	0.00224357 0.0609000
1168	0 1	0.0963850 1.10398	0.00223399 0.0608267
1169	0 1	0.0959217 1.13840	0.00221043 0.0606651
1170	0 1	0.0931921 1.10660	0.00219099 0.0606919
1171	0 1	0.0996911 1.10750	0.00218363 0.0606515
1172	0 1	0.0999471 1.10660	0.00220024 0.0606482
1173	0 1	0.105311 1.11981	0.00218195 0.0606229
1174	0 1	0.0975534 1.10615	0.00215551 0.0606074
1175	0 1	0.0951213 1.09907	0.00214650 0.0605027
1176	0 1	0.109517 1.11846	0.00217273 0.0606481
1177	0 1	0.0960554 1.10131	0.00216634 0.0606320
1178	0 1	0.0973143 1.11907	0.00215763 0.0605710
1179	0 1	0.117356 1.12687	0.00212654 0.0604873
1180	0 1	0.0992573 1.11618	0.00211923 0.0604202
1181	0 1	0.102276 1.11034	0.00211914 0.0602940
1182	0 1	0.0848220 1.08593	0.00212489 0.0603021
1183	0 1	0.108476 1.12092	0.00212995 0.0603590
1184	0 1	0.102869 1.12181	0.00210436 0.0603258
1185	0 1	0.100689 1.09583	0.00208232 0.0603382
1186	0 1	0.103715 1.11252	0.00208837 0.0602786
1187	0 1	0.101158 1.12078	0.00209772 0.0602792
1188	0 1	0.106288 1.12538	0.00209657 0.0602707
1189	0 1	0.0914692 1.11729	0.00209991 0.0602963
1190	0 1	0.0958652 1.10697	0.00207533 0.0601957
1191	0 1	0.115613 1.13412	0.00207678 0.0602509
1192	0 1	0.0962477 1.11309	0.00208374 0.0601822
1193	0 1	0.108527 1.12442	0.00207700 0.0602087
1194	0 1	0.104217 1.13220	0.00210810 0.0602178
1195	0 1	0.0966759 1.10850	0.00211348 0.0602337
1196	0 1	0.106087 1.12443	0.00210676 0.0601556
1197	0 1	0.0843416 1.09062	0.00212828 0.0601125
1198	0 1	0.103880 1.12989	0.00211146 0.0600142
1199	0 1	0.112774 1.12951	0.00209366 0.0599385
1200	0 1	0.0892205 1.09963	0.00207232 0.0597944
1201	0 1	0.108295 1.12944	0.00204405 0.0597709
1202	0 1	0.104034 1.12498	0.00207833 0.0598224
1203	0 1	0.106694 1.11424	0.00207061 0.0597856
1204	0 1	0.101488 1.13268	0.00203498 0.0596894
1205	0 1	0.0900130 1.11056	0.00203920 0.0597466
1206	0 1	0.0886969 1.08724	0.00204865 0.0598626
1207	0 1	0.104093 1.11550	0.00204508 0.0598862
1208	0 1	0.111512 1.12519	0.00204448 0.0598214
1209	0 1	0.0904389 1.08454	0.00203873 0.0598444
1210	0 1	0.0915442 1.09808	0.00203969 0.0598097
1211	0 1	0.0989814 1.10580	0.00206132 0.0598287
1212	0 1	0.102907 1.10966	0.00206211 0.0597743
1213	0 1	0.101119 1.12746	0.00202894 0.0596015
1214	0 1	0.110502 1.13320	0.00204480 0.0596485
1215	0 1	0.0924396 1.10587	0.00205986 0.0596222
1216	0 1	0.118070 1.14783	0.00202523 0.0595838
1217	0 1	0.0971261 1.11453	0.00201978 0.0595798
1218	0 1	0.103336 1.11544	0.00204839 0.0596054
1219	0 1	0.102673 1.13981	0.00205373 0.0595135
1220	0 1	0.100767 1.11460	0.00207382 0.0595129
1221	0 1	0.107136 1.13310	0.00209618 0.0594564
1222	0 1	0.0977928 1.12746	0.00211662 0.0593728
1223	0 1	0.102340 1.10309	0.00211907 0.0593083
1224	0 1	0.103026 1.12904	0.00216283 0.0593504
1225	0 1	0.0956041 1.12012	0.00214787 0.0593986
1226	0 1	0.102907 1.12862	0.00211646 0.0592944
1227	0 1	0.104107 1.09643	0.00212774 0.0593566
1228	0 1	0.0890801 1.10462	0.00214146 0.0593935
1229	0 1	0.101747 1.12207	0.00213344 0.0593446
1230	0 1	0.110540 1.13226	0.00212547 0.0593206
1231	0 1	0.0994242 1.12521	0.00214854 0.0593417
1232	0 1	0.106281 1.11667	0.00216161 0.0592925
1233	0 1	0.101904 1.12863	0.00214901 0.0591801
1234	0 1	0.107521 1.10737	0.00216977 0.0592611
1235	0 1	0.0942042 1.10401	0.00220933 0.0593714
1236	0 1	0.107059 1.13648	0.00218753 0.0592695
1237	0 1	0.108039 1.12136	0.00216820 0.0592452
1238	0 1	0.112149 1.15283	0.00214951 0.0592596
1239	0 1	0.105935 1.13620	0.00216509 0.0592102
1240	0 1	0.108260 1.11305	0.00219195 0.0593020
1241	0 1	0.0934045 1.10319	0.00218943 0.0592854
1242	0 1	0.0983351 1.10538	0.00219863 0.0592767
1243	0 1	0.0884787 1.08045	0.00218266 0.0593265
1244	0 1	0.109069 1.13576	0.00221526 0.0594325
1245	0 1	0.0926771 1.07872	0.00216794 0.0593088
1246	0 1	0.0961507 1.10621	0.00214001 0.0592502
1247	0 1	0.107530 1.11736	0.00214789 0.0592045
1248	0 1	0.0966009 1.09913	0.00214111 0.0592408
1249	0 1	0.102076 1.12568	0.00218198 0.0592403
1250	0 1	0.0944398 1.10721	0.00219484 0.0592388
1251	0 1	0.109052 1.12366	0.00222922 0.0592034
1252	0 1	0.102306 1.09803	0.00223671 0.0591700
1253	0 1	0.0968783 1.10292	0.00221340 0.0591224
1254	0 1	0.112402 1.11184	0.00219384 0.0590809
1255	0 1	0.107109 1.12344	0.00213956 0.0589800
1256	0 1	0.109311 1.12054	0.00212165 0.0589211
1257	0 1	0.108099 1.13557	0.00214631 0.0589567
1258	0 1	0.108920 1.14364	0.00212575 0.0588632
1259	0 1	0.0941692 1.10639	0.00209569 0.0587563
1260	0 1	0.103704 1.10699	0.00206865 0.0586753
1261	0 1	0.106443 1.12484	0.00203984 0.0585455
1262	0 1	0.102742 1.11910	0.00203801 0.0585486
1263	0 1	0.103312 1.12940	0.00204735 0.0586263
1264	0 1	0.103653 1.11516	0.00203237 0.0585395
1265	0 1	0.106225 1.11912	0.00201661 0.0584616
1266	0 1	0.0987787 1.11762	0.00203284 0.0585297
1267	0 1	0.0925246 1.09615	0.00205055 0.0585689
1268	0 1	0.0995941 1.10971	0.00204910 0.0585588
1269	0 1	0.106433 1.13105	0.00203336 0.0585606
1270	0 1	0.0948716 1.11596	0.00202499 0.0585247
1271	0 1	0.0976205 1.09495	0.00204633 0.0585470
1272	0 1	0.0924660 1.10254	0.00205543 0.0584136
1273	0 1	0.109533 1.12565	0.00202752 0.0583278
1274	0 1	0.0957815 1.09720	0.00206916 0.0583856
1275	0 1	0.107940 1.11833	0.00207578 0.0584876
1276	0 1	0.110762 1.11742	0.00211169 0.0586084
1277	0 1	0.105470 1.10881	0.00208594 0.0584954
1278	0 1	0.0936879 1.11410	0.00207309 0.0583901
1279	0 1	0.102804 1.11575	0.00205541 0.0582863
1280	0 1	0.106896 1.15171	0.00204343 0.0581739
1281	0 1	0.0959681 1.11104	0.00203068 0.0580672
1282	0 1	0.110508 1.13539	0.00201924 0.0581045
1283	0 1	0.103076 1.11352	0.00201248 0.0581358
1284	0 1	0.0994163 1.11411	0.00201945 0.0581477
1285	0 1	0.102077 1.10144	0.00201800 0.0582077
1286	0 1	0.102629 1.11807	0.00202248 0.0582186
1287	0 1	0.0954471 1.09316	0.00201399 0.0582189
1288	0 1	0.101181 1.12173	0.00201307 0.0581600
1289	0 1	0.0912114 1.08803	0.00202862 0.0582311
1290	0 1	0.101142 1.11882	0.00200412 0.0581664
1291	0 1	0.0952031 1.07887	0.00198713 0.0580695
1292	0 1	0.0955687 1.13856	0.00199386 0.0580582
1293	0 1	0.0860536 1.10625	0.00201428 0.0581279
1294	0 1	0.114791 1.13458	0.00199725 0.0580506
1295	0 1	0.110520 1.13371	0.00197317 0.0580356
1296	0 1	0.102335 1.12275	0.00196295 0.0579439
1297	0 1	0.0993094 1.11677	0.00196626 0.0580300
1298	0 1	0.0967672 1.12750	0.00194382 0.0579546
1299	0 1	0.104112 1.12257	0.00190320 0.0579355
1300	0 1	0.104802 1.11543	0.00188804 0.0579113
1301	0 1	0.0996504 1.12362	0.00189429 0.0579332
1302	0 1	0.105783 1.11362	0.00190285 0.0579463
1303	0 1	0.101278 1.10507	0.00189673 0.0577827
1304	0 1	0.103236 1.13528	0.00187783 0.0577181
1305	0 1	0.0891194 1.09849	0.00185392 0.0576774
1306	0 1	0.112219 1.15082	0.00185387 0.0576682
1307	0 1	0.0954143 1.10500	0.00184552 0.0576068
1308	0 1	0.100517 1.10744	0.00182159 0.0574557
1309	0 1	0.101636 1.12073	0.00181778 0.0575158
1310	0 1	0.111295 1.11072	0.00185333 0.0576209
1311	0 1	0.101338 1.11681	0.00185000 0.0575487
1312	0 1	0.0941072 1.11057	0.00186879 0.0575365
1313	0 1	0.109629 1.11987	0.00185944 0.0575317
1314	0 1	0.0973535 1.12334	0.00185188 0.0574986
1315	0 1	0.0873523 1.09885	0.00181858 0.0573447
1316	0 1	0.0942430 1.10377	0.00182369 0.0573617
1317	0 1	0.0966298 1.11354	0.00181207 0.0572955
1318	0 1	0.102452 1.13020	0.00179187 0.0572347
1319	0 1	0.115605 1.14256	0.00177505 0.0573033
1320	0 1	0.109160 1.10926	0.00176163 0.0572518
1321	0 1	0.105520 1.12897	0.00176751 0.0572216
1322	0 1	0.103585 1.11281	0.00179060 0.0572198
1323	0 1	0.100264 1.12615	0.00181317 0.0572441
1324	0 1	0.106749 1.13942	0.00179206 0.0570739
1325	0 1	0.0969754 1.11460	0.00177555 0.0570281
1326	0 1	0.0936235 1.09620	0.00177212 0.0570482
1327	0 1	0.0944246 1.11189	0.00176759 0.0570313
1328	0 1	0.111687 1.14072	0.00175653 0.0569110
1329	0 1	0.102671 1.13512	0.00174615 0.0568537
1330	0 1	0.100029 1.11018	0.00174893 0.0568705
1331	0 1	0.0956198 1.11204	0.00174136 0.0567856
1332	0 1	0.102646 1.11233	0.00175422 0.0567997
1333	0 1	0.111245 1.12505	0.00173466 0.0568769
1334	0 1	0.0936836 1.10791	0.00174876 0.0569580
1335	0 1	0.100186 1.12422	0.00175961 0.0569315
1336	0 1	0.0909019 1.10280	0.00176415 0.0569129
1337	0 1	0.103900 1.10626	0.00174407 0.0568787
1338	0 1	0.0985815 1.11027	0.00173101 0.0568070
1339	0 1	0.110339 1.12201	0.00175296 0.0568110
1340	0 1	0.100128 1.10306	0.00176405 0.0567796
1341	0 1	0.100071 1.08910	0.00174883 0.0567504
1342	0 1	0.0911814 1.11723	0.00172808 0.0567393
1343	0 1	0.0958329 1.10353	0.00173433 0.0568263
1344	0 1	0.0966585 1.10028	0.00174827 0.0569418
1345	0 1	0.110884 1.13203	0.00173953 0.0568771
1346	0 1	0.0978779 1.11800	0.00171536 0.0568151
1347	0 1	0.110677 1.12981	0.00173751 0.0568772
1348	0 1	0.101512 1.11771	0.00174060 0.0568357
1349	0 1	0.113770 1.14770	0.00173673 0.0567770
1350	0 1	0.0864130 1.08502	0.00173285 0.0567583
1351	0 1	0.101777 1.11561	0.00178404 0.0568618
1352	0 1	0.106705 1.13389	0.00179785 0.0568260
1353	0 1	0.101022 1.11211	0.00181894 0.0568304
1354	0 1	0.104803 1.13212	0.00180387 0.0568296
1355	0 1	0.0927736 1.09228	0.00178475 0.0568120
1356	0 1	0.112665 1.13495	0.00177310 0.0567864
1357	0 1	0.109384 1.12285	0.00174831 0.0568236
1358	0 1	0.105673 1.13703	0.00177148 0.0567978
1359	0 1	0.102246 1.10352	0.00179026 0.0568380
1360	0 1	0.101085 1.10343	0.00179017 0.0567827
1361	0 1	0.102827 1.10302	0.00177729 0.0567683
1362	0 1	0.102766 1.12934	0.00177016 0.0567511
1363	0 1	0.0930328 1.08077	0.00175688 0.0567373
1364	0 1	0.0899799 1.09644	0.00173838 0.0565911
1365	0 1	0.104073 1.11822	0.00174525 0.0565173
1366	0 1	0.101732 1.11628	0.00174980 0.0564924
1367	0 1	0.107300 1.12116	0.00178138 0.0565975
1368	0 1	0.0944627 1.10334	0.00179321 0.0565326
1369	0 1	0.108220 1.12156	0.00178193 0.0566075
1370	0 1	0.0969545 1.11451	0.00177552 0.0565687
1371	0 1	0.106983 1.12457	0.00177867 0.0565656
1372	0 1	0.103100 1.12372	0.00177772 0.0564925
1373	0 1	0.104400 1.11091	0.00179411 0.0564983
1374	0 1	0.103259 1.11701	0.00180794 0.0564517
1375	0 1	0.104749 1.10966	0.00179943 0.0563394
1376	0 1	0.112419 1.12809	0.00177972 0.0563123
1377	0 1	0.100806 1.10137	0.00175495 0.0561844
1378	0 1	0.0917356 1.10030	0.00178629 0.0562341
1379	0 1	0.0940151 1.09163	0.00179371 0.0563262
1380	0 1	0.0882464 1.10679	0.00178867 0.0563240
1381	0 1	0.0971470 1.11688	0.00179950 0.0563369
1382	0 1	0.0999712 1.10767	0.00182759 0.0563493
1383	0 1	0.0986802 1.12249	0.00185297 0.0563728
1384	0 1	0.103350 1.13438	0.00185133 0.0562781
1385	0 1	0.0997548 1.10973	0.00187625 0.0563852
1386	0 1	0.102067 1.13614	0.00187651 0.0563352
1387	0 1	0.102126 1.11602	0.00187039 0.0563937
1388	0 1	0.114285 1.12887	0.00190161 0.0564321
1389	0 1	0.101374 1.11787	0.00188887 0.0563465
1390	0 1	0.0945180 1.09118	0.00187756 0.0563845
1391	0 1	0.112816 1.14360	0.00187478 0.0563199
1392	0 1	0.0933233 1.10093	0.00190119 0.0563720
1393	0 1	0.110208 1.13924	0.00192755 0.0564762
1394	0 1	0.0994019 1.11505	0.00193995 0.0564999
1395	0 1	0.100037 1.11051	0.00190641 0.0563950
1396	0 1	0.0985371 1.12924	0.00190585 0.0563971
1397	0 1	0.101668 1.11827	0.00189485 0.0562671
1398	0 1	0.113631 1.12127	0.00192840 0.0562907
1399	0 1	0.109343 1.12378	0.00190267 0.0562594
1400	0 1	0.101647 1.13583	0.00188230 0.0561487
1401	0 1	0.0966065 1.10488	0.00191231 0.0561857
1402	0 1	0.103940 1.10472	0.00190528 0.0561634
1403	0 1	0.0978017 1.12646	0.00193854 0.0561912
1404	0 1	0.100748 1.11328	0.00193838 0.0563016
1405	0 1	0.109605 1.13405	0.00192820 0.0562834
1406	0 1	0.109673 1.14289	0.00194573 0.0563300
1407	0 1	0.102516 1.12298	0.00192967 0.0562468
1408	0 1	0.118099 1.12673	0.00192517 0.0562406
1409	0 1	0.102787 1.11543	0.00190135 0.0562639
1410	0 1	0.0947438 1.11057	0.00190269 0.0561861
1411	0 1	0.0963933 1.09682	0.00189300 0.0562437
1412	0 1	0.0887770 1.10554	0.00185730 0.0561271
1413	0 1	0.0998699 1.10678	0.00187056 0.0561551
1414	0 1	0.104636 1.11974	0.00182112 0.0560639
1415	0 1	0.0938400 1.10104	0.00182428 0.0561055
1416	0 1	0.101615 1.10650	0.00182403 0.0561080
1417	0 1	0.122065 1.15602	0.00181302 0.0560176
1418	0 1	0.112639 1.12745	0.00178358 0.0559493
1419	0 1	0.0957434 1.10214	0.00177264 0.0559116
1420	0 1	0.102862 1.12507	0.00178037 0.0559579
1421	0 1	0.103424 1.11153	0.00179815 0.0559648
1422	0 1	0.0958715 1.12014	0.00179725 0.0558985
1423	0 1	0.110060 1.11195	0.00180803 0.0559481
1424	0 1	0.0937490 1.10131	0.00180847 0.0558962
1425	0 1	0.100287 1.13295	0.00178755 0.0558952
1426	0 1	0.0970947 1.11998	0.00179352 0.0559031
1427	0 1	0.106206 1.09643	0.00181056 0.0558762
1428	0 1	0.100027 1.12889	0.00183462 0.0560115
1429	0 1	0.0946113 1.09161	0.00184712 0.0560963
1430	0 1	0.100612 1.13132	0.00185090 0.0560673
1431	0 1	0.0940414 1.09231	0.00187963 0.0561349
1432	0 1	0.109390 1.13736	0.00189953 0.0562050
1433	0 1	0.100947 1.11095	0.00187844 0.0561695
1434	0 1	0.0948687 1.11289	0.00184173 0.0560454
1435	0 1	0.0967065 1.10880	0.00184162 0.0560062
1436	0 1	0.101586 1.10559	0.00183013 0.0560212
1437	0 1	0.116133 1.13586	0.00178908 0.0558604
1438	0 1	0.100804 1.10635	0.00177480 0.0558021
1439	0 1	0.0960095 1.12044	0.00179854 0.0558889
1440	0 1	0.103716 1.11156	0.00180645 0.0558300
1441	0 1	0.0938417 1.10368	0.00178602 0.0557978
1442	0 1	0.0959615 1.08095	0.00177813 0.0557366
1443	0 1	0.0818176 1.08119	0.00178703 0.0558070
1444	0 1	0.112558 1.13125	0.00178729 0.0557910
1445	0 1	0.0985845 1.10956	0.00176787 0.0557076
1446	0 1	0.0911860 1.10021	0.00177396 0.0556495
1447	0 1	0.111529 1.11778	0.00174982 0.0556037
1448	0 1	0.107959 1.11534	0.00175399 0.0556070
1449	0 1	0.0921659 1.11412	0.00174872 0.0555887
1450	0 1	0.116249 1.14964	0.00174788 0.0555573
1451	0 1	0.0937768 1.10205	0.00174962 0.0555522
1452	0 1	0.0908657 1.09401	0.00176210 0.0556066
1453	0 1	0.0935042 1.10840	0.00175135 0.0555459
1454	0 1	0.0986010 1.11644	0.00173582 0.0554095
1455	0 1	0.0992407 1.10451	0.00169531 0.0553599
1456	0 1	0.109462 1.10718	0.00167471 0.0554050
1457	0 1	0.0931764 1.08242	0.00167384 0.0553467
1458	0 1	0.117436 1.12266	0.00166409 0.0552740
1459	0 1	0.103501 1.12793	0.00166475 0.0552753
1460	0 1	0.111573 1.12601	0.00166079 0.0552893
1461	0 1	0.101200 1.09802	0.00167167 0.0553513
1462	0 1	0.108510 1.13432	0.00166022 0.0553412
1463	0 1	0.112213 1.14145	0.00163439 0.0552354
1464	0 1	0.102738 1.13748	0.00160717 0.0550696
1465	0 1	0.114580 1.14007	0.00159549 0.0550455
1466	0 1	0.0904433 1.09924	0.00157117 0.0548787
1467	0 1	0.0994955 1.11908	0.00156896 0.0548701
1468	0 1	0.109290 1.11936	0.00155520 0.0548060
1469	0 1	0.0998677 1.12046	0.00154350 0.0547408
1470	0 1	0.113410 1.14182	0.00152032 0.0546995
1471	0 1	0.100806 1.11202	0.00151055 0.0546382
1472	0 1	0.0994635 1.13366	0.00151315 0.0546809
1473	0 1	0.109676 1.12987	0.00153037 0.0546940
1474	0 1	0.0991829 1.11688	0.00152877 0.0547427
1475	0 1	0.0962274 1.11324	0.00154783 0.0546739
1476	0 1	0.0998398 1.12303	0.00154997 0.0546138
1477	0 1	0.107732 1.13221	0.00154574 0.0546163
1478	0 1	0.113276 1.12292	0.00155689 0.0546202
1479	0 1	0.0987028 1.11487	0.00154953 0.0546017
1480	0 1	0.100386 1.10866	0.00155304 0.0546641
1481	0 1	0.0989665 1.12277	0.00154690 0.0546891
1482	0 1	0.0996888 1.09562	0.00154567 0.0547047
1483	0 1	0.0981633 1.10140	0.00153756 0.0546510
1484	0 1	0.107438 1.13817	0.00157754 0.0546508
1485	0 1	0.0929243 1.09007	0.00158352 0.0545840
1486	0 1	0.0996822 1.11259	0.00159263 0.0546422
1487	0 1	0.0998141 1.11765	0.00158530 0.0545693
1488	0 1	0.101111 1.11467	0.00161947 0.0545995
1489	0 1	0.0925829 1.10357	0.00162025 0.0545374
1490	0 1	0.100359 1.11028	0.00162811 0.0546129
1491	0 1	0.102312 1.11833	0.00163100 0.0546836
1492	0 1	0.100126 1.09155	0.00163447 0.0545779
1493	0 1	0.105920 1.11878	0.00164352 0.0545399
1494	0 1	0.104815 1.12052	0.00166026 0.0546290
1495	0 1	0.0972939 1.08579	0.00166841 0.0545759
1496	0 1	0.104355 1.11321	0.00169729 0.0546705
1497	0 1	0.116950 1.12441	0.00174233 0.0548824
1498	0 1	0.106451 1.12061	0.00173706 0.0548901
1499	0 1	0.0916898 1.08473	0.00173845 0.0549136
1500	0 1	0.0999006 1.12515	0.00169503 0.0547314
1501	0 1	0.0976333 1.09754	0.00172312 0.0547068
1502	0 1	0.0879921 1.08822	0.00173343 0.0547338
1503	0 1	0.107029 1.10767	0.00171953 0.0546129
1504	0 1	0.0891427 1.11087	0.00171548 0.0546498
1505	0 1	0.103376 1.10921	0.00172530 0.0546086
1506	0 1	0.100583 1.10753	0.00173872 0.0545442
1507	0 1	0.103092 1.10106	0.00174391 0.0546239
1508	0 1	0.0918907 1.08786	0.00175116 0.0545075
1509	0 1	0.0911549 1.09167	0.00178358 0.0545709
1510	0 1	0.102627 1.11989	0.00177989 0.0545777
1511	0 1	0.0993755 1.10777	0.00177066 0.0546179
1512	0 1	0.100149 1.11522	0.00179426 0.0546815
1513	0 1	0.104915 1.08538	0.00181626 0.0546954
1514	0 1	0.0960458 1.12716	0.00179308 0.0546673
1515	0 1	0.104088 1.11255	0.00180204 0.0546833
1516	0 1	0.0989854 1.10527	0.00178282 0.0546150
1517	0 1	0.101739 1.11484	0.00179641 0.0546944
1518	0 1	0.100575 1.12170	0.00179078 0.0545748
1519	0 1	0.103910 1.12147	0.00178668 0.0546646
1520	0 1	0.107754 1.10687	0.00180378 0.0546141
1521	0 1	0.101663 1.10580	0.00180705 0.0546847
1522	0 1	0.111502 1.12565	0.00181955 0.0546956
1523	0 1	0.0945762 1.09471	0.00180121 0.0546473
1524	0 1	0.115241 1.15259	0.00181076 0.0546293
1525	0 1	0.0911573 1.09101	0.00184588 0.0546452
1526	0 1	0.0896665 1.08485	0.00183836 0.0546323
1527	0 1	0.0864753 1.08994	0.00180776 0.0546309
1528	0 1	0.0949260 1.09495	0.00181969 0.0547397
1529	0 1	0.101299 1.11342	0.00181420 0.0546819
1530	0 1	0.0976896 1.10362	0.00175347 0.0545985
1531	0 1	0.103153 1.11653	0.00176878 0.0546172
1532	0 1	0.104304 1.10594	0.00177307 0.0546303
1533	0 1	0.103177 1.12302	0.00178184 0.0546122
1534	0 1	0.103845 1.12679	0.00180246 0.0546716
1535	0 1	0.102047 1.12235	0.00180790 0.0546897
1536	0 1	0.0938854 1.10739	0.00180106 0.0546671
1537	0 1	0.0977775 1.10030	0.00179948 0.0546657
1538	0 1	0.110159 1.09780	0.00179287 0.0546253
1539	0 1	0.0945099 1.09948	0.00179054 0.0545935
1540	0 1	0.106698 1.11880	0.00178396 0.0545499
1541	0 1	0.105507 1.10948	0.00177745 0.0545298
1542	0 1	0.100557 1.14066	0.00176661 0.0544744
1543	0 1	0.0951415 1.11321	0.00178978 0.0545301
1544	0 1	0.0943429 1.10149	0.00180286 0.0546075
1545	0 1	0.0986070 1.12014	0.00179510 0.0544840
1546	0 1	0.107734 1.13151	0.00177337 0.0545193
1547	0 1	0.0934248 1.10538	0.00178592 0.0544614
1548	0 1	0.0950300 1.08971	0.00178334 0.0544288
1549	0 1	0.112006 1.13209	0.00177097 0.0543855
1550	0 1	0.101238 1.11262	0.00179878 0.0543733
1551	0 1	0.101262 1.11232	0.00178800 0.0544074
1552	0 1	0.0959082 1.10354	0.00179348 0.0543324
1553	0 1	0.100587 1.11108	0.00182756 0.0544668
1554	0 1	0.114203 1.12823	0.00182809 0.0545125
1555	0 1	0.106180 1.13259	0.00181596 0.0544623
1556	0 1	0.115515 1.14457	0.00179939 0.0544044
1557	0 1	0.0920539 1.11033	0.00180164 0.0542928
1558	0 1	0.108911 1.11377	0.00174855 0.0541262
1559	0 1	0.118353 1.14518	0.00175831 0.0542294
1560	0 1	0.0986419 1.10883	0.00175014 0.0542368
1561	0 1	0.100514 1.11693	0.00173870 0.0541992
1562	0 1	0.0973737 1.11832	0.00175129 0.0542094
1563	0 1	0.0912694 1.09862	0.00173657 0.0541382
1564	0 1	0.100719 1.12029	0.00174235 0.0541272
1565	0 1	0.109988 1.11445	0.00177391 0.0543220
1566	0 1	0.101288 1.11129	0.00180003 0.0544352
1567	0 1	0.0979629 1.11664	0.00179318 0.0543166
1568	0 1	0.103645 1.11007	0.00179053 0.0542560
1569	0 1	0.0987401 1.11850	0.00177035 0.0542302
1570	0 1	0.102245 1.10658	0.00175846 0.0542235
1571	0 1	0.0921539 1.09808	0.00175765 0.0542123
1572	0 1	0.102780 1.11892	0.00173099 0.0542052
1573	0 1	0.101174 1.11256	0.00172192 0.0541713
1574	0 1	0.130546 1.17909	0.00171397 0.0541867
1575	0 1	0.0958993 1.09629	0.00171861 0.0542886
1576	0 1	0.0916012 1.09355	0.00171933 0.0542951
1577	0 1	0.0898452 1.12554	0.00170913 0.0542534
1578	0 1	0.0944309 1.12171	0.00172190 0.0542772
1579	0 1	0.0999340 1.11673	0.00175075 0.0542505
1580	0 1	0.104647 1.12044	0.00172289 0.0541958
1581	0 1	0.0864442 1.10350	0.00170791 0.0541218
1582	0 1	0.0991628 1.08596	0.00171903 0.0541335
1583	0 1	0.106485 1.11491	0.00171923 0.0541208
1584	0 1	0.107933 1.11921	0.00171901 0.0541201
1585	0 1	0.101538 1.12953	0.00172351 0.0540666
1586	0 1	0.109970 1.11988	0.00170012 0.0540113
1587	0 1	0.0854945 1.08250	0.00167874 0.0539466
1588	0 1	0.102934 1.10337	0.00168796 0.0539396
1589	0 1	0.0967068 1.12315	0.00168991 0.0539208
1590	0 1	0.0949241 1.10028	0.00170899 0.0540221
1591	0 1	0.0963629 1.09876	0.00171598 0.0540928
1592	0 1	0.104401 1.13560	0.00168603 0.0540525
1593	0 1	0.101631 1.11516	0.00168860 0.0540096
1594	0 1	0.0950842 1.09687	0.00166575 0.0539126
1595	0 1	0.109651 1.13527	0.00163640 0.0537795
1596	0 1	0.100721 1.10723	0.00164399 0.0536961
1597	0 1	0.100188 1.12210	0.00165689 0.0537328
1598	0 1	0.109231 1.12263	0.00165484 0.0537112
1599	0 1	0.0848561 1.08611	0.00164033 0.0536583
1600	0 1	0.105724 1.13473	0.00165348 0.0536765
1601	0 1	0.106282 1.11160	0.00166550 0.0536446
1602	0 1	0.110908 1.14481	0.00166800 0.0536073
1603	0 1	0.0913332 1.10753	0.00166488 0.0535894
1604	0 1	0.100046 1.12077	0.00167088 0.0535521
1605	0 1	0.110333 1.10577	0.00167237 0.0535276
1606	0 1	0.106971 1.11358	0.00167503 0.0535481
1607	0 1	0.123799 1.15515	0.00165745 0.0535098
1608	0 1	0.0960470 1.09641	0.00167825 0.0534734
1609	0 1	0.103469 1.11222	0.00167408 0.0534202
1610	0 1	0.109151 1.13649	0.00165647 0.0532727
1611	0 1	0.110229 1.09985	0.00167416 0.0533448
1612	0 1	0.107000 1.11373	0.00169830 0.0533792
1613	0 1	0.0996192 1.09806	0.00170741 0.0533838
1614	0 1	0.0925310 1.07986	0.00171942 0.0534265
1615	0 1	0.0998727 1.10320	0.00172447 0.0534887
1616	0 1	0.0983972 1.11092	0.00169537 0.0534618
1617	0 1	0.0926983 1.08424	0.00169700 0.0534756
1618	0 1	0.0957187 1.10590	0.00169023 0.0534565
1619	0 1	0.0894575 1.09136	0.00168129 0.0534720
1620	0 1	0.108465 1.12285	0.00167411 0.0535046
1621	0 1	0.0975771 1.11586	0.00168522 0.0535637
1622	0 1	0.0998356 1.10243	0.00167447 0.0535416
1623	0 1	0.0955779 1.11123	0.00169511 0.0534849
1624	0 1	0.100945 1.12885	0.00171731 0.0535366
1625	0 1	0.0923963 1.09839	0.00172774 0.0535111
1626	0 1	0.103897 1.12713	0.00173706 0.0535140
1627	0 1	0.0888774 1.10117	0.00172975 0.0535067
1628	0 1	0.0913459 1.10154	0.00173680 0.0534850
1629	0 1	0.0954549 1.12065	0.00169433 0.0534140
1630	0 1	0.0992612 1.10754	0.00171744 0.0535041
1631	0 1	0.104578 1.12481	0.00170481 0.0533687
1632	0 1	0.0975888 1.13170	0.00170373 0.0533340
1633	0 1	0.0982471 1.08379	0.00171517 0.0534420
1634	0 1	0.103749 1.11574	0.00173299 0.0534873
1635	0 1	0.0940557 1.10788	0.00172139 0.0534421
1636	0 1	0.109292 1.11934	0.00171255 0.0534089
1637	0 1	0.102424 1.12972	0.00169559 0.0533686
1638	0 1	0.113111 1.14518	0.00172010 0.0534213
1639	0 1	0.0861177 1.10274	0.00170582 0.0534093
1640	0 1	0.0937543 1.09345	0.00171264 0.0534060
1641	0 1	0.0805244 1.08414	0.00171678 0.0534057
1642	0 1	0.111785 1.11986	0.00173294 0.0534156
1643	0 1	0.0886596 1.09330	0.00174051 0.0534323
1644	0 1	0.0901375 1.10157	0.00171705 0.0533782
1645	0 1	0.106026 1.15020	0.00172926 0.0533810
1646	0 1	0.0981596 1.11275	0.00172433 0.0533502
1647	0 1	0.101240 1.10163	0.00170755 0.0533616
1648	0 1	0.0991099 1.10506	0.00172466 0.0534112
1649	0 1	0.106504 1.12560	0.00174826 0.0535010
1650	0 1	0.0881366 1.08440	0.00174863 0.0534091
1651	0 1	0.0868934 1.08815	0.00175765 0.0533012
1652	0 1	0.0999808 1.08311	0.00176671 0.0534444
1653	0 1	0.113079 1.13492	0.00173871 0.0533738
1654	0 1	0.0985073 1.11109	0.00175471 0.0533565
1655	0 1	0.0905927 1.09730	0.00178148 0.0533900
1656	0 1	0.102930 1.12402	0.00174373 0.0532869
1657	0 1	0.0999767 1.10601	0.00175454 0.0532836
1658	0 1	0.103978 1.10735	0.00174471 0.0532469
1659	0 1	0.110216 1.12440	0.00174486 0.0531753
1660	0 1	0.100906 1.12681	0.00174201 0.0531874
1661	0 1	0.102025 1.10827	0.00174689 0.0532342
1662	0 1	0.0988573 1.11284	0.00173529 0.0530851
1663	0 1	0.100263 1.11280	0.00174253 0.0530454
1664	0 1	0.100171 1.13783	0.00172691 0.0529919
1665	0 1	0.100740 1.10507	0.00173708 0.0529901
1666	0 1	0.104305 1.11447	0.00173773 0.0530344
1667	0 1	0.108298 1.11997	0.00175500 0.0530901
1668	0 1	0.104152 1.10023	0.00175200 0.0530905
1669	0 1	0.104520 1.11773	0.00177206 0.0531515
1670	0 1	0.106575 1.13929	0.00175695 0.0531464
1671	0 1	0.0968725 1.09321	0.00180905 0.0531554
1672	0 1	0.0984618 1.10823	0.00183399 0.0531600
1673	0 1	0.100904 1.11370	0.00182536 0.0530941
1674	0 1	0.0930003 1.11463	0.00182043 0.0531735
1675	0 1	0.0864009 1.09882	0.00178481 0.0531590
1676	0 1	0.100918 1.12543	0.00176948 0.0531655
1677	0 1	0.0925426 1.09749	0.00178473 0.0532370
1678	0 1	0.105630 1.11285	0.00177917 0.0532401
1679	0 1	0.0951412 1.10427	0.00182466 0.0532940
1680	0 1	0.125090 1.15754	0.00181933 0.0532518
1681	0 1	0.113311 1.13478	0.00180865 0.0532198
1682	0 1	0.123836 1.15806	0.00179373 0.0531603
1683	0 1	0.107815 1.11227	0.00181745 0.0532546
1684	0 1	0.0980136 1.12316	0.00181011 0.0532477
1685	0 1	0.104672 1.11961	0.00176597 0.0531517
1686	0 1	0.0976015 1.11372	0.00176495 0.0531082
1687	0 1	0.104602 1.12486	0.00175979 0.0530207
1688	0 1	0.0983531 1.10763	0.00174677 0.0530104
1689	0 1	0.115965 1.13420	0.00176352 0.0530163
1690	0 1	0.0930016 1.10211	0.00176972 0.0530094
1691	0 1	0.0971202 1.09666	0.00175078 0.0530590
1692	0 1	0.101963 1.11482	0.00177014 0.0531172
1693	0 1	0.0991918 1.10143	0.00176634 0.0531176
1694	0 1	0.114106 1.14957	0.00178760 0.0531363
1695	0 1	0.103377 1.11924	0.00178148 0.0531496
1696	0 1	0.0996123 1.10429	0.00176601 0.0531161
1697	0 1	0.0945841 1.10893	0.00175124 0.0531128
1698	0 1	0.102585 1.12859	0.00173755 0.0530685
1699	0 1	0.103988 1.10113	0.00172609 0.0529481
1700	0 1	0.0969185 1.09049	0.00172598 0.0529398
1701	0 1	0.0927536 1.12986	0.00172096 0.0529273
1702	0 1	0.101599 1.11184	0.00173866 0.0529057
1703	0 1	0.0961624 1.09268	0.00174351 0.0529040
1704	0 1	0.109809 1.13922	0.00173425 0.0528390
1705	0 1	0.0938366 1.10348	0.00172470 0.0527710
1706	0 1	0.102185 1.09924	0.00172335 0.0527951
1707	0 1	0.103961 1.10676	0.00171917 0.0527480
1708	0 1	0.105834 1.11369	0.00171953 0.0527836
1709	0 1	0.103435 1.10834	0.00170275 0.0527224
1710	0 1	0.102885 1.11960	0.00167862 0.0526151
1711	0 1	0.0948615 1.09206	0.00165657 0.0525277
1712	0 1	0.100124 1.10689	0.00165933 0.0525777
1713	0 1	0.0955667 1.10169	0.00167801 0.0525438
1714	0 1	0.101098 1.10489	0.00164648 0.0524764
1715	0 1	0.0964051 1.11418	0.00164021 0.0524024
1716	0 1	0.0902090 1.08246	0.00169095 0.0524358
1717	0 1	0.0957897 1.09463	0.00170940 0.0524482
1718	0 1	0.124285 1.18001	0.00168796 0.0524296
1719	0 1	0.0937594 1.10359	0.00168987 0.0523581
1720	0 1	0.100323 1.08102	0.00169507 0.0523722
1721	0 1	0.104131 1.13007	0.00169338 0.0524116
1722	0 1	0.108582 1.11142	0.00167236 0.0523579
1723	0 1	0.0966048 1.10170	0.00168206 0.0524000
1724	0 1	0.0968649 1.09247	0.00168334 0.0523791
1725	0 1	0.0925347 1.09240	0.00167376 0.0523856
1726	0 1	0.103799 1.11075	0.00168722 0.0524686
1727	0 1	0.101103 1.09386	0.00171227 0.0525075
1728	0 1	0.0952536 1.10545	0.00173724 0.0525477
1729	0 1	0.0977355 1.11188	0.00173294 0.0525439
1730	0 1	0.104234 1.12679	0.00171362 0.0524663
1731	0 1	0.105098 1.11956	0.00173471 0.0524600
1732	0 1	0.0958405 1.09376	0.00173790 0.0524544
1733	0 1	0.105286 1.12615	0.00173364 0.0524224
1734	0 1	0.109202 1.11660	0.00173601 0.0524007
1735	0 1	0.0907795 1.10825	0.00172717 0.0524322
1736	0 1	0.0938819 1.09930	0.00173058 0.0525281
1737	0 1	0.0938653 1.11248	0.00172020 0.0524705
1738	0 1	0.103143 1.11598	0.00171242 0.0524761
1739	0 1	0.0897797 1.08642	0.00170703 0.0524675
1740	0 1	0.0942717 1.11329	0.00169024 0.0523937
1741	0 1	0.0996019 1.09359	0.00169657 0.0524709
1742	0 1	0.114828 1.12762	0.00170437 0.0525371
1743	0 1	0.100713 1.11555	0.00169761 0.0525500
1744	0 1	0.108470 1.12554	0.00169098 0.0525108
1745	0 1	0.0988118 1.10927	0.00167209 0.0524142
1746	0 1	0.105085 1.10129	0.00164625 0.0523636
1747	0 1	0.0868493 1.09624	0.00164202 0.0523323
1748	0 1	0.0972752 1.09697	0.00163564 0.0523002
1749	0 1	0.108439 1.13339	0.00164231 0.0522768
1750	0 1	0.0930065 1.09888	0.00163715 0.0522393
1751	0 1	0.112496 1.14316	0.00161592 0.0522514
1752	0 1	0.106380 1.11597	0.00162741 0.0522620
1753	0 1	0.102109 1.12926	0.00163900 0.0523609
1754	0 1	0.100575 1.13470	0.00161954 0.0522558
1755	0 1	0.102670 1.12431	0.00163133 0.0521621
1756	0 1	0.108761 1.10862	0.00163919 0.0522378
1757	0 1	0.0928259 1.09527	0.00166052 0.0522856
1758	0 1	0.0922990 1.09017	0.00164223 0.0522489
1759	0 1	0.103925 1.11846	0.00164809 0.0522873
1760	0 1	0.114765 1.14626	0.00164568 0.0522605
1761	0 1	0.103302 1.12504	0.00166298 0.0523203
1762	0 1	0.104487 1.12177	0.00166979 0.0522745
1763	0 1	0.0952490 1.09733	0.00164240 0.0521347
1764	0 1	0.106728 1.14330	0.00163515 0.0520644
1765	0 1	0.103923 1.13570	0.00165605 0.0520906
1766	0 1	0.104119 1.12295	0.00164175 0.0520796
1767	0 1	0.100081 1.10775	0.00163905 0.0520694
1768	0 1	0.113014 1.12072	0.00160969 0.0520414
1769	0 1	0.106135 1.13862	0.00161094 0.0520695
1770	0 1	0.0934527 1.09120	0.00163328 0.0521654
1771	0 1	0.0996645 1.11387	0.00163304 0.0521462
1772	0 1	0.102284 1.10228	0.00163935 0.0520999
1773	0 1	0.0983867 1.09955	0.00163390 0.0520862
1774	0 1	0.100513 1.12856	0.00165703 0.0521143
1775	0 1	0.0905399 1.10926	0.00166630 0.0521002
1776	0 1	0.107374 1.11826	0.00164948 0.0521321
1777	0 1	0.0993986 1.10874	0.00164424 0.0520546
1778	0 1	0.105775 1.11296	0.00166209 0.0520272
1779	0 1	0.0983908 1.11257	0.00164964 0.0519173
1780	0 1	0.107077 1.11112	0.00166613 0.0518905
1781	0 1	0.0898644 1.09328	0.00165804 0.0519155
1782	0 1	0.0928176 1.09310	0.00167192 0.0519106
1783	0 1	0.116607 1.14013	0.00169185 0.0520135
1784	0 1	0.100444 1.10847	0.00169525 0.0520389
1785	0 1	0.115931 1.13845	0.00170719 0.0519787
1786	0 1	0.101857 1.12383	0.00169977 0.0519364
1787	0 1	0.109113 1.13140	0.00170766 0.0519841
1788	0 1	0.0997701 1.08668	0.00173733 0.0519230
1789	0 1	0.0949123 1.10833	0.00173371 0.0519434
1790	0 1	0.108541 1.13221	0.00173465 0.0518938
1791	0 1	0.0942802 1.09955	0.00174329 0.0518758
1792	0 1	0.0931592 1.09869	0.00175742 0.0518699
1793	0 1	0.0957692 1.10342	0.00169631 0.0517922
1794	0 1	0.0977544 1.09549	0.00171582 0.0518678
1795	0 1	0.0958420 1.10379	0.00170655 0.0519047
1796	0 1	0.0991727 1.09775	0.00169471 0.0519260
1797	0 1	0.104023 1.09860	0.00169428 0.0519628
1798	0 1	0.0870137 1.09743	0.00171562 0.0519808
1799	0 1	0.0997116 1.10775	0.00170548 0.0519680
1800	0 1	0.105469 1.10281	0.00171139 0.0519828
1801	0 1	0.101419 1.09845	0.00173383 0.0520312
1802	0 1	0.0995736 1.12226	0.00173915 0.0520712
1803	0 1	0.103711 1.10446	0.00170980 0.0519471
1804	0 1	0.0929762 1.10729	0.00170226 0.0519667
1805	0 1	0.117054 1.13931	0.00170363 0.0519871
1806	0 1	0.0965717 1.09930	0.00170360 0.0519882
1807	0 1	0.0941914 1.10487	0.00169326 0.0519583
1808	0 1	0.0900578 1.09243	0.00170378 0.0519243
1809	0 1	0.0995747 1.10667	0.00169881 0.0519051
1810	0 1	0.110667 1.12851	0.00167585 0.0518077
1811	0 1	0.100949 1.12082	0.00165841 0.0516449
1812	0 1	0.106290 1.12048	0.00164031 0.0515285
1813	0 1	0.107939 1.11842	0.00166678 0.0515931
1814	0 1	0.104155 1.12353	0.00165870 0.0515416
1815	0 1	0.109755 1.11201	0.00169360 0.0516114
1816	0 1	0.100906 1.11518	0.00168855 0.0516278
1817	0 1	0.102443 1.10091	0.00166507 0.0515003
1818	0 1	0.106132 1.13116	0.00164944 0.0515438
1819	0 1	0.115954 1.12081	0.00171059 0.0516986
1820	0 1	0.107329 1.09792	0.00169572 0.0517268
1821	0 1	0.0993606 1.10125	0.00166897 0.0515641
1822	0 1	0.113324 1.11340	0.00161905 0.0514371
1823	0 1	0.0969692 1.10563	0.00157752 0.0512592
1824	0 1	0.0848472 1.09254	0.00156184 0.0512560
1825	0 1	0.101213 1.13676	0.00155881 0.0512824
1826	0 1	0.0923040 1.10207	0.00153224 0.0511328
1827	0 1	0.114656 1.15378	0.00153251 0.0511717
1828	0 1	0.0964826 1.10436	0.00151566 0.0511179
1829	0 1	0.0944179 1.09867	0.00150616 0.0511072
1830	0 1	0.0959952 1.10161	0.00151646 0.0511977
1831	0 1	0.0905317 1.09161	0.00152408 0.0511877
1832	0 1	0.103417 1.10045	0.00151243 0.0511498
1833	0 1	0.0949622 1.10628	0.00151945 0.0511579
1834	0 1	0.106841 1.12704	0.00151858 0.0511555
1835	0 1	0.0995715 1.12004	0.00150914 0.0511277
# New optimizer= Adam  betaV= 0.999000  betaM= 0.900000  maxLR= 0.00300000  maxLREpochs= 1736.00  stepOffset= 1836  Total minLearningSteps= 3672  minLearningStepsForBestKL= 5712 ;  The step number for new gradientDescentMethod are virtually reset to 0.
1836	0 1	0.0933012 1.09390	0.00151017 0.0511396
1837	0 1	0.107087 1.12886	0.00151305 0.0511429
1838	0 1	0.104817 1.11679	0.00151881 0.0511437
1839	0 1	0.113949 1.12789	0.00150035 0.0510654
1840	0 1	0.0930319 1.09234	0.00151448 0.0510620
1841	0 1	0.100884 1.11081	0.00153251 0.0510441
1842	0 1	0.103184 1.09903	0.00154703 0.0510687
1843	0 1	0.0956519 1.11058	0.00153204 0.0508809
1844	0 1	0.111583 1.12176	0.00152822 0.0508100
1845	0 1	0.0966652 1.09542	0.00154570 0.0507905
1846	0 1	0.0883673 1.08799	0.00153719 0.0508214
1847	0 1	0.0975359 1.09915	0.00157147 0.0509588
1848	0 1	0.0999488 1.09972	0.00157101 0.0509315
1849	0 1	0.107608 1.12068	0.00159651 0.0510212
1850	0 1	0.0957143 1.11014	0.00160992 0.0510066
1851	0 1	0.0976967 1.11260	0.00161013 0.0510900
1852	0 1	0.101351 1.10643	0.00163229 0.0512057
1853	0 1	0.105703 1.13157	0.00160609 0.0510565
1854	0 1	0.109495 1.11451	0.00161436 0.0510816
1855	0 1	0.0961332 1.10789	0.00161461 0.0510684
1856	0 1	0.103783 1.10864	0.00161229 0.0511115
1857	0 1	0.0869867 1.09082	0.00160609 0.0510577
1858	0 1	0.101679 1.11482	0.00159084 0.0510743
1859	0 1	0.0938207 1.11288	0.00158696 0.0509983
1860	0 1	0.0934724 1.11953	0.00161394 0.0509426
1861	0 1	0.109588 1.11354	0.00162020 0.0509748
1862	0 1	0.108515 1.12909	0.00163374 0.0509587
1863	0 1	0.0996869 1.11272	0.00162451 0.0508969
1864	0 1	0.0992808 1.09759	0.00163217 0.0510014
1865	0 1	0.0991031 1.12557	0.00161735 0.0509683
1866	0 1	0.0963131 1.10994	0.00161005 0.0508908
1867	0 1	0.0929018 1.09762	0.00160017 0.0508084
1868	0 1	0.0939774 1.09690	0.00161329 0.0507736
1869	0 1	0.111844 1.12633	0.00160671 0.0507266
1870	0 1	0.0985591 1.11592	0.00160227 0.0506578
1871	0 1	0.102967 1.10916	0.00161772 0.0505838
1872	0 1	0.0920923 1.08258	0.00157657 0.0505728
1873	0 1	0.102151 1.12353	0.00158753 0.0506710
1874	0 1	0.0913638 1.09242	0.00158519 0.0506923
1875	0 1	0.110535 1.11701	0.00158686 0.0506665
1876	0 1	0.0971953 1.09819	0.00160283 0.0507943
1877	0 1	0.108422 1.12685	0.00158414 0.0507721
1878	0 1	0.0930650 1.10023	0.00158489 0.0507947
1879	0 1	0.0992341 1.09573	0.00158211 0.0507673
1880	0 1	0.110170 1.14482	0.00158891 0.0506958
1881	0 1	0.108769 1.13174	0.00158765 0.0506899
1882	0 1	0.101005 1.10866	0.00158971 0.0507578
1883	0 1	0.0967747 1.10873	0.00160968 0.0508278
1884	0 1	0.123661 1.12342	0.00159279 0.0507691
1885	0 1	0.0992722 1.11437	0.00157615 0.0507087
1886	0 1	0.110370 1.12760	0.00154577 0.0506213
1887	0 1	0.104817 1.13761	0.00152715 0.0506311
1888	0 1	0.116959 1.14106	0.00154570 0.0507286
1889	0 1	0.0984493 1.10347	0.00155045 0.0506689
1890	0 1	0.101903 1.10109	0.00154775 0.0506167
1891	0 1	0.110485 1.12385	0.00154471 0.0506148
1892	0 1	0.101806 1.13341	0.00154339 0.0505134
1893	0 1	0.103016 1.12251	0.00153289 0.0504965
1894	0 1	0.108281 1.14673	0.00154378 0.0505021
1895	0 1	0.0996248 1.10046	0.00155022 0.0504658
1896	0 1	0.0956427 1.10315	0.00155173 0.0505192
1897	0 1	0.0943260 1.11515	0.00155364 0.0504935
1898	0 1	0.107481 1.13269	0.00155547 0.0504226
1899	0 1	0.103426 1.11692	0.00154568 0.0503353
1900	0 1	0.101976 1.11367	0.00156518 0.0503699
1901	0 1	0.105615 1.12517	0.00157078 0.0503107
1902	0 1	0.0948183 1.10522	0.00158727 0.0502613
1903	0 1	0.111416 1.11903	0.00159683 0.0503028
1904	0 1	0.0903754 1.10522	0.00163776 0.0503418
1905	0 1	0.103642 1.11620	0.00161915 0.0502198
1906	0 1	0.101340 1.12702	0.00164799 0.0501677
1907	0 1	0.102837 1.12110	0.00166125 0.0500780
1908	0 1	0.112328 1.15444	0.00168893 0.0501200
1909	0 1	0.0948150 1.10710	0.00169893 0.0501404
1910	0 1	0.102474 1.12730	0.00168222 0.0500986
1911	0 1	0.101394 1.11655	0.00167167 0.0500303
1912	0 1	0.0958944 1.09924	0.00167130 0.0500198
1913	0 1	0.0969588 1.10094	0.00168016 0.0499156
1914	0 1	0.104213 1.12174	0.00169368 0.0498715
1915	0 1	0.113108 1.13500	0.00170324 0.0498065
1916	0 1	0.105468 1.13301	0.00169340 0.0497323
1917	0 1	0.102868 1.12966	0.00170385 0.0497256
1918	0 1	0.102978 1.10896	0.00168589 0.0496848
1919	0 1	0.110025 1.12930	0.00171437 0.0496698
1920	0 1	0.100655 1.09520	0.00172087 0.0496494
1921	0 1	0.105931 1.11394	0.00171455 0.0496499
1922	0 1	0.0998530 1.12151	0.00168709 0.0495537
1923	0 1	0.0896544 1.08039	0.00167750 0.0495861
1924	0 1	0.0894616 1.10726	0.00168142 0.0495574
1925	0 1	0.0949971 1.09331	0.00167407 0.0494754
1926	0 1	0.0925780 1.12356	0.00166373 0.0493682
1927	0 1	0.112046 1.11942	0.00165863 0.0492514
1928	0 1	0.132398 1.16335	0.00165475 0.0491435
1929	0 1	0.113471 1.14607	0.00165750 0.0489682
1930	0 1	0.0943580 1.09709	0.00166729 0.0488971
1931	0 1	0.106304 1.11570	0.00166635 0.0488071
1932	0 1	0.0921884 1.09144	0.00166455 0.0487433
1933	0 1	0.0982526 1.11820	0.00165958 0.0486812
1934	0 1	0.110819 1.13334	0.00165524 0.0485293
1935	0 1	0.0959448 1.12272	0.00164601 0.0483536
1936	0 1	0.0932202 1.09287	0.00165403 0.0483652
1937	0 1	0.125420 1.16915	0.00165979 0.0482312
1938	0 1	0.0871484 1.09035	0.00165379 0.0481770
1939	0 1	0.0932282 1.10365	0.00165324 0.0481852
1940	0 1	0.105126 1.10744	0.00165651 0.0481184
1941	0 1	0.0954320 1.09890	0.00168325 0.0481857
1942	0 1	0.0996223 1.11043	0.00166237 0.0481093
1943	0 1	0.110056 1.13459	0.00165669 0.0480880
1944	0 1	0.0997344 1.12123	0.00163909 0.0479137
1945	0 1	0.100875 1.11211	0.00165259 0.0478190
1946	0 1	0.0915266 1.10267	0.00164882 0.0476625
1947	0 1	0.103021 1.10522	0.00164356 0.0476652
1948	0 1	0.0972868 1.11216	0.00162698 0.0474705
1949	0 1	0.100659 1.11058	0.00164589 0.0474005
1950	0 1	0.103591 1.13912	0.00164449 0.0474302
1951	0 1	0.106635 1.11809	0.00165279 0.0473299
1952	0 1	0.113210 1.15044	0.00166348 0.0472683
1953	0 1	0.100484 1.12990	0.00165412 0.0471831
1954	0 1	0.100816 1.10547	0.00171086 0.0471982
1955	0 1	0.0992632 1.09852	0.00169604 0.0471378
1956	0 1	0.0995813 1.11343	0.00168370 0.0471542
1957	0 1	0.0985591 1.10711	0.00166659 0.0470757
1958	0 1	0.108895 1.13387	0.00166552 0.0470221
1959	0 1	0.0922621 1.09631	0.00165070 0.0469719
1960	0 1	0.0855684 1.08780	0.00165231 0.0469022
1961	0 1	0.102533 1.11574	0.00164820 0.0467644
1962	0 1	0.0983184 1.11697	0.00165211 0.0467438
1963	0 1	0.106742 1.12991	0.00166002 0.0467090
1964	0 1	0.106459 1.10335	0.00165341 0.0466687
1965	0 1	0.0991237 1.11639	0.00162153 0.0466096
1966	0 1	0.108844 1.12510	0.00164456 0.0466626
1967	0 1	0.0955977 1.10069	0.00161945 0.0465681
1968	0 1	0.0909657 1.12343	0.00160363 0.0464662
1969	0 1	0.103187 1.12478	0.00158327 0.0463791
1970	0 1	0.0979050 1.09805	0.00156030 0.0462765
1971	0 1	0.0876102 1.07793	0.00155860 0.0461574
1972	0 1	0.111212 1.13562	0.00155860 0.0460056
1973	0 1	0.0924996 1.09611	0.00154703 0.0459302
1974	0 1	0.0902444 1.10288	0.00152833 0.0458544
1975	0 1	0.0965197 1.12198	0.00155987 0.0458405
1976	0 1	0.111884 1.14217	0.00155894 0.0456780
1977	0 1	0.0912054 1.11935	0.00156967 0.0457093
1978	0 1	0.0894263 1.08804	0.00156905 0.0457135
1979	0 1	0.100558 1.12696	0.00156352 0.0455802
1980	0 1	0.102005 1.10929	0.00155962 0.0455461
1981	0 1	0.0877793 1.09185	0.00157031 0.0454742
1982	0 1	0.0986550 1.12524	0.00158723 0.0453939
1983	0 1	0.107048 1.12215	0.00161295 0.0453952
1984	0 1	0.0926342 1.10050	0.00159799 0.0453183
1985	0 1	0.0990224 1.11347	0.00161073 0.0451807
1986	0 1	0.0870128 1.08222	0.00162029 0.0451823
1987	0 1	0.0940515 1.08192	0.00163128 0.0452084
1988	0 1	0.0918548 1.10755	0.00160912 0.0451085
1989	0 1	0.0962956 1.10474	0.00161930 0.0451030
1990	0 1	0.101925 1.13871	0.00164696 0.0450319
1991	0 1	0.0895807 1.10312	0.00164703 0.0449162
1992	0 1	0.101044 1.11811	0.00165888 0.0449305
1993	0 1	0.101774 1.10456	0.00166829 0.0449032
1994	0 1	0.0982110 1.12435	0.00166078 0.0447990
1995	0 1	0.0939111 1.11089	0.00163802 0.0447160
1996	0 1	0.102930 1.13462	0.00165493 0.0447362
1997	0 1	0.101612 1.11505	0.00164816 0.0446738
1998	0 1	0.0984351 1.11169	0.00165223 0.0445698
1999	0 1	0.0922699 1.09120	0.00162889 0.0445769
2000	0 1	0.0909534 1.10493	0.00163685 0.0445158
2001	0 1	0.0905812 1.08938	0.00159110 0.0444200
2002	0 1	0.0932007 1.10309	0.00158188 0.0444285
2003	0 1	0.0879641 1.11582	0.00157148 0.0443407
2004	0 1	0.104925 1.11589	0.00155469 0.0442604
2005	0 1	0.0992331 1.11404	0.00156537 0.0442267
2006	0 1	0.100147 1.11530	0.00155179 0.0441086
2007	0 1	0.0949086 1.11279	0.00156732 0.0440903
2008	0 1	0.104792 1.12278	0.00157553 0.0441019
2009	0 1	0.101740 1.10782	0.00158863 0.0440565
2010	0 1	0.108189 1.15058	0.00162966 0.0440604
2011	0 1	0.0881627 1.11175	0.00164580 0.0441055
2012	0 1	0.117629 1.11278	0.00163665 0.0440658
2013	0 1	0.0966052 1.10894	0.00165350 0.0441270
2014	0 1	0.0963014 1.12125	0.00165630 0.0440587
2015	0 1	0.0996119 1.13194	0.00167434 0.0440471
2016	0 1	0.0880939 1.09901	0.00167657 0.0440813
2017	0 1	0.112411 1.11609	0.00167747 0.0440778
2018	0 1	0.0985490 1.12556	0.00168738 0.0441167
2019	0 1	0.0943160 1.11639	0.00167476 0.0440615
2020	0 1	0.102755 1.12568	0.00169389 0.0440384
2021	0 1	0.0951387 1.10215	0.00167706 0.0439824
2022	0 1	0.103235 1.11567	0.00166953 0.0438864
2023	0 1	0.0883130 1.09650	0.00169078 0.0438439
2024	0 1	0.101438 1.11397	0.00169362 0.0437149
2025	0 1	0.0977943 1.10577	0.00169621 0.0436214
2026	0 1	0.0903582 1.08108	0.00168844 0.0436826
2027	0 1	0.0997097 1.13378	0.00169309 0.0436107
2028	0 1	0.0909741 1.10566	0.00170854 0.0435784
2029	0 1	0.0990293 1.11903	0.00168709 0.0434765
2030	0 1	0.109142 1.14111	0.00171607 0.0434488
2031	0 1	0.101560 1.11989	0.00173049 0.0435048
2032	0 1	0.100029 1.11078	0.00170517 0.0435270
2033	0 1	0.110936 1.13934	0.00166889 0.0433937
2034	0 1	0.107896 1.14408	0.00165441 0.0433746
2035	0 1	0.114899 1.16046	0.00166375 0.0433299
2036	0 1	0.0954731 1.11998	0.00166207 0.0433343
2037	0 1	0.103759 1.13689	0.00165410 0.0432889
2038	0 1	0.100062 1.11830	0.00165285 0.0432400
2039	0 1	0.103485 1.13587	0.00168387 0.0431423
2040	0 1	0.103281 1.10979	0.00169965 0.0431517
2041	0 1	0.100922 1.13131	0.00169735 0.0430885
2042	0 1	0.0851126 1.10001	0.00170153 0.0430850
2043	0 1	0.0922222 1.11184	0.00167836 0.0430416
2044	0 1	0.0891756 1.09936	0.00168683 0.0428947
2045	0 1	0.104296 1.12365	0.00167619 0.0428329
2046	0 1	0.107817 1.11912	0.00166175 0.0427806
2047	0 1	0.107804 1.12884	0.00167283 0.0427543
2048	0 1	0.0971885 1.11697	0.00166919 0.0427185
2049	0 1	0.0899699 1.09715	0.00165411 0.0426484
2050	0 1	0.106308 1.12413	0.00165915 0.0426531
2051	0 1	0.0966547 1.10382	0.00162963 0.0425715
2052	0 1	0.102621 1.11937	0.00165877 0.0425378
2053	0 1	0.0876536 1.10525	0.00167318 0.0424388
2054	0 1	0.101997 1.12262	0.00166365 0.0424844
2055	0 1	0.0945237 1.10004	0.00165281 0.0424171
2056	0 1	0.103227 1.11934	0.00164140 0.0423551
2057	0 1	0.101940 1.14733	0.00165430 0.0422860
2058	0 1	0.0928708 1.10377	0.00166887 0.0423428
2059	0 1	0.0965466 1.12401	0.00166279 0.0422873
2060	0 1	0.0984093 1.09901	0.00165787 0.0422981
2061	0 1	0.100732 1.12206	0.00167746 0.0422748
2062	0 1	0.0989310 1.10461	0.00166911 0.0421883
2063	0 1	0.0999425 1.13406	0.00165868 0.0420977
2064	0 1	0.103399 1.11613	0.00166292 0.0420455
2065	0 1	0.104645 1.11962	0.00167420 0.0420426
2066	0 1	0.100230 1.12275	0.00165817 0.0419674
2067	0 1	0.101636 1.12646	0.00167088 0.0419098
2068	0 1	0.111781 1.13677	0.00168368 0.0419188
2069	0 1	0.103759 1.12090	0.00169285 0.0418963
2070	0 1	0.109178 1.11713	0.00170258 0.0418529
2071	0 1	0.0940567 1.11716	0.00172938 0.0418646
2072	0 1	0.0847022 1.09635	0.00172799 0.0417940
2073	0 1	0.0980399 1.11788	0.00174168 0.0418476
2074	0 1	0.102850 1.12482	0.00170812 0.0417994
2075	0 1	0.0884134 1.10024	0.00173158 0.0417745
2076	0 1	0.106983 1.12215	0.00173927 0.0418220
2077	0 1	0.0992004 1.12174	0.00172404 0.0417873
2078	0 1	0.103268 1.12093	0.00170492 0.0417674
2079	0 1	0.0977032 1.10077	0.00169442 0.0417328
2080	0 1	0.0925397 1.09246	0.00169162 0.0416406
2081	0 1	0.0945781 1.08801	0.00170917 0.0417056
2082	0 1	0.0993809 1.11628	0.00170341 0.0416996
2083	0 1	0.102112 1.12784	0.00172249 0.0416755
2084	0 1	0.0952061 1.10903	0.00171908 0.0416667
2085	0 1	0.0938231 1.10544	0.00173091 0.0416914
2086	0 1	0.0900559 1.10187	0.00172592 0.0417094
2087	0 1	0.114234 1.12611	0.00169670 0.0416440
2088	0 1	0.0981677 1.12511	0.00166939 0.0415295
2089	0 1	0.103557 1.11232	0.00168891 0.0415948
2090	0 1	0.0946599 1.10271	0.00173053 0.0416468
2091	0 1	0.105163 1.13230	0.00173899 0.0416110
2092	0 1	0.109059 1.13224	0.00176043 0.0415933
2093	0 1	0.100025 1.12813	0.00177443 0.0415597
2094	0 1	0.0947260 1.10103	0.00178327 0.0415121
2095	0 1	0.108624 1.13329	0.00178810 0.0415216
2096	0 1	0.0949503 1.12120	0.00181201 0.0414716
2097	0 1	0.100917 1.13120	0.00183752 0.0414821
2098	0 1	0.113312 1.14883	0.00183262 0.0414624
2099	0 1	0.102648 1.12522	0.00184623 0.0413903
2100	0 1	0.0972877 1.11074	0.00183914 0.0413827
2101	0 1	0.101236 1.11987	0.00185349 0.0413359
2102	0 1	0.0854786 1.09027	0.00184692 0.0413261
2103	0 1	0.0954987 1.11344	0.00187428 0.0412989
2104	0 1	0.102836 1.11949	0.00187030 0.0412864
2105	0 1	0.0955664 1.10457	0.00189697 0.0413060
2106	0 1	0.0987858 1.10818	0.00189850 0.0412490
2107	0 1	0.106708 1.11652	0.00188716 0.0411646
2108	0 1	0.100212 1.10112	0.00188438 0.0411457
2109	0 1	0.101965 1.09422	0.00191463 0.0412216
2110	0 1	0.0847559 1.08879	0.00189602 0.0411150
2111	0 1	0.0983050 1.11580	0.00190491 0.0411193
2112	0 1	0.107513 1.12727	0.00191209 0.0410813
2113	0 1	0.0867855 1.11954	0.00190392 0.0409798
2114	0 1	0.0977609 1.11259	0.00188413 0.0408506
2115	0 1	0.0952869 1.10058	0.00189415 0.0408227
2116	0 1	0.100027 1.10958	0.00188988 0.0407619
2117	0 1	0.104233 1.12690	0.00189330 0.0407352
2118	0 1	0.108452 1.13440	0.00191321 0.0407768
2119	0 1	0.104844 1.12170	0.00190362 0.0407882
2120	0 1	0.121769 1.16290	0.00189013 0.0407865
2121	0 1	0.101934 1.12003	0.00190918 0.0408278
2122	0 1	0.0898107 1.11517	0.00192960 0.0408585
2123	0 1	0.0951244 1.09250	0.00190781 0.0408072
2124	0 1	0.0902838 1.10818	0.00190123 0.0407621
2125	0 1	0.101820 1.13597	0.00188517 0.0406877
2126	0 1	0.0886343 1.10539	0.00190177 0.0407373
2127	0 1	0.102127 1.11955	0.00189521 0.0406674
2128	0 1	0.0900906 1.10892	0.00189542 0.0406495
2129	0 1	0.109937 1.12398	0.00189939 0.0406639
2130	0 1	0.109643 1.12420	0.00190930 0.0406428
2131	0 1	0.102696 1.12348	0.00190177 0.0406161
2132	0 1	0.106564 1.11090	0.00187798 0.0405509
2133	0 1	0.0858324 1.10379	0.00188647 0.0404902
2134	0 1	0.0811936 1.07672	0.00192081 0.0405596
2135	0 1	0.0984206 1.11378	0.00192422 0.0405435
2136	0 1	0.0895483 1.09436	0.00190193 0.0405282
2137	0 1	0.0907866 1.10088	0.00189784 0.0405444
2138	0 1	0.102162 1.12826	0.00190823 0.0405055
2139	0 1	0.101009 1.11133	0.00188626 0.0404252
2140	0 1	0.106264 1.14049	0.00189812 0.0404669
2141	0 1	0.110278 1.11909	0.00191423 0.0405160
2142	0 1	0.110444 1.14006	0.00192934 0.0405267
2143	0 1	0.0917082 1.11060	0.00193607 0.0405621
2144	0 1	0.0992857 1.12679	0.00194675 0.0405259
2145	0 1	0.104893 1.13087	0.00195289 0.0405042
2146	0 1	0.101254 1.12323	0.00195610 0.0405196
2147	0 1	0.106305 1.12307	0.00195242 0.0404393
2148	0 1	0.102283 1.12397	0.00193431 0.0403904
2149	0 1	0.106651 1.11301	0.00192395 0.0404414
2150	0 1	0.0893511 1.11952	0.00191940 0.0404162
2151	0 1	0.101455 1.10912	0.00192570 0.0403895
2152	0 1	0.0892453 1.11334	0.00193831 0.0404048
2153	0 1	0.107310 1.11993	0.00196763 0.0404125
2154	0 1	0.0976952 1.11320	0.00198588 0.0404404
2155	0 1	0.103842 1.14331	0.00201030 0.0404330
2156	0 1	0.119179 1.15316	0.00201760 0.0404925
2157	0 1	0.106290 1.14167	0.00202567 0.0404508
2158	0 1	0.104470 1.12578	0.00201872 0.0404623
2159	0 1	0.0923353 1.10674	0.00202108 0.0404981
2160	0 1	0.105070 1.14190	0.00202025 0.0404480
2161	0 1	0.0893522 1.10552	0.00205388 0.0404417
2162	0 1	0.0966799 1.10311	0.00205387 0.0403570
2163	0 1	0.0935330 1.09565	0.00208487 0.0403645
2164	0 1	0.102902 1.11738	0.00209852 0.0403636
2165	0 1	0.0985531 1.11304	0.00210863 0.0403577
2166	0 1	0.104725 1.11302	0.00213086 0.0403761
2167	0 1	0.0923381 1.10827	0.00212891 0.0403042
2168	0 1	0.110685 1.13398	0.00211770 0.0402480
2169	0 1	0.102781 1.11151	0.00211795 0.0402613
2170	0 1	0.103607 1.11288	0.00211853 0.0402644
2171	0 1	0.100020 1.11075	0.00212981 0.0402827
2172	0 1	0.0979556 1.10465	0.00213369 0.0403233
2173	0 1	0.0932762 1.10348	0.00211286 0.0402776
2174	0 1	0.104731 1.13470	0.00212666 0.0402430
2175	0 1	0.0903264 1.06843	0.00213917 0.0402790
2176	0 1	0.105468 1.13410	0.00211728 0.0402483
2177	0 1	0.0946265 1.10599	0.00209929 0.0401716
2178	0 1	0.0912146 1.11167	0.00210979 0.0401268
2179	0 1	0.108485 1.15464	0.00214393 0.0401411
2180	0 1	0.0867018 1.10080	0.00212377 0.0401013
2181	0 1	0.100733 1.11677	0.00214310 0.0401168
2182	0 1	0.115503 1.15677	0.00213785 0.0400398
2183	0 1	0.100073 1.11235	0.00215331 0.0399958
2184	0 1	0.0991375 1.11288	0.00218049 0.0399592
2185	0 1	0.0997530 1.11893	0.00220985 0.0399961
2186	0 1	0.101645 1.10656	0.00221148 0.0399508
2187	0 1	0.0980724 1.12037	0.00219283 0.0399878
2188	0 1	0.111573 1.12742	0.00220312 0.0399492
2189	0 1	0.0936474 1.09725	0.00221642 0.0398853
2190	0 1	0.0988670 1.11090	0.00219965 0.0398549
2191	0 1	0.101694 1.11520	0.00223498 0.0398864
2192	0 1	0.104921 1.13179	0.00223824 0.0398630
2193	0 1	0.0991301 1.11009	0.00224683 0.0399132
2194	0 1	0.0949008 1.12107	0.00225109 0.0398832
2195	0 1	0.0935944 1.10503	0.00223660 0.0398346
2196	0 1	0.0926212 1.10869	0.00222683 0.0397940
2197	0 1	0.0987136 1.12733	0.00225902 0.0398246
2198	0 1	0.100752 1.10930	0.00225265 0.0397993
2199	0 1	0.100947 1.11877	0.00225474 0.0398196
2200	0 1	0.101459 1.12932	0.00227047 0.0399242
2201	0 1	0.102184 1.12755	0.00227510 0.0399068
2202	0 1	0.0944947 1.08882	0.00225916 0.0398236
2203	0 1	0.101101 1.12534	0.00227471 0.0398198
2204	0 1	0.100789 1.12486	0.00229569 0.0398294
2205	0 1	0.101271 1.11294	0.00230604 0.0398470
2206	0 1	0.0985264 1.12047	0.00229247 0.0397938
2207	0 1	0.106694 1.12748	0.00229272 0.0397956
2208	0 1	0.0951405 1.11088	0.00229124 0.0397816
2209	0 1	0.0934511 1.12342	0.00228271 0.0398095
2210	0 1	0.0943233 1.10175	0.00226777 0.0398040
2211	0 1	0.0925450 1.10693	0.00228738 0.0398448
2212	0 1	0.0982661 1.11438	0.00227310 0.0397517
2213	0 1	0.117139 1.15689	0.00228658 0.0397112
2214	0 1	0.0908064 1.10106	0.00228781 0.0396827
2215	0 1	0.0952189 1.08065	0.00226537 0.0396342
2216	0 1	0.101157 1.13533	0.00228648 0.0395922
2217	0 1	0.112947 1.14038	0.00229287 0.0395752
2218	0 1	0.114737 1.13815	0.00228867 0.0396070
2219	0 1	0.0938862 1.09453	0.00230394 0.0395773
2220	0 1	0.0985981 1.11261	0.00233505 0.0395843
2221	0 1	0.0905921 1.11421	0.00235780 0.0396074
2222	0 1	0.101461 1.13316	0.00235999 0.0395473
2223	0 1	0.0963412 1.10781	0.00235122 0.0394347
2224	0 1	0.0868810 1.10898	0.00237758 0.0393970
2225	0 1	0.0972828 1.11631	0.00236581 0.0393741
2226	0 1	0.106162 1.12987	0.00235959 0.0393446
2227	0 1	0.105400 1.12037	0.00235841 0.0393180
2228	0 1	0.103820 1.13340	0.00237223 0.0393415
2229	0 1	0.115942 1.14641	0.00239733 0.0393931
2230	0 1	0.0987249 1.12033	0.00238512 0.0394126
2231	0 1	0.0999529 1.09615	0.00234892 0.0392908
2232	0 1	0.103763 1.12181	0.00233951 0.0392430
2233	0 1	0.0886034 1.09052	0.00233353 0.0391909
2234	0 1	0.0925406 1.10557	0.00233703 0.0391577
2235	0 1	0.104644 1.12760	0.00232816 0.0391091
2236	0 1	0.0977116 1.10893	0.00232132 0.0390506
2237	0 1	0.0992233 1.14312	0.00231741 0.0390252
2238	0 1	0.110500 1.13411	0.00230971 0.0390050
2239	0 1	0.0933446 1.12851	0.00229150 0.0389255
2240	0 1	0.100760 1.10594	0.00228551 0.0389351
2241	0 1	0.108763 1.14205	0.00227468 0.0389290
2242	0 1	0.0950230 1.12677	0.00226944 0.0388625
2243	0 1	0.102412 1.10922	0.00226932 0.0388316
2244	0 1	0.0998581 1.11185	0.00226811 0.0388343
2245	0 1	0.102907 1.11458	0.00228282 0.0388570
2246	0 1	0.0947317 1.11381	0.00227049 0.0388104
2247	0 1	0.104246 1.13566	0.00226942 0.0387604
2248	0 1	0.102139 1.13003	0.00227593 0.0387358
2249	0 1	0.100827 1.10351	0.00227456 0.0387353
2250	0 1	0.115505 1.13745	0.00226621 0.0387087
2251	0 1	0.105497 1.12343	0.00225575 0.0386711
2252	0 1	0.100879 1.10340	0.00225369 0.0386639
2253	0 1	0.104506 1.11221	0.00225459 0.0386513
2254	0 1	0.113159 1.12183	0.00227104 0.0386872
2255	0 1	0.0985450 1.10255	0.00223541 0.0386002
2256	0 1	0.107394 1.11039	0.00223515 0.0385626
2257	0 1	0.105998 1.12362	0.00221559 0.0385048
2258	0 1	0.0962704 1.10893	0.00219549 0.0383908
2259	0 1	0.0856866 1.08964	0.00219336 0.0384048
2260	0 1	0.0987505 1.12254	0.00215916 0.0382771
2261	0 1	0.105819 1.12339	0.00219961 0.0383471
2262	0 1	0.106230 1.13297	0.00220844 0.0383149
2263	0 1	0.0941039 1.11096	0.00221401 0.0383361
2264	0 1	0.0948070 1.10721	0.00215840 0.0382662
2265	0 1	0.0962547 1.09941	0.00216663 0.0382455
2266	0 1	0.102126 1.10630	0.00217605 0.0381886
2267	0 1	0.0899719 1.09694	0.00215818 0.0381529
2268	0 1	0.0936583 1.09076	0.00215728 0.0381714
2269	0 1	0.0949123 1.10618	0.00217175 0.0382010
2270	0 1	0.106288 1.13973	0.00219046 0.0382394
2271	0 1	0.101598 1.14897	0.00218839 0.0382613
2272	0 1	0.0994956 1.10900	0.00219649 0.0382736
2273	0 1	0.0949765 1.12036	0.00221790 0.0382952
2274	0 1	0.105072 1.12638	0.00222178 0.0382835
2275	0 1	0.103861 1.13516	0.00218658 0.0382077
2276	0 1	0.110133 1.14367	0.00219782 0.0382511
2277	0 1	0.0980232 1.10988	0.00218905 0.0381885
2278	0 1	0.0973462 1.12400	0.00219419 0.0381662
2279	0 1	0.104781 1.13841	0.00216269 0.0381230
2280	0 1	0.0948925 1.09867	0.00214439 0.0380677
2281	0 1	0.0959610 1.10688	0.00214575 0.0380764
2282	0 1	0.106921 1.13750	0.00215063 0.0380876
2283	0 1	0.0973687 1.11294	0.00215156 0.0380264
2284	0 1	0.0992440 1.11575	0.00216056 0.0380440
2285	0 1	0.103110 1.11965	0.00215611 0.0380193
2286	0 1	0.105400 1.12392	0.00213577 0.0380229
2287	0 1	0.108014 1.14685	0.00215743 0.0380356
2288	0 1	0.100998 1.13404	0.00213348 0.0379829
2289	0 1	0.0906227 1.09461	0.00213383 0.0379923
2290	0 1	0.104317 1.10866	0.00215923 0.0380365
2291	0 1	0.103095 1.13466	0.00215523 0.0380403
2292	0 1	0.109550 1.11643	0.00214279 0.0380335
2293	0 1	0.0875527 1.09943	0.00214595 0.0380959
2294	0 1	0.0884812 1.10304	0.00215166 0.0380777
2295	0 1	0.0936824 1.11806	0.00218507 0.0381493
2296	0 1	0.103122 1.09191	0.00217242 0.0381170
2297	0 1	0.105907 1.13924	0.00217680 0.0381110
2298	0 1	0.0967041 1.11376	0.00217587 0.0381225
2299	0 1	0.0972309 1.10805	0.00217754 0.0381170
2300	0 1	0.0994712 1.11176	0.00215648 0.0380522
2301	0 1	0.110562 1.13788	0.00215183 0.0380660
2302	0 1	0.103532 1.11270	0.00216485 0.0380457
2303	0 1	0.0991755 1.10787	0.00218779 0.0380488
2304	0 1	0.0965887 1.11346	0.00217647 0.0380498
2305	0 1	0.0906272 1.11268	0.00217655 0.0380576
2306	0 1	0.0964722 1.11572	0.00218116 0.0380063
2307	0 1	0.106384 1.11520	0.00215789 0.0380004
2308	0 1	0.103741 1.13391	0.00213072 0.0379172
2309	0 1	0.103023 1.11667	0.00212501 0.0378541
2310	0 1	0.0928223 1.09701	0.00209364 0.0377934
2311	0 1	0.0922073 1.08817	0.00208919 0.0377477
2312	0 1	0.103743 1.11213	0.00209216 0.0377379
2313	0 1	0.0987364 1.12011	0.00209987 0.0377658
2314	0 1	0.0980731 1.11108	0.00209021 0.0377749
2315	0 1	0.100708 1.11722	0.00209443 0.0377668
2316	0 1	0.105635 1.12854	0.00208396 0.0377535
2317	0 1	0.105522 1.13365	0.00208253 0.0377386
2318	0 1	0.0979057 1.11117	0.00210556 0.0377490
2319	0 1	0.103922 1.14058	0.00210594 0.0377402
2320	0 1	0.0984496 1.09902	0.00210116 0.0377760
2321	0 1	0.0947180 1.11376	0.00209194 0.0377919
2322	0 1	0.0980123 1.11297	0.00211294 0.0378015
2323	0 1	0.100572 1.12054	0.00213825 0.0378326
2324	0 1	0.101513 1.12595	0.00213424 0.0378585
2325	0 1	0.0979641 1.11700	0.00215129 0.0379386
2326	0 1	0.110611 1.10637	0.00214664 0.0379616
2327	0 1	0.107888 1.11832	0.00215163 0.0380106
2328	0 1	0.0960408 1.11024	0.00216570 0.0380091
2329	0 1	0.103980 1.13144	0.00215385 0.0379638
2330	0 1	0.100686 1.13482	0.00215572 0.0378931
2331	0 1	0.0940145 1.10037	0.00213937 0.0378810
2332	0 1	0.0878776 1.10208	0.00211718 0.0379107
2333	0 1	0.101905 1.10644	0.00214180 0.0378983
2334	0 1	0.104332 1.11261	0.00216436 0.0379313
2335	0 1	0.0972871 1.10472	0.00214539 0.0378696
2336	0 1	0.0872669 1.08032	0.00212304 0.0378300
2337	0 1	0.0980309 1.12169	0.00213994 0.0378994
2338	0 1	0.0913762 1.09306	0.00212608 0.0379438
2339	0 1	0.106126 1.13493	0.00212588 0.0379053
2340	0 1	0.0909123 1.12160	0.00213039 0.0378601
2341	0 1	0.107821 1.11811	0.00213753 0.0378638
2342	0 1	0.107775 1.11927	0.00213160 0.0378092
2343	0 1	0.0894755 1.09544	0.00211163 0.0377380
2344	0 1	0.117319 1.14219	0.00209130 0.0377258
2345	0 1	0.0985573 1.13198	0.00207749 0.0377562
2346	0 1	0.0995770 1.10324	0.00208343 0.0377197
2347	0 1	0.0950399 1.10416	0.00207569 0.0376953
2348	0 1	0.0895794 1.10698	0.00207147 0.0376776
2349	0 1	0.0878101 1.08128	0.00207301 0.0376558
2350	0 1	0.107209 1.13078	0.00208784 0.0376303
2351	0 1	0.0912018 1.10566	0.00208872 0.0375685
2352	0 1	0.0976668 1.10726	0.00209821 0.0375623
2353	0 1	0.0923731 1.08975	0.00208469 0.0374871
2354	0 1	0.0953000 1.11386	0.00209891 0.0375244
2355	0 1	0.0972453 1.12567	0.00210128 0.0375676
2356	0 1	0.0975752 1.11703	0.00208815 0.0374883
2357	0 1	0.101519 1.13137	0.00210496 0.0374605
2358	0 1	0.113501 1.13342	0.00209261 0.0374215
2359	0 1	0.0980892 1.11354	0.00208046 0.0374051
2360	0 1	0.0942711 1.11537	0.00206339 0.0373240
2361	0 1	0.0952438 1.09437	0.00206934 0.0372842
2362	0 1	0.104725 1.11264	0.00205524 0.0372562
2363	0 1	0.0943500 1.10715	0.00207448 0.0372834
2364	0 1	0.104788 1.12435	0.00206611 0.0372789
2365	0 1	0.107208 1.11763	0.00207013 0.0373509
2366	0 1	0.108080 1.11685	0.00205209 0.0373440
2367	0 1	0.0926912 1.10000	0.00203998 0.0373366
2368	0 1	0.101588 1.12585	0.00204182 0.0373546
2369	0 1	0.101491 1.11952	0.00203067 0.0373531
2370	0 1	0.0929125 1.12661	0.00203721 0.0373443
2371	0 1	0.0991409 1.12125	0.00204224 0.0373674
2372	0 1	0.103328 1.12380	0.00204752 0.0372919
2373	0 1	0.0967154 1.09189	0.00203479 0.0372558
2374	0 1	0.113981 1.12517	0.00202401 0.0372477
2375	0 1	0.0953322 1.09119	0.00202090 0.0372084
2376	0 1	0.0988224 1.08950	0.00201679 0.0371687
2377	0 1	0.0946369 1.13622	0.00202499 0.0371300
2378	0 1	0.101964 1.11783	0.00205079 0.0371937
2379	0 1	0.0940240 1.10156	0.00205410 0.0371649
2380	0 1	0.115536 1.15059	0.00206128 0.0371644
2381	0 1	0.0896256 1.10727	0.00206205 0.0372146
2382	0 1	0.111955 1.12980	0.00208136 0.0371806
2383	0 1	0.103449 1.10613	0.00208138 0.0371696
2384	0 1	0.111716 1.13097	0.00204713 0.0371114
2385	0 1	0.0987774 1.10482	0.00204082 0.0371317
2386	0 1	0.103717 1.13820	0.00203446 0.0371190
2387	0 1	0.103232 1.11142	0.00200343 0.0370974
2388	0 1	0.114618 1.16456	0.00201537 0.0370818
2389	0 1	0.113949 1.12131	0.00202384 0.0370599
2390	0 1	0.0996967 1.11548	0.00203261 0.0370643
2391	0 1	0.100554 1.10884	0.00203365 0.0370370
2392	0 1	0.0948392 1.11840	0.00202589 0.0369819
2393	0 1	0.0909843 1.10738	0.00204755 0.0369526
2394	0 1	0.0891660 1.11565	0.00206156 0.0369675
2395	0 1	0.0900032 1.09553	0.00207074 0.0369910
2396	0 1	0.0999352 1.09125	0.00207020 0.0369451
2397	0 1	0.104091 1.12231	0.00208595 0.0369629
2398	0 1	0.106665 1.13338	0.00209474 0.0369540
2399	0 1	0.108379 1.12217	0.00209457 0.0370067
2400	0 1	0.0940740 1.09492	0.00208607 0.0370025
2401	0 1	0.0919474 1.10877	0.00210298 0.0370097
2402	0 1	0.0931626 1.09995	0.00208470 0.0369966
2403	0 1	0.0998031 1.11602	0.00205917 0.0369818
2404	0 1	0.115775 1.15529	0.00209403 0.0370234
2405	0 1	0.107015 1.11501	0.00209335 0.0370413
2406	0 1	0.100615 1.10074	0.00210828 0.0371215
2407	0 1	0.0997273 1.12330	0.00210854 0.0370664
2408	0 1	0.0990564 1.10713	0.00211347 0.0370668
2409	0 1	0.109750 1.13405	0.00211179 0.0370419
2410	0 1	0.100463 1.13216	0.00211164 0.0370556
2411	0 1	0.0945429 1.10013	0.00211588 0.0370291
2412	0 1	0.108968 1.13898	0.00211624 0.0370206
2413	0 1	0.110401 1.13789	0.00213549 0.0370643
2414	0 1	0.0975174 1.11143	0.00213760 0.0370660
2415	0 1	0.104237 1.12994	0.00214117 0.0370733
2416	0 1	0.0938051 1.10898	0.00214508 0.0371266
2417	0 1	0.0922589 1.09789	0.00213441 0.0370721
2418	0 1	0.113943 1.13291	0.00210698 0.0370334
2419	0 1	0.106145 1.11710	0.00210620 0.0370448
2420	0 1	0.112619 1.14764	0.00208562 0.0370537
2421	0 1	0.103663 1.10041	0.00210439 0.0371515
2422	0 1	0.0917733 1.11394	0.00211965 0.0371421
2423	0 1	0.0907816 1.10947	0.00212679 0.0371415
2424	0 1	0.108701 1.12669	0.00214123 0.0371632
2425	0 1	0.0978711 1.10372	0.00214228 0.0371976
2426	0 1	0.106875 1.11360	0.00216528 0.0371679
2427	0 1	0.107110 1.12907	0.00216002 0.0371645
2428	0 1	0.0974659 1.11690	0.00214731 0.0371220
2429	0 1	0.103362 1.13740	0.00216330 0.0370705
2430	0 1	0.0962989 1.10786	0.00216526 0.0370570
2431	0 1	0.0884145 1.08831	0.00216172 0.0370418
2432	0 1	0.0876964 1.10003	0.00217821 0.0370547
2433	0 1	0.103855 1.12030	0.00217992 0.0370209
2434	0 1	0.103357 1.13667	0.00218423 0.0369573
2435	0 1	0.0932599 1.11424	0.00220894 0.0369755
2436	0 1	0.101722 1.12487	0.00219325 0.0369517
2437	0 1	0.102247 1.12088	0.00218521 0.0369359
2438	0 1	0.0987845 1.10969	0.00220459 0.0369398
2439	0 1	0.105940 1.13634	0.00221060 0.0369432
2440	0 1	0.0947298 1.10959	0.00221588 0.0368916
2441	0 1	0.108425 1.14513	0.00222205 0.0369017
2442	0 1	0.103270 1.10060	0.00219033 0.0368198
2443	0 1	0.107485 1.13205	0.00217818 0.0367539
2444	0 1	0.0996269 1.12298	0.00217941 0.0367642
2445	0 1	0.0971174 1.10041	0.00218471 0.0367848
2446	0 1	0.118078 1.16613	0.00219307 0.0367661
2447	0 1	0.101558 1.09179	0.00218528 0.0366860
2448	0 1	0.0979420 1.10533	0.00219660 0.0367183
2449	0 1	0.112164 1.14673	0.00221046 0.0366906
2450	0 1	0.0992669 1.11430	0.00220680 0.0366791
2451	0 1	0.0973213 1.09779	0.00219549 0.0366756
2452	0 1	0.0989329 1.12261	0.00220389 0.0366459
2453	0 1	0.105374 1.12886	0.00223821 0.0367286
2454	0 1	0.112216 1.15296	0.00224922 0.0368243
2455	0 1	0.110767 1.13250	0.00223410 0.0367820
2456	0 1	0.102456 1.12591	0.00222810 0.0367341
2457	0 1	0.0994511 1.10958	0.00223522 0.0367627
2458	0 1	0.108097 1.12043	0.00225226 0.0367852
2459	0 1	0.106808 1.10894	0.00225124 0.0367498
2460	0 1	0.109134 1.15106	0.00225020 0.0366952
2461	0 1	0.0989011 1.10424	0.00224436 0.0366444
2462	0 1	0.0982475 1.09220	0.00225163 0.0366130
2463	0 1	0.118451 1.15028	0.00222325 0.0365204
2464	0 1	0.0912767 1.11517	0.00222437 0.0364374
2465	0 1	0.0931194 1.09995	0.00222177 0.0363499
2466	0 1	0.103916 1.12280	0.00224022 0.0363479
2467	0 1	0.105510 1.12272	0.00221535 0.0363487
2468	0 1	0.0922402 1.09618	0.00222471 0.0363236
2469	0 1	0.0918086 1.12260	0.00222078 0.0362737
2470	0 1	0.0996387 1.11003	0.00223565 0.0362925
2471	0 1	0.117328 1.16780	0.00225890 0.0363076
2472	0 1	0.107631 1.13539	0.00226499 0.0362499
2473	0 1	0.111187 1.13015	0.00225328 0.0362334
2474	0 1	0.103367 1.11651	0.00225825 0.0362763
2475	0 1	0.0851736 1.08508	0.00224303 0.0362895
2476	0 1	0.114733 1.15021	0.00222844 0.0362574
2477	0 1	0.103722 1.13350	0.00221148 0.0362047
2478	0 1	0.0845354 1.09045	0.00222417 0.0362477
2479	0 1	0.107077 1.14666	0.00221729 0.0362252
2480	0 1	0.111136 1.13531	0.00223160 0.0362459
2481	0 1	0.0979933 1.11942	0.00224967 0.0362412
2482	0 1	0.0883918 1.10666	0.00225524 0.0362340
2483	0 1	0.0965815 1.11030	0.00223370 0.0362074
2484	0 1	0.0949546 1.11419	0.00225598 0.0362404
2485	0 1	0.0976930 1.12386	0.00223459 0.0361899
2486	0 1	0.104508 1.12331	0.00226189 0.0362379
2487	0 1	0.107990 1.13852	0.00225785 0.0362446
2488	0 1	0.107027 1.11870	0.00226658 0.0362693
2489	0 1	0.0922823 1.09188	0.00224688 0.0362926
2490	0 1	0.102181 1.12876	0.00224664 0.0363331
2491	0 1	0.0827402 1.09336	0.00223777 0.0362681
2492	0 1	0.100070 1.12820	0.00223190 0.0362586
2493	0 1	0.116298 1.12773	0.00223922 0.0363064
2494	0 1	0.0991970 1.12450	0.00226484 0.0362957
2495	0 1	0.0906908 1.09610	0.00224735 0.0362430
2496	0 1	0.0875264 1.09607	0.00225732 0.0361798
2497	0 1	0.109951 1.12949	0.00224972 0.0361795
2498	0 1	0.102950 1.11804	0.00225612 0.0361690
2499	0 1	0.0965919 1.10991	0.00226285 0.0362036
2500	0 1	0.108175 1.12385	0.00229187 0.0362595
2501	0 1	0.0976411 1.11227	0.00229488 0.0362877
2502	0 1	0.100933 1.13093	0.00232641 0.0363009
2503	0 1	0.104227 1.13884	0.00233411 0.0363032
2504	0 1	0.103408 1.10756	0.00233400 0.0363204
2505	0 1	0.0907703 1.11225	0.00234091 0.0363046
2506	0 1	0.107546 1.13819	0.00230782 0.0362449
2507	0 1	0.0880201 1.08724	0.00231160 0.0362856
2508	0 1	0.101200 1.11857	0.00231887 0.0363271
2509	0 1	0.118210 1.13558	0.00232272 0.0363364
2510	0 1	0.0992665 1.12708	0.00231090 0.0363351
2511	0 1	0.0889194 1.09137	0.00229829 0.0363129
2512	0 1	0.0964821 1.12349	0.00228479 0.0363078
2513	0 1	0.102828 1.12085	0.00230308 0.0363129
2514	0 1	0.105838 1.10756	0.00230057 0.0362775
2515	0 1	0.104332 1.10589	0.00229155 0.0362051
2516	0 1	0.0865094 1.10013	0.00230972 0.0362361
2517	0 1	0.0926161 1.10121	0.00232203 0.0362102
2518	0 1	0.112019 1.14393	0.00232411 0.0362006
2519	0 1	0.107822 1.12216	0.00228574 0.0361060
2520	0 1	0.105206 1.11370	0.00226854 0.0360540
2521	0 1	0.0965574 1.10433	0.00228372 0.0360536
2522	0 1	0.104762 1.11421	0.00226170 0.0360359
2523	0 1	0.109759 1.12355	0.00222917 0.0360020
2524	0 1	0.107470 1.12943	0.00223906 0.0359935
2525	0 1	0.0972734 1.12557	0.00225626 0.0359306
2526	0 1	0.110825 1.13695	0.00227744 0.0359917
2527	0 1	0.103142 1.11926	0.00226783 0.0360073
2528	0 1	0.107198 1.15969	0.00227857 0.0359627
2529	0 1	0.0931231 1.10080	0.00226861 0.0359886
2530	0 1	0.107696 1.14810	0.00227793 0.0359737
2531	0 1	0.0949822 1.09955	0.00225604 0.0359126
2532	0 1	0.103620 1.12176	0.00224076 0.0359242
2533	0 1	0.0927758 1.10732	0.00221780 0.0359092
2534	0 1	0.103999 1.10301	0.00221280 0.0358991
2535	0 1	0.105865 1.12134	0.00219728 0.0358909
2536	0 1	0.101264 1.13163	0.00220533 0.0359509
2537	0 1	0.104849 1.11264	0.00218112 0.0359780
2538	0 1	0.100735 1.11855	0.00219552 0.0359815
2539	0 1	0.0943714 1.13210	0.00221005 0.0359989
2540	0 1	0.112261 1.13002	0.00220242 0.0360521
2541	0 1	0.0924954 1.08984	0.00216670 0.0360137
2542	0 1	0.118924 1.13010	0.00216206 0.0359868
2543	0 1	0.0924826 1.12018	0.00218941 0.0359736
2544	0 1	0.100711 1.13090	0.00220963 0.0360000
2545	0 1	0.114920 1.13020	0.00217443 0.0358943
2546	0 1	0.0956160 1.11402	0.00217200 0.0358967
2547	0 1	0.0978905 1.11612	0.00218014 0.0359845
2548	0 1	0.0952319 1.09547	0.00218698 0.0360084
2549	0 1	0.0981802 1.10182	0.00219052 0.0360744
2550	0 1	0.0946188 1.11284	0.00218963 0.0360738
2551	0 1	0.0938013 1.09642	0.00218328 0.0360995
2552	0 1	0.110155 1.13846	0.00221230 0.0361356
2553	0 1	0.109564 1.11825	0.00219270 0.0361100
2554	0 1	0.103155 1.10667	0.00216329 0.0360283
2555	0 1	0.103434 1.13268	0.00218344 0.0360317
2556	0 1	0.104265 1.10531	0.00218952 0.0360173
2557	0 1	0.0953648 1.10044	0.00216154 0.0360090
2558	0 1	0.0984136 1.10092	0.00214596 0.0359181
2559	0 1	0.0973219 1.11176	0.00216473 0.0359019
2560	0 1	0.0967478 1.12461	0.00216856 0.0359626
2561	0 1	0.102815 1.11108	0.00216187 0.0359765
2562	0 1	0.103196 1.10055	0.00215914 0.0360026
2563	0 1	0.0965226 1.10395	0.00217242 0.0360579
2564	0 1	0.0895603 1.10132	0.00217988 0.0360136
2565	0 1	0.100965 1.12180	0.00216831 0.0360067
2566	0 1	0.106746 1.12424	0.00216817 0.0360881
2567	0 1	0.109118 1.13418	0.00218023 0.0360560
2568	0 1	0.0939859 1.10135	0.00216617 0.0360498
2569	0 1	0.0968121 1.11687	0.00215856 0.0360141
2570	0 1	0.0966663 1.11359	0.00216670 0.0359960
2571	0 1	0.106757 1.13344	0.00214465 0.0358797
2572	0 1	0.101910 1.12395	0.00214227 0.0358237
2573	0 1	0.0928794 1.10600	0.00211388 0.0357759
2574	0 1	0.102666 1.11627	0.00210610 0.0357552
2575	0 1	0.0956903 1.10143	0.00207707 0.0357154
2576	0 1	0.115865 1.13776	0.00205608 0.0356420
2577	0 1	0.0952192 1.10786	0.00205415 0.0356110
2578	0 1	0.101124 1.12122	0.00203392 0.0355583
2579	0 1	0.104412 1.13712	0.00203573 0.0355328
2580	0 1	0.100165 1.12639	0.00204122 0.0355331
2581	0 1	0.104671 1.11633	0.00203366 0.0354837
2582	0 1	0.0993321 1.10022	0.00202958 0.0354898
2583	0 1	0.0901270 1.09232	0.00204186 0.0355577
2584	0 1	0.0948077 1.11433	0.00204253 0.0355923
2585	0 1	0.0995059 1.12365	0.00204096 0.0355772
2586	0 1	0.123368 1.14680	0.00203073 0.0355344
2587	0 1	0.102558 1.14023	0.00200061 0.0354249
2588	0 1	0.0948407 1.09435	0.00198418 0.0353769
2589	0 1	0.0916902 1.09436	0.00195387 0.0353067
2590	0 1	0.128154 1.16521	0.00194773 0.0352590
2591	0 1	0.0973305 1.09635	0.00193803 0.0352645
2592	0 1	0.104957 1.13810	0.00194527 0.0352748
2593	0 1	0.0961584 1.11935	0.00193152 0.0352503
2594	0 1	0.0960730 1.10422	0.00194194 0.0352316
2595	0 1	0.0969889 1.11670	0.00195997 0.0352609
2596	0 1	0.0939709 1.09803	0.00197006 0.0352667
2597	0 1	0.0984270 1.11911	0.00197876 0.0353122
2598	0 1	0.104625 1.11281	0.00196602 0.0353301
2599	0 1	0.0958284 1.11597	0.00196388 0.0353198
2600	0 1	0.0942155 1.10425	0.00198325 0.0353239
2601	0 1	0.100437 1.12992	0.00200500 0.0353569
2602	0 1	0.106043 1.14728	0.00199101 0.0353003
2603	0 1	0.110960 1.12455	0.00201147 0.0353015
2604	0 1	0.0947046 1.11183	0.00200959 0.0353182
2605	0 1	0.0996128 1.10885	0.00201346 0.0353659
2606	0 1	0.105094 1.14123	0.00204534 0.0353558
2607	0 1	0.101506 1.12374	0.00207143 0.0354136
2608	0 1	0.107320 1.12106	0.00206736 0.0354111
2609	0 1	0.103423 1.12719	0.00206987 0.0354267
2610	0 1	0.0918953 1.10237	0.00207543 0.0354961
2611	0 1	0.0912588 1.10446	0.00208022 0.0354659
2612	0 1	0.0995653 1.11887	0.00208486 0.0355066
2613	0 1	0.0994223 1.11745	0.00208540 0.0355471
2614	0 1	0.100909 1.11952	0.00207969 0.0355383
2615	0 1	0.0937749 1.09156	0.00205850 0.0355066
2616	0 1	0.117104 1.15134	0.00206796 0.0354331
2617	0 1	0.102118 1.13313	0.00209439 0.0354452
2618	0 1	0.0988178 1.11001	0.00210505 0.0354879
2619	0 1	0.0998669 1.10737	0.00211037 0.0354639
2620	0 1	0.0881859 1.10192	0.00213380 0.0354711
2621	0 1	0.112219 1.13422	0.00216900 0.0355134
2622	0 1	0.110121 1.12744	0.00214598 0.0354696
2623	0 1	0.0951602 1.10795	0.00213323 0.0354716
2624	0 1	0.115682 1.13323	0.00213945 0.0354310
2625	0 1	0.101211 1.12389	0.00212470 0.0354729
2626	0 1	0.100430 1.11686	0.00213538 0.0354799
2627	0 1	0.0997335 1.11900	0.00214214 0.0354656
2628	0 1	0.102788 1.12265	0.00212924 0.0353879
2629	0 1	0.105399 1.12794	0.00212505 0.0353892
2630	0 1	0.102765 1.13026	0.00214154 0.0353554
2631	0 1	0.0953936 1.11160	0.00214552 0.0353608
2632	0 1	0.0955725 1.09911	0.00214943 0.0353662
2633	0 1	0.102526 1.13962	0.00216000 0.0353667
2634	0 1	0.120685 1.13807	0.00215641 0.0353573
2635	0 1	0.101397 1.11454	0.00215679 0.0353379
2636	0 1	0.116255 1.15869	0.00214959 0.0353317
2637	0 1	0.0970304 1.08993	0.00216281 0.0353313
2638	0 1	0.0896388 1.09110	0.00215507 0.0353487
2639	0 1	0.104863 1.12746	0.00216839 0.0353778
2640	0 1	0.112510 1.13837	0.00214898 0.0353480
2641	0 1	0.0958962 1.11204	0.00212824 0.0353248
2642	0 1	0.0920601 1.10825	0.00212319 0.0353361
2643	0 1	0.0957656 1.10170	0.00211730 0.0352935
2644	0 1	0.102991 1.10787	0.00210515 0.0352177
2645	0 1	0.101056 1.09066	0.00209235 0.0352067
2646	0 1	0.132893 1.17747	0.00208929 0.0352255
2647	0 1	0.0969309 1.08834	0.00206848 0.0352171
2648	0 1	0.103991 1.11617	0.00206891 0.0351665
2649	0 1	0.0975337 1.11282	0.00208718 0.0351576
2650	0 1	0.0929271 1.09252	0.00209186 0.0351286
2651	0 1	0.0919038 1.09262	0.00211633 0.0351008
2652	0 1	0.0965482 1.11330	0.00210080 0.0350736
2653	0 1	0.0996322 1.12038	0.00212424 0.0351278
2654	0 1	0.0974855 1.11560	0.00211809 0.0350765
2655	0 1	0.0982672 1.11738	0.00212752 0.0351279
2656	0 1	0.110343 1.13187	0.00213811 0.0351367
2657	0 1	0.0970491 1.11153	0.00214667 0.0351710
2658	0 1	0.0944327 1.09184	0.00213765 0.0351514
2659	0 1	0.0984804 1.11714	0.00213180 0.0351223
2660	0 1	0.0963571 1.12631	0.00214234 0.0351456
2661	0 1	0.0993169 1.12185	0.00214161 0.0351096
2662	0 1	0.104387 1.13217	0.00215151 0.0350521
2663	0 1	0.114438 1.15542	0.00214735 0.0350145
2664	0 1	0.0933557 1.11250	0.00213608 0.0350300
2665	0 1	0.0997201 1.11617	0.00215341 0.0350317
2666	0 1	0.0988122 1.10674	0.00215619 0.0351192
2667	0 1	0.0964711 1.10641	0.00215601 0.0351512
2668	0 1	0.101761 1.13476	0.00213703 0.0350976
2669	0 1	0.0903325 1.08582	0.00214574 0.0351105
2670	0 1	0.0992409 1.10593	0.00216165 0.0351308
2671	0 1	0.103330 1.11262	0.00214811 0.0350986
2672	0 1	0.0913418 1.10295	0.00217267 0.0350840
2673	0 1	0.0967789 1.11456	0.00217941 0.0350607
2674	0 1	0.0941531 1.09747	0.00217099 0.0350980
2675	0 1	0.102820 1.12941	0.00217007 0.0350958
2676	0 1	0.111430 1.14589	0.00217731 0.0351320
2677	0 1	0.101500 1.13979	0.00218471 0.0351157
2678	0 1	0.102734 1.11907	0.00218120 0.0351102
2679	0 1	0.104710 1.12613	0.00217102 0.0350991
2680	0 1	0.101252 1.11055	0.00216864 0.0351029
2681	0 1	0.0979060 1.10534	0.00218863 0.0351059
2682	0 1	0.0880180 1.09313	0.00221662 0.0351643
2683	0 1	0.111929 1.14209	0.00224631 0.0351797
2684	0 1	0.0923737 1.09076	0.00222915 0.0351566
2685	0 1	0.100235 1.11153	0.00220953 0.0351591
2686	0 1	0.102109 1.10799	0.00220784 0.0351628
2687	0 1	0.0893629 1.09507	0.00221235 0.0351249
2688	0 1	0.0960765 1.09834	0.00221609 0.0350662
2689	0 1	0.124355 1.14091	0.00221471 0.0351306
2690	0 1	0.0855978 1.08301	0.00220839 0.0350938
2691	0 1	0.100909 1.11166	0.00222709 0.0351090
2692	0 1	0.0999434 1.12543	0.00224703 0.0351134
2693	0 1	0.0961045 1.11839	0.00226282 0.0350703
2694	0 1	0.104031 1.12347	0.00223564 0.0350652
2695	0 1	0.103408 1.11574	0.00225510 0.0350437
2696	0 1	0.0986312 1.11584	0.00222877 0.0349774
2697	0 1	0.118364 1.14533	0.00219493 0.0349095
2698	0 1	0.0991113 1.11828	0.00219699 0.0349003
2699	0 1	0.105531 1.11352	0.00220773 0.0349348
2700	0 1	0.0945129 1.09180	0.00218432 0.0348774
2701	0 1	0.106453 1.11376	0.00218492 0.0348833
2702	0 1	0.100598 1.09908	0.00218901 0.0348596
2703	0 1	0.104217 1.11050	0.00216317 0.0348818
2704	0 1	0.100293 1.10027	0.00217572 0.0349364
2705	0 1	0.0944616 1.10916	0.00220035 0.0349406
2706	0 1	0.0947462 1.09158	0.00218760 0.0349698
2707	0 1	0.0976843 1.10410	0.00220016 0.0349959
2708	0 1	0.107245 1.10788	0.00219893 0.0350279
2709	0 1	0.0951401 1.10567	0.00219815 0.0350004
2710	0 1	0.107560 1.11315	0.00220889 0.0350341
2711	0 1	0.0963029 1.11038	0.00221256 0.0350427
2712	0 1	0.0885545 1.10031	0.00222537 0.0350404
2713	0 1	0.101462 1.11620	0.00223821 0.0351191
2714	0 1	0.0964262 1.11118	0.00221980 0.0350527
2715	0 1	0.104521 1.14265	0.00221169 0.0350680
2716	0 1	0.0887673 1.10226	0.00223394 0.0350731
2717	0 1	0.113648 1.13680	0.00223160 0.0350804
2718	0 1	0.116753 1.15596	0.00223687 0.0350839
2719	0 1	0.0986570 1.10417	0.00223446 0.0350968
2720	0 1	0.0942960 1.09278	0.00223755 0.0350884
2721	0 1	0.0987245 1.10883	0.00225131 0.0351625
2722	0 1	0.100058 1.11850	0.00224543 0.0351431
2723	0 1	0.0967442 1.10499	0.00220776 0.0351376
2724	0 1	0.103244 1.11532	0.00220206 0.0351624
2725	0 1	0.0993385 1.12905	0.00221704 0.0352043
2726	0 1	0.106282 1.09742	0.00219634 0.0351523
2727	0 1	0.0989387 1.12403	0.00218751 0.0351864
2728	0 1	0.0911691 1.09973	0.00217242 0.0351827
2729	0 1	0.110318 1.12283	0.00215410 0.0351436
2730	0 1	0.106057 1.11565	0.00214148 0.0350736
2731	0 1	0.0901345 1.08491	0.00215938 0.0351276
2732	0 1	0.104455 1.11006	0.00215951 0.0352055
2733	0 1	0.101627 1.10603	0.00215898 0.0351885
2734	0 1	0.0971424 1.10142	0.00215066 0.0351318
2735	0 1	0.0978555 1.11501	0.00215583 0.0352207
2736	0 1	0.0951648 1.10206	0.00215091 0.0351999
2737	0 1	0.0836698 1.08847	0.00215060 0.0351819
2738	0 1	0.0919557 1.08598	0.00214303 0.0351445
2739	0 1	0.0953299 1.09960	0.00212476 0.0351321
2740	0 1	0.0931017 1.11102	0.00214618 0.0351239
2741	0 1	0.108490 1.11311	0.00213299 0.0351083
2742	0 1	0.101162 1.12083	0.00213018 0.0350797
2743	0 1	0.0977825 1.09233	0.00210432 0.0350359
2744	0 1	0.0993065 1.10837	0.00210681 0.0349930
2745	0 1	0.0990140 1.11118	0.00212753 0.0350410
2746	0 1	0.105411 1.11543	0.00210707 0.0350141
2747	0 1	0.102199 1.13083	0.00211598 0.0349972
2748	0 1	0.116004 1.13684	0.00210123 0.0349823
2749	0 1	0.101942 1.11694	0.00208777 0.0349690
2750	0 1	0.101446 1.12712	0.00208526 0.0349351
2751	0 1	0.0944792 1.10220	0.00209209 0.0349720
2752	0 1	0.0894591 1.08221	0.00208905 0.0349537
2753	0 1	0.0938330 1.11949	0.00209646 0.0349504
2754	0 1	0.102211 1.12047	0.00209973 0.0349230
2755	0 1	0.0982673 1.11518	0.00209662 0.0349171
2756	0 1	0.109197 1.12508	0.00211871 0.0349450
2757	0 1	0.0897838 1.11165	0.00211187 0.0349476
2758	0 1	0.0899419 1.09574	0.00212052 0.0349820
2759	0 1	0.113627 1.15363	0.00213136 0.0350392
2760	0 1	0.0913524 1.09547	0.00211178 0.0349899
2761	0 1	0.0980880 1.13816	0.00210486 0.0349188
2762	0 1	0.104024 1.10944	0.00209599 0.0348882
2763	0 1	0.0899922 1.08882	0.00209166 0.0348666
2764	0 1	0.0996599 1.10560	0.00209775 0.0348315
2765	0 1	0.0991583 1.10560	0.00210377 0.0348327
2766	0 1	0.0994057 1.10999	0.00211427 0.0347886
2767	0 1	0.102770 1.11694	0.00211328 0.0348362
2768	0 1	0.0997531 1.11620	0.00211386 0.0347961
2769	0 1	0.101393 1.12226	0.00212419 0.0348517
2770	0 1	0.103700 1.10690	0.00212869 0.0348724
2771	0 1	0.0985681 1.11593	0.00211788 0.0348704
2772	0 1	0.112118 1.14477	0.00212146 0.0348960
2773	0 1	0.106391 1.12969	0.00210997 0.0348531
2774	0 1	0.0983479 1.12049	0.00210399 0.0348772
2775	0 1	0.104391 1.11955	0.00211362 0.0349550
2776	0 1	0.0935980 1.09550	0.00212949 0.0350516
2777	0 1	0.0914859 1.10271	0.00211503 0.0350644
2778	0 1	0.0959130 1.09411	0.00210202 0.0350350
2779	0 1	0.0979617 1.11627	0.00209630 0.0350084
2780	0 1	0.0949805 1.11744	0.00207736 0.0349822
2781	0 1	0.106694 1.14517	0.00213507 0.0350553
2782	0 1	0.0974926 1.10677	0.00214756 0.0350055
2783	0 1	0.103484 1.10979	0.00217890 0.0350959
2784	0 1	0.0939355 1.10484	0.00216894 0.0351012
2785	0 1	0.106722 1.12582	0.00213893 0.0350453
2786	0 1	0.101944 1.11169	0.00217153 0.0350411
2787	0 1	0.0967408 1.10213	0.00217848 0.0350696
2788	0 1	0.105108 1.13606	0.00216124 0.0350249
2789	0 1	0.102167 1.11564	0.00214062 0.0350278
2790	0 1	0.0921708 1.09806	0.00214036 0.0349953
2791	0 1	0.107123 1.11657	0.00214045 0.0349842
2792	0 1	0.101352 1.09640	0.00211305 0.0349816
2793	0 1	0.0923533 1.10280	0.00212527 0.0350146
2794	0 1	0.0937489 1.10140	0.00212047 0.0349696
2795	0 1	0.0994328 1.10611	0.00212468 0.0350092
2796	0 1	0.0881708 1.10627	0.00214439 0.0350582
2797	0 1	0.0910304 1.11611	0.00214629 0.0350592
2798	0 1	0.0963659 1.09353	0.00214563 0.0350355
2799	0 1	0.109419 1.12268	0.00216537 0.0350175
2800	0 1	0.0983331 1.11462	0.00216762 0.0349823
2801	0 1	0.0916761 1.11776	0.00217822 0.0349700
2802	0 1	0.106023 1.11641	0.00218850 0.0350914
2803	0 1	0.0945514 1.10159	0.00220543 0.0351251
2804	0 1	0.107128 1.14139	0.00218927 0.0351339
2805	0 1	0.112288 1.11787	0.00216409 0.0350754
2806	0 1	0.101032 1.09389	0.00218640 0.0350866
2807	0 1	0.0925468 1.08705	0.00215907 0.0350597
2808	0 1	0.0996893 1.10851	0.00215474 0.0350929
2809	0 1	0.0945597 1.08686	0.00214248 0.0350957
2810	0 1	0.104095 1.13492	0.00213910 0.0350306
2811	0 1	0.0864134 1.10361	0.00212650 0.0349788
2812	0 1	0.115708 1.14381	0.00206823 0.0349083
2813	0 1	0.0937924 1.08992	0.00205016 0.0348877
2814	0 1	0.0985180 1.10299	0.00204028 0.0348913
2815	0 1	0.0990007 1.10122	0.00201623 0.0348097
2816	0 1	0.0928572 1.09383	0.00199808 0.0347385
2817	0 1	0.112085 1.14722	0.00197670 0.0346686
2818	0 1	0.100795 1.12154	0.00196356 0.0346788
2819	0 1	0.0936174 1.12279	0.00198531 0.0346940
2820	0 1	0.110527 1.12319	0.00198618 0.0346622
2821	0 1	0.102425 1.11635	0.00198338 0.0345925
2822	0 1	0.116243 1.13320	0.00194373 0.0345783
2823	0 1	0.0956684 1.10271	0.00194214 0.0346030
2824	0 1	0.0978526 1.11740	0.00192646 0.0346022
2825	0 1	0.0921722 1.10569	0.00192597 0.0345793
2826	0 1	0.115299 1.14298	0.00193840 0.0346458
2827	0 1	0.105518 1.15240	0.00193272 0.0346566
2828	0 1	0.0967151 1.11256	0.00193310 0.0345929
2829	0 1	0.103892 1.11659	0.00192169 0.0344991
2830	0 1	0.100399 1.11447	0.00193087 0.0345615
2831	0 1	0.109659 1.11165	0.00195575 0.0346184
2832	0 1	0.104099 1.12045	0.00194537 0.0345873
2833	0 1	0.109924 1.14219	0.00195493 0.0346136
2834	0 1	0.0967489 1.12349	0.00195474 0.0346073
2835	0 1	0.0999981 1.10538	0.00195615 0.0345438
2836	0 1	0.114554 1.13719	0.00196378 0.0345848
2837	0 1	0.0950194 1.11015	0.00195268 0.0346321
2838	0 1	0.0856276 1.09697	0.00197479 0.0345892
2839	0 1	0.0952345 1.11474	0.00199500 0.0346040
2840	0 1	0.107910 1.12970	0.00200460 0.0346319
2841	0 1	0.100660 1.10930	0.00200610 0.0347298
2842	0 1	0.104891 1.12115	0.00198213 0.0347018
2843	0 1	0.105033 1.12069	0.00197331 0.0346934
2844	0 1	0.0872410 1.07532	0.00196185 0.0346946
2845	0 1	0.101707 1.10523	0.00196454 0.0345944
2846	0 1	0.107742 1.13260	0.00195754 0.0346005
2847	0 1	0.0941367 1.09926	0.00195813 0.0345977
2848	0 1	0.102643 1.12099	0.00193690 0.0345435
2849	0 1	0.100068 1.12324	0.00195404 0.0345367
2850	0 1	0.0913038 1.09023	0.00194825 0.0344935
2851	0 1	0.105887 1.11836	0.00193770 0.0345301
2852	0 1	0.0973598 1.12082	0.00195925 0.0345471
2853	0 1	0.103298 1.13600	0.00195564 0.0345182
2854	0 1	0.0994756 1.11570	0.00195624 0.0344932
2855	0 1	0.125708 1.17528	0.00197797 0.0344540
2856	0 1	0.100714 1.09913	0.00194388 0.0344718
2857	0 1	0.0975802 1.10152	0.00193943 0.0345150
2858	0 1	0.0994213 1.10919	0.00193984 0.0345178
2859	0 1	0.0997440 1.12225	0.00193362 0.0344683
2860	0 1	0.0961079 1.09512	0.00194953 0.0345509
2861	0 1	0.0933368 1.10285	0.00194862 0.0345503
2862	0 1	0.109680 1.11836	0.00191718 0.0344751
2863	0 1	0.102332 1.11616	0.00192470 0.0345281
2864	0 1	0.104511 1.11427	0.00192606 0.0345125
2865	0 1	0.0995569 1.12165	0.00192134 0.0344953
2866	0 1	0.100108 1.11526	0.00189812 0.0344255
2867	0 1	0.0966976 1.11588	0.00189049 0.0344109
2868	0 1	0.110717 1.14984	0.00189870 0.0343738
2869	0 1	0.0954000 1.10863	0.00190211 0.0343746
2870	0 1	0.108762 1.12126	0.00191672 0.0343768
2871	0 1	0.107958 1.13216	0.00191451 0.0343410
2872	0 1	0.102432 1.10766	0.00190711 0.0343153
2873	0 1	0.116142 1.12567	0.00192040 0.0342570
2874	0 1	0.101381 1.09776	0.00192923 0.0342562
2875	0 1	0.100903 1.12357	0.00192330 0.0342559
2876	0 1	0.0978644 1.11252	0.00193583 0.0342674
2877	0 1	0.0897414 1.08065	0.00194962 0.0342606
2878	0 1	0.0970301 1.10737	0.00194238 0.0342644
2879	0 1	0.107348 1.11538	0.00194746 0.0342840
2880	0 1	0.0996354 1.10287	0.00194069 0.0342622
2881	0 1	0.0994851 1.10286	0.00194047 0.0343159
2882	0 1	0.0928359 1.09640	0.00192457 0.0342831
2883	0 1	0.0956108 1.09164	0.00191432 0.0342472
2884	0 1	0.122444 1.14190	0.00190209 0.0342323
2885	0 1	0.106337 1.10146	0.00189956 0.0342603
2886	0 1	0.100627 1.11935	0.00190389 0.0342773
2887	0 1	0.113042 1.14202	0.00190285 0.0342689
2888	0 1	0.0980623 1.11692	0.00190872 0.0343171
2889	0 1	0.0985183 1.12429	0.00193352 0.0343427
2890	0 1	0.0971852 1.11227	0.00192470 0.0343309
2891	0 1	0.105039 1.11685	0.00192398 0.0343572
2892	0 1	0.103040 1.14435	0.00192459 0.0343362
2893	0 1	0.0978412 1.09557	0.00192247 0.0343798
2894	0 1	0.0972182 1.09563	0.00192580 0.0343873
2895	0 1	0.105351 1.12815	0.00193973 0.0344209
2896	0 1	0.108125 1.11818	0.00192686 0.0344477
2897	0 1	0.0989396 1.11699	0.00193122 0.0344746
2898	0 1	0.108977 1.10611	0.00193573 0.0344550
2899	0 1	0.108457 1.11036	0.00193362 0.0344803
2900	0 1	0.104380 1.10804	0.00194134 0.0345414
2901	0 1	0.0891157 1.08140	0.00194444 0.0345782
2902	0 1	0.117288 1.14176	0.00196631 0.0345979
2903	0 1	0.0988530 1.10426	0.00196213 0.0345955
2904	0 1	0.106232 1.12676	0.00199322 0.0345803
2905	0 1	0.0928041 1.09957	0.00200387 0.0345811
2906	0 1	0.111860 1.12818	0.00200343 0.0345920
2907	0 1	0.107553 1.13447	0.00199913 0.0345883
2908	0 1	0.0980798 1.10465	0.00200659 0.0345856
2909	0 1	0.0987228 1.10998	0.00201316 0.0345721
2910	0 1	0.108866 1.11660	0.00201904 0.0346234
2911	0 1	0.110377 1.14213	0.00202653 0.0346026
2912	0 1	0.108953 1.11247	0.00202579 0.0345566
2913	0 1	0.106474 1.12527	0.00200996 0.0345073
2914	0 1	0.107258 1.13929	0.00201938 0.0345311
2915	0 1	0.0891600 1.10433	0.00201488 0.0345128
2916	0 1	0.103176 1.11491	0.00200269 0.0345021
2917	0 1	0.0990999 1.09076	0.00199119 0.0345256
2918	0 1	0.108066 1.12287	0.00200238 0.0345572
2919	0 1	0.0995637 1.10557	0.00200216 0.0345187
2920	0 1	0.0960680 1.09126	0.00200599 0.0345906
2921	0 1	0.105249 1.11592	0.00201276 0.0346075
2922	0 1	0.101021 1.11165	0.00203866 0.0346851
2923	0 1	0.0982187 1.09583	0.00203004 0.0346044
2924	0 1	0.105275 1.14041	0.00203138 0.0346021
2925	0 1	0.0935983 1.09762	0.00202490 0.0346205
2926	0 1	0.100844 1.11539	0.00203880 0.0346835
2927	0 1	0.0933628 1.10365	0.00205106 0.0346788
2928	0 1	0.0998040 1.12018	0.00205589 0.0346827
2929	0 1	0.114103 1.13692	0.00208105 0.0347089
2930	0 1	0.0947262 1.09447	0.00208253 0.0347017
2931	0 1	0.100706 1.11781	0.00208425 0.0346839
2932	0 1	0.100247 1.11496	0.00208178 0.0346830
2933	0 1	0.0961823 1.10012	0.00206370 0.0345675
2934	0 1	0.0987414 1.11772	0.00207648 0.0345951
2935	0 1	0.0870152 1.09700	0.00206539 0.0346300
2936	0 1	0.0983508 1.11597	0.00204468 0.0346182
2937	0 1	0.101653 1.10415	0.00204303 0.0346047
2938	0 1	0.0924348 1.11323	0.00205659 0.0346006
2939	0 1	0.0948377 1.09299	0.00208037 0.0346204
2940	0 1	0.111921 1.13578	0.00212010 0.0346135
2941	0 1	0.0973073 1.09896	0.00213127 0.0346034
2942	0 1	0.0914689 1.10753	0.00213461 0.0345904
2943	0 1	0.0918651 1.09349	0.00212034 0.0345532
2944	0 1	0.110560 1.13765	0.00213173 0.0346298
2945	0 1	0.0979421 1.10383	0.00214597 0.0346378
2946	0 1	0.0881656 1.08409	0.00214101 0.0346392
2947	0 1	0.0973807 1.10927	0.00213691 0.0346781
2948	0 1	0.101134 1.13911	0.00214702 0.0346452
2949	0 1	0.105040 1.12638	0.00215874 0.0346200
2950	0 1	0.0993830 1.10291	0.00215141 0.0346145
2951	0 1	0.102877 1.09714	0.00213785 0.0346014
2952	0 1	0.102399 1.12082	0.00215124 0.0346302
2953	0 1	0.103226 1.11687	0.00215284 0.0345962
2954	0 1	0.107974 1.11994	0.00214658 0.0346305
2955	0 1	0.0910476 1.11216	0.00215410 0.0346935
2956	0 1	0.102322 1.13053	0.00216556 0.0347194
2957	0 1	0.111442 1.13489	0.00216026 0.0347187
2958	0 1	0.104575 1.13153	0.00217334 0.0346790
2959	0 1	0.103323 1.12194	0.00216793 0.0346872
2960	0 1	0.108438 1.13542	0.00217654 0.0345728
2961	0 1	0.109558 1.15559	0.00219355 0.0345806
2962	0 1	0.103397 1.12824	0.00222871 0.0346062
2963	0 1	0.107384 1.12914	0.00225423 0.0346708
2964	0 1	0.109408 1.12789	0.00225345 0.0346952
2965	0 1	0.116894 1.11226	0.00226168 0.0347781
2966	0 1	0.0971561 1.11968	0.00228566 0.0348224
2967	0 1	0.106812 1.12122	0.00227589 0.0348156
2968	0 1	0.107915 1.14477	0.00226099 0.0347085
2969	0 1	0.117080 1.14944	0.00226519 0.0346674
2970	0 1	0.0942101 1.10707	0.00224584 0.0346404
2971	0 1	0.105480 1.13048	0.00225937 0.0346085
2972	0 1	0.0965245 1.10422	0.00226358 0.0346033
2973	0 1	0.0975977 1.13386	0.00227523 0.0346339
2974	0 1	0.105426 1.12407	0.00226904 0.0346285
2975	0 1	0.100470 1.11358	0.00225621 0.0346097
2976	0 1	0.103385 1.11599	0.00225534 0.0345540
2977	0 1	0.113383 1.12470	0.00223393 0.0345407
2978	0 1	0.100678 1.11234	0.00222043 0.0345442
2979	0 1	0.102843 1.12320	0.00221124 0.0344859
2980	0 1	0.106071 1.11727	0.00222403 0.0345335
2981	0 1	0.100507 1.11961	0.00221907 0.0345158
2982	0 1	0.111827 1.12710	0.00221563 0.0345102
2983	0 1	0.102759 1.12226	0.00220500 0.0345191
2984	0 1	0.101373 1.13469	0.00219247 0.0344874
2985	0 1	0.102075 1.10525	0.00220251 0.0344422
2986	0 1	0.116622 1.15414	0.00221093 0.0344709
2987	0 1	0.110392 1.12234	0.00219778 0.0345153
2988	0 1	0.104512 1.11669	0.00218972 0.0344582
2989	0 1	0.0972994 1.10635	0.00219082 0.0344165
2990	0 1	0.0979885 1.11433	0.00218633 0.0344167
2991	0 1	0.0929846 1.08740	0.00218060 0.0343807
2992	0 1	0.106507 1.11398	0.00218680 0.0343549
2993	0 1	0.110632 1.12197	0.00218215 0.0343357
2994	0 1	0.0930135 1.10181	0.00215826 0.0342932
2995	0 1	0.104552 1.13184	0.00217724 0.0343510
2996	0 1	0.107766 1.14145	0.00220477 0.0343652
2997	0 1	0.102746 1.11349	0.00220264 0.0343486
2998	0 1	0.0965559 1.09671	0.00222431 0.0343170
2999	0 1	0.0880077 1.08410	0.00219748 0.0342755
3000	0 1	0.100796 1.13530	0.00219143 0.0342570
3001	0 1	0.0987088 1.10028	0.00219023 0.0343117
3002	0 1	0.0975246 1.11689	0.00220855 0.0343250
3003	0 1	0.0987015 1.10026	0.00220288 0.0342581
3004	0 1	0.0959011 1.12519	0.00221831 0.0342639
3005	0 1	0.104160 1.12247	0.00223292 0.0342420
3006	0 1	0.0965438 1.12583	0.00225543 0.0342291
3007	0 1	0.104466 1.10474	0.00225163 0.0341852
3008	0 1	0.105768 1.11237	0.00224244 0.0341927
3009	0 1	0.0980303 1.09894	0.00222375 0.0341873
3010	0 1	0.0863513 1.09350	0.00223388 0.0341733
3011	0 1	0.0965043 1.11230	0.00221926 0.0341396
3012	0 1	0.111746 1.13261	0.00219737 0.0340835
3013	0 1	0.109229 1.11886	0.00218125 0.0341037
3014	0 1	0.0902121 1.09752	0.00221110 0.0341140
3015	0 1	0.107485 1.12707	0.00221357 0.0341374
3016	0 1	0.0968233 1.07722	0.00223283 0.0341808
3017	0 1	0.0938470 1.09609	0.00224022 0.0341558
3018	0 1	0.111097 1.11967	0.00223963 0.0341502
3019	0 1	0.104170 1.12346	0.00222119 0.0340474
3020	0 1	0.0949309 1.11102	0.00220640 0.0340874
3021	0 1	0.106741 1.10768	0.00220634 0.0341741
3022	0 1	0.113581 1.13781	0.00219708 0.0341358
3023	0 1	0.105984 1.12721	0.00221992 0.0341632
3024	0 1	0.0979594 1.12059	0.00223051 0.0341175
3025	0 1	0.0996191 1.12564	0.00222054 0.0341068
3026	0 1	0.0975642 1.10946	0.00225831 0.0341797
3027	0 1	0.102203 1.10205	0.00224517 0.0341475
3028	0 1	0.0975514 1.09296	0.00225506 0.0341810
3029	0 1	0.0939041 1.11583	0.00224872 0.0341642
3030	0 1	0.0993701 1.12206	0.00226222 0.0341841
3031	0 1	0.115507 1.14709	0.00226717 0.0341715
3032	0 1	0.106553 1.11734	0.00224340 0.0341254
3033	0 1	0.101597 1.10565	0.00223583 0.0341109
3034	0 1	0.105720 1.10449	0.00222577 0.0340766
3035	0 1	0.0991029 1.11934	0.00223792 0.0340670
3036	0 1	0.0922867 1.09128	0.00221675 0.0340292
3037	0 1	0.103578 1.12401	0.00217887 0.0339701
3038	0 1	0.0982901 1.11714	0.00217515 0.0339738
3039	0 1	0.104604 1.11963	0.00215955 0.0340017
3040	0 1	0.109676 1.15206	0.00219227 0.0340423
3041	0 1	0.117094 1.13292	0.00216370 0.0339795
3042	0 1	0.118664 1.16204	0.00217825 0.0339445
3043	0 1	0.0904755 1.10683	0.00216511 0.0338868
3044	0 1	0.104291 1.12052	0.00216707 0.0338776
3045	0 1	0.0909691 1.10057	0.00216002 0.0338454
3046	0 1	0.115552 1.12810	0.00213759 0.0338233
3047	0 1	0.101004 1.10737	0.00213510 0.0337726
3048	0 1	0.111793 1.14670	0.00215737 0.0338126
3049	0 1	0.0935390 1.08049	0.00212540 0.0337883
3050	0 1	0.0933977 1.10527	0.00214566 0.0338140
3051	0 1	0.100702 1.10704	0.00215348 0.0338476
3052	0 1	0.0990321 1.10547	0.00215341 0.0338384
3053	0 1	0.110559 1.12868	0.00215050 0.0338368
3054	0 1	0.0939806 1.11747	0.00214051 0.0337865
3055	0 1	0.121098 1.13924	0.00214467 0.0337830
3056	0 1	0.101769 1.11412	0.00215048 0.0337922
3057	0 1	0.0968403 1.11178	0.00215349 0.0338189
3058	0 1	0.106353 1.14306	0.00216480 0.0338320
3059	0 1	0.105986 1.09969	0.00214936 0.0338117
3060	0 1	0.109793 1.13678	0.00215075 0.0338471
3061	0 1	0.107450 1.10987	0.00218286 0.0338726
3062	0 1	0.107115 1.12755	0.00220495 0.0338714
3063	0 1	0.113394 1.12453	0.00220326 0.0338905
3064	0 1	0.0979123 1.12274	0.00219301 0.0338579
3065	0 1	0.0954329 1.10217	0.00216621 0.0338569
3066	0 1	0.0973181 1.14012	0.00217691 0.0338157
3067	0 1	0.111319 1.13759	0.00218268 0.0338210
3068	0 1	0.100263 1.11772	0.00218716 0.0338166
3069	0 1	0.105980 1.12185	0.00218890 0.0338303
3070	0 1	0.100448 1.11793	0.00219063 0.0338645
3071	0 1	0.0932583 1.11762	0.00218476 0.0338975
3072	0 1	0.0971319 1.14168	0.00219907 0.0338701
3073	0 1	0.114104 1.13030	0.00220033 0.0339192
3074	0 1	0.0943840 1.10014	0.00219371 0.0339144
3075	0 1	0.100662 1.11555	0.00220993 0.0339259
3076	0 1	0.0959402 1.13007	0.00222460 0.0339294
3077	0 1	0.0906754 1.08704	0.00223401 0.0338849
3078	0 1	0.102136 1.10169	0.00225297 0.0339521
3079	0 1	0.106985 1.10820	0.00225612 0.0339329
3080	0 1	0.0920541 1.10562	0.00225323 0.0338528
3081	0 1	0.0993930 1.10877	0.00225799 0.0338777
3082	0 1	0.0959989 1.12230	0.00225227 0.0338589
3083	0 1	0.103347 1.13451	0.00227210 0.0338984
3084	0 1	0.100201 1.13164	0.00230620 0.0338978
3085	0 1	0.0834434 1.09750	0.00232056 0.0339075
3086	0 1	0.0993624 1.11901	0.00230985 0.0339026
3087	0 1	0.106242 1.12444	0.00231721 0.0339244
3088	0 1	0.100448 1.12692	0.00231870 0.0338849
3089	0 1	0.107973 1.14394	0.00233058 0.0339557
3090	0 1	0.0943577 1.09845	0.00235383 0.0339792
3091	0 1	0.0947895 1.11183	0.00235769 0.0339491
3092	0 1	0.103483 1.11316	0.00236940 0.0339526
3093	0 1	0.100926 1.12107	0.00237699 0.0339708
3094	0 1	0.104587 1.12332	0.00238930 0.0340000
3095	0 1	0.108542 1.14217	0.00239104 0.0340426
3096	0 1	0.103699 1.13148	0.00239990 0.0340368
3097	0 1	0.113249 1.13081	0.00238658 0.0340428
3098	0 1	0.0969753 1.12490	0.00240193 0.0340293
3099	0 1	0.100827 1.11107	0.00239375 0.0340328
3100	0 1	0.0999155 1.12492	0.00241869 0.0341241
3101	0 1	0.121048 1.13589	0.00240078 0.0340883
3102	0 1	0.102437 1.12364	0.00238616 0.0341191
3103	0 1	0.100420 1.11797	0.00236756 0.0340820
3104	0 1	0.0992477 1.11078	0.00235682 0.0340977
3105	0 1	0.0899755 1.09511	0.00237285 0.0340997
3106	0 1	0.110253 1.12596	0.00237925 0.0341432
3107	0 1	0.113264 1.12987	0.00238908 0.0341515
3108	0 1	0.0925322 1.09796	0.00238555 0.0341744
3109	0 1	0.107755 1.13773	0.00238062 0.0341917
3110	0 1	0.105488 1.13350	0.00239050 0.0342130
3111	0 1	0.106620 1.13527	0.00239323 0.0342228
3112	0 1	0.0871676 1.08803	0.00240108 0.0342061
3113	0 1	0.0997379 1.13874	0.00240633 0.0341778
3114	0 1	0.0998053 1.10615	0.00239437 0.0341793
3115	0 1	0.0953151 1.09102	0.00239720 0.0341790
3116	0 1	0.0979824 1.09975	0.00239952 0.0341888
3117	0 1	0.0867410 1.10513	0.00242048 0.0341372
3118	0 1	0.106186 1.12038	0.00243019 0.0341431
3119	0 1	0.0936924 1.09487	0.00242849 0.0341287
3120	0 1	0.0948581 1.10357	0.00241077 0.0341437
3121	0 1	0.0912556 1.09754	0.00239183 0.0341404
3122	0 1	0.0976770 1.12477	0.00239574 0.0341076
3123	0 1	0.101810 1.11629	0.00237378 0.0340255
3124	0 1	0.0922587 1.09828	0.00241855 0.0340099
3125	0 1	0.0864124 1.08635	0.00240475 0.0339912
3126	0 1	0.105907 1.12788	0.00240335 0.0340175
3127	0 1	0.0936959 1.08191	0.00239654 0.0340146
3128	0 1	0.0956329 1.10389	0.00237815 0.0339766
3129	0 1	0.112276 1.14278	0.00239326 0.0339510
3130	0 1	0.0950116 1.11128	0.00240914 0.0339797
3131	0 1	0.0884960 1.10671	0.00240233 0.0339917
3132	0 1	0.103061 1.11089	0.00238802 0.0340267
3133	0 1	0.105579 1.12004	0.00240355 0.0340240
3134	0 1	0.103852 1.13473	0.00241325 0.0340393
3135	0 1	0.0928748 1.08799	0.00239850 0.0340311
3136	0 1	0.110567 1.13776	0.00239038 0.0339608
3137	0 1	0.0970930 1.12169	0.00236443 0.0338569
3138	0 1	0.122692 1.14940	0.00235576 0.0338449
3139	0 1	0.105190 1.13214	0.00233229 0.0338623
3140	0 1	0.0970929 1.10555	0.00233399 0.0338652
3141	0 1	0.100710 1.11597	0.00233027 0.0339037
3142	0 1	0.105693 1.12740	0.00234376 0.0339298
3143	0 1	0.116546 1.13528	0.00233040 0.0339244
3144	0 1	0.0989070 1.08581	0.00232316 0.0339404
3145	0 1	0.103899 1.12780	0.00234461 0.0339530
3146	0 1	0.0978186 1.09762	0.00231519 0.0339490
3147	0 1	0.0964404 1.10762	0.00230012 0.0338992
3148	0 1	0.109552 1.14078	0.00231778 0.0338943
3149	0 1	0.106987 1.12842	0.00231741 0.0338793
3150	0 1	0.0970975 1.10931	0.00231571 0.0338574
3151	0 1	0.108106 1.11904	0.00229761 0.0338343
3152	0 1	0.0947970 1.10951	0.00229536 0.0337881
3153	0 1	0.110548 1.12471	0.00229213 0.0337788
3154	0 1	0.0977368 1.11735	0.00229642 0.0337470
3155	0 1	0.0964347 1.11402	0.00227148 0.0336868
3156	0 1	0.0902682 1.09017	0.00226792 0.0336950
3157	0 1	0.0995553 1.09774	0.00225389 0.0336984
3158	0 1	0.116200 1.15048	0.00225571 0.0337342
3159	0 1	0.0941978 1.10184	0.00227469 0.0337598
3160	0 1	0.0961658 1.08676	0.00227686 0.0337385
3161	0 1	0.104121 1.11132	0.00228804 0.0337803
3162	0 1	0.117473 1.12969	0.00228305 0.0337725
3163	0 1	0.110204 1.13278	0.00226298 0.0337431
3164	0 1	0.0924911 1.09446	0.00226716 0.0336988
3165	0 1	0.107196 1.12400	0.00226880 0.0337096
3166	0 1	0.101805 1.11275	0.00226452 0.0337486
3167	0 1	0.103519 1.10751	0.00227238 0.0337804
3168	0 1	0.104776 1.12180	0.00226571 0.0338179
3169	0 1	0.0804640 1.07329	0.00226109 0.0338237
3170	0 1	0.0916141 1.09329	0.00225466 0.0338089
3171	0 1	0.103980 1.09788	0.00226708 0.0338383
3172	0 1	0.100871 1.10475	0.00226611 0.0338528
3173	0 1	0.110768 1.13017	0.00227194 0.0338752
3174	0 1	0.0890133 1.08752	0.00229704 0.0339704
3175	0 1	0.0934466 1.08646	0.00230373 0.0339607
3176	0 1	0.100270 1.11347	0.00229383 0.0338831
3177	0 1	0.106553 1.11469	0.00228604 0.0338923
3178	0 1	0.109727 1.12987	0.00226776 0.0338945
3179	0 1	0.0914052 1.08873	0.00227963 0.0338868
3180	0 1	0.112784 1.13069	0.00226530 0.0338684
3181	0 1	0.101779 1.10726	0.00222484 0.0339032
3182	0 1	0.100967 1.12624	0.00223405 0.0338993
3183	0 1	0.110202 1.11977	0.00223182 0.0339199
3184	0 1	0.0983606 1.10844	0.00222165 0.0338811
3185	0 1	0.106111 1.13443	0.00221434 0.0339098
3186	0 1	0.104493 1.10426	0.00222213 0.0339339
3187	0 1	0.112514 1.13395	0.00220867 0.0339533
3188	0 1	0.105621 1.09569	0.00218830 0.0339479
3189	0 1	0.0976176 1.12126	0.00218050 0.0339553
3190	0 1	0.0893582 1.08435	0.00215340 0.0339186
3191	0 1	0.102879 1.11262	0.00216138 0.0340342
3192	0 1	0.0982550 1.09317	0.00213266 0.0339562
3193	0 1	0.0951371 1.09857	0.00211534 0.0339460
3194	0 1	0.106580 1.12705	0.00210506 0.0339304
3195	0 1	0.102382 1.09220	0.00208856 0.0338717
3196	0 1	0.104384 1.12628	0.00212017 0.0338535
3197	0 1	0.0982770 1.10411	0.00212228 0.0338773
3198	0 1	0.109423 1.11243	0.00214213 0.0338512
3199	0 1	0.0885634 1.10634	0.00215444 0.0338851
3200	0 1	0.103810 1.11358	0.00212608 0.0338677
3201	0 1	0.106321 1.13387	0.00213939 0.0338956
3202	0 1	0.103037 1.12059	0.00213889 0.0338448
3203	0 1	0.0987142 1.11534	0.00213789 0.0338098
3204	0 1	0.102183 1.11813	0.00215933 0.0338117
3205	0 1	0.0985079 1.12789	0.00216115 0.0338587
3206	0 1	0.110881 1.14541	0.00217048 0.0338681
3207	0 1	0.104201 1.11406	0.00217691 0.0338458
3208	0 1	0.107295 1.12257	0.00219159 0.0338615
3209	0 1	0.0957051 1.11157	0.00219929 0.0338916
3210	0 1	0.0904853 1.09852	0.00217449 0.0338569
3211	0 1	0.100259 1.10431	0.00218632 0.0338538
3212	0 1	0.104242 1.12209	0.00218985 0.0338540
3213	0 1	0.104763 1.11601	0.00218387 0.0339135
3214	0 1	0.113688 1.13755	0.00218587 0.0338684
3215	0 1	0.111993 1.12824	0.00217589 0.0338440
3216	0 1	0.113236 1.14523	0.00217577 0.0337839
3217	0 1	0.0984024 1.10543	0.00218441 0.0338028
3218	0 1	0.0941621 1.08540	0.00216487 0.0338263
3219	0 1	0.0922501 1.10316	0.00218162 0.0338887
3220	0 1	0.0873152 1.11213	0.00216730 0.0338477
3221	0 1	0.117626 1.12545	0.00215206 0.0338350
3222	0 1	0.0951627 1.11525	0.00218072 0.0338541
3223	0 1	0.100749 1.12487	0.00217463 0.0338253
3224	0 1	0.0965484 1.11338	0.00216913 0.0337937
3225	0 1	0.0959888 1.10640	0.00217939 0.0338009
3226	0 1	0.105671 1.10352	0.00217189 0.0337847
3227	0 1	0.100353 1.11994	0.00217515 0.0337926
3228	0 1	0.0998125 1.12707	0.00217594 0.0337244
3229	0 1	0.0915387 1.08872	0.00217660 0.0336633
3230	0 1	0.104425 1.13353	0.00217043 0.0336036
3231	0 1	0.0884270 1.08311	0.00218540 0.0336469
3232	0 1	0.0950518 1.08006	0.00219178 0.0336532
3233	0 1	0.0981930 1.10892	0.00219577 0.0336774
3234	0 1	0.0975700 1.10957	0.00216953 0.0336681
3235	0 1	0.103682 1.10890	0.00216044 0.0336504
3236	0 1	0.0951776 1.08051	0.00216399 0.0336755
3237	0 1	0.0995300 1.11810	0.00216491 0.0337141
3238	0 1	0.0949206 1.11037	0.00216942 0.0337006
3239	0 1	0.0964148 1.10214	0.00215286 0.0336546
3240	0 1	0.0897812 1.10456	0.00217186 0.0336498
3241	0 1	0.104964 1.11924	0.00215764 0.0335560
3242	0 1	0.111763 1.12980	0.00216712 0.0335941
3243	0 1	0.106778 1.13018	0.00215154 0.0335743
3244	0 1	0.0860041 1.08886	0.00215970 0.0336079
3245	0 1	0.0963537 1.09859	0.00216174 0.0335685
3246	0 1	0.108346 1.12175	0.00216968 0.0336037
3247	0 1	0.0951943 1.10101	0.00216998 0.0335910
3248	0 1	0.111490 1.14149	0.00216315 0.0335727
3249	0 1	0.0915286 1.10617	0.00217731 0.0336195
3250	0 1	0.101100 1.11694	0.00220723 0.0336449
3251	0 1	0.109069 1.12209	0.00219877 0.0336019
3252	0 1	0.0983440 1.09603	0.00218553 0.0336348
3253	0 1	0.105188 1.12396	0.00217132 0.0336072
3254	0 1	0.0867452 1.09687	0.00217028 0.0335433
3255	0 1	0.0916072 1.08393	0.00216433 0.0335598
3256	0 1	0.0977942 1.10571	0.00214695 0.0334988
3257	0 1	0.0913540 1.10655	0.00214991 0.0334598
3258	0 1	0.106684 1.11498	0.00215175 0.0334671
3259	0 1	0.0971312 1.11066	0.00216086 0.0334858
3260	0 1	0.100261 1.11597	0.00216533 0.0335218
3261	0 1	0.100931 1.09667	0.00215912 0.0335469
3262	0 1	0.0942915 1.10612	0.00216206 0.0334710
3263	0 1	0.0953781 1.08958	0.00215319 0.0333711
3264	0 1	0.109813 1.14168	0.00214961 0.0333699
3265	0 1	0.103388 1.11875	0.00215234 0.0333852
3266	0 1	0.106359 1.13619	0.00215595 0.0334000
3267	0 1	0.108592 1.12827	0.00215257 0.0333995
3268	0 1	0.107346 1.13039	0.00215218 0.0333459
3269	0 1	0.100912 1.11616	0.00216353 0.0333387
3270	0 1	0.0961198 1.09696	0.00217265 0.0333302
3271	0 1	0.0903960 1.08747	0.00216228 0.0333568
3272	0 1	0.0910449 1.09205	0.00216311 0.0333447
3273	0 1	0.116536 1.13541	0.00216958 0.0333886
3274	0 1	0.0996650 1.10537	0.00218181 0.0334408
3275	0 1	0.108414 1.13240	0.00218776 0.0334335
3276	0 1	0.101218 1.12451	0.00219508 0.0334784
3277	0 1	0.109052 1.13850	0.00220471 0.0334842
3278	0 1	0.0961018 1.08657	0.00222866 0.0335066
3279	0 1	0.107611 1.12336	0.00220630 0.0334669
3280	0 1	0.0937536 1.10725	0.00221997 0.0334909
3281	0 1	0.102174 1.11120	0.00222208 0.0334669
3282	0 1	0.0965723 1.10511	0.00223227 0.0335179
3283	0 1	0.105510 1.13501	0.00223578 0.0335017
3284	0 1	0.0999354 1.12626	0.00225370 0.0334708
3285	0 1	0.100453 1.10543	0.00225390 0.0334912
3286	0 1	0.119814 1.15019	0.00225682 0.0334905
3287	0 1	0.0983800 1.10220	0.00224948 0.0334619
3288	0 1	0.104727 1.12589	0.00225954 0.0334807
3289	0 1	0.0898793 1.08653	0.00227883 0.0335581
3290	0 1	0.105047 1.13256	0.00228855 0.0335367
3291	0 1	0.0940072 1.08420	0.00229080 0.0335199
3292	0 1	0.101565 1.11511	0.00229022 0.0335288
3293	0 1	0.0988668 1.12179	0.00225998 0.0335269
3294	0 1	0.103505 1.11678	0.00231081 0.0335526
3295	0 1	0.111551 1.13137	0.00231243 0.0334946
3296	0 1	0.100624 1.13184	0.00233930 0.0335440
3297	0 1	0.111510 1.12996	0.00229684 0.0334858
3298	0 1	0.102305 1.09765	0.00227216 0.0334375
3299	0 1	0.105171 1.12282	0.00227920 0.0335182
3300	0 1	0.102967 1.11657	0.00226859 0.0335150
3301	0 1	0.102085 1.10458	0.00223932 0.0335054
3302	0 1	0.105951 1.12127	0.00223861 0.0335095
3303	0 1	0.0995575 1.11967	0.00224821 0.0335268
3304	0 1	0.101430 1.11626	0.00224123 0.0334964
3305	0 1	0.0954752 1.09561	0.00224579 0.0335230
3306	0 1	0.0889658 1.09291	0.00222791 0.0334764
3307	0 1	0.0909092 1.07692	0.00223802 0.0335204
3308	0 1	0.0887452 1.08628	0.00225034 0.0335218
3309	0 1	0.0937814 1.09956	0.00224144 0.0334945
3310	0 1	0.108570 1.13613	0.00227043 0.0335231
3311	0 1	0.102378 1.11608	0.00224277 0.0334907
3312	0 1	0.107141 1.11798	0.00223453 0.0334999
3313	0 1	0.0977204 1.09904	0.00223394 0.0335323
3314	0 1	0.0967349 1.11743	0.00223243 0.0334608
3315	0 1	0.104503 1.10034	0.00224369 0.0334306
3316	0 1	0.103128 1.11210	0.00222764 0.0334226
3317	0 1	0.0978285 1.09575	0.00222112 0.0334356
3318	0 1	0.0974681 1.10972	0.00225275 0.0334351
3319	0 1	0.0949433 1.09442	0.00221676 0.0333953
3320	0 1	0.116745 1.12739	0.00221994 0.0334183
3321	0 1	0.100147 1.10884	0.00223672 0.0334789
3322	0 1	0.103244 1.12627	0.00225768 0.0335221
3323	0 1	0.0961484 1.10771	0.00224434 0.0334419
3324	0 1	0.103323 1.09935	0.00224303 0.0334274
3325	0 1	0.102091 1.12855	0.00224859 0.0334873
3326	0 1	0.104921 1.11865	0.00226319 0.0335210
3327	0 1	0.0941615 1.07501	0.00223683 0.0335097
3328	0 1	0.0969234 1.11755	0.00220845 0.0334305
3329	0 1	0.110997 1.14031	0.00219291 0.0333660
3330	0 1	0.102313 1.12125	0.00220603 0.0333495
3331	0 1	0.0891840 1.07475	0.00221018 0.0333181
3332	0 1	0.102636 1.09726	0.00220173 0.0332990
3333	0 1	0.103555 1.11083	0.00220710 0.0332713
3334	0 1	0.107774 1.11696	0.00220806 0.0332661
3335	0 1	0.100189 1.08370	0.00219910 0.0332871
3336	0 1	0.102644 1.09603	0.00218242 0.0332871
3337	0 1	0.0998734 1.10460	0.00214990 0.0331863
3338	0 1	0.0934624 1.09242	0.00213754 0.0331959
3339	0 1	0.0992071 1.12221	0.00215794 0.0332083
3340	0 1	0.0919150 1.09326	0.00216504 0.0331913
3341	0 1	0.0866564 1.09705	0.00216530 0.0332429
3342	0 1	0.104360 1.13038	0.00214841 0.0332187
3343	0 1	0.103376 1.09546	0.00213311 0.0332223
3344	0 1	0.111321 1.11287	0.00212289 0.0332220
3345	0 1	0.0990774 1.11198	0.00214809 0.0332547
3346	0 1	0.108205 1.11753	0.00213389 0.0332271
3347	0 1	0.0994757 1.08942	0.00211965 0.0332456
3348	0 1	0.103500 1.11478	0.00213007 0.0332740
3349	0 1	0.102831 1.12049	0.00214031 0.0332797
3350	0 1	0.0990121 1.12860	0.00217379 0.0333002
3351	0 1	0.106690 1.10436	0.00217628 0.0333728
3352	0 1	0.0981357 1.10753	0.00217342 0.0333714
3353	0 1	0.0928519 1.09956	0.00217735 0.0333813
3354	0 1	0.100373 1.12546	0.00218594 0.0334180
3355	0 1	0.105312 1.11278	0.00216367 0.0333331
3356	0 1	0.109652 1.13444	0.00214348 0.0333039
3357	0 1	0.109238 1.12426	0.00214856 0.0333125
3358	0 1	0.0970589 1.10079	0.00215521 0.0333702
3359	0 1	0.0892058 1.10242	0.00217265 0.0333719
3360	0 1	0.0944213 1.10126	0.00217268 0.0333742
3361	0 1	0.108077 1.13880	0.00215988 0.0333106
3362	0 1	0.0992646 1.12088	0.00216851 0.0333224
3363	0 1	0.100784 1.11910	0.00217187 0.0333487
3364	0 1	0.104244 1.12418	0.00218088 0.0333458
3365	0 1	0.0966402 1.11246	0.00219522 0.0334163
3366	0 1	0.101766 1.09972	0.00217922 0.0333548
3367	0 1	0.108847 1.11948	0.00216462 0.0333386
3368	0 1	0.0924750 1.10626	0.00217021 0.0333401
3369	0 1	0.110004 1.12252	0.00217558 0.0333730
3370	0 1	0.108660 1.14423	0.00220160 0.0334391
3371	0 1	0.100602 1.11136	0.00220236 0.0334537
3372	0 1	0.0924673 1.10357	0.00223476 0.0335155
3373	0 1	0.105250 1.11936	0.00222446 0.0334972
3374	0 1	0.106777 1.13197	0.00220167 0.0334504
3375	0 1	0.103368 1.13031	0.00221340 0.0334407
3376	0 1	0.101446 1.11161	0.00220257 0.0334580
3377	0 1	0.116417 1.12341	0.00217744 0.0334006
3378	0 1	0.105789 1.13754	0.00217726 0.0333346
3379	0 1	0.0924663 1.08826	0.00217273 0.0333450
3380	0 1	0.111576 1.14432	0.00215493 0.0333117
3381	0 1	0.0994812 1.12062	0.00213881 0.0332934
3382	0 1	0.0990318 1.11260	0.00215807 0.0332627
3383	0 1	0.101106 1.12894	0.00216174 0.0332508
3384	0 1	0.106988 1.13454	0.00215931 0.0332381
3385	0 1	0.111368 1.13822	0.00216378 0.0332797
3386	0 1	0.110335 1.14247	0.00214141 0.0332103
3387	0 1	0.0856804 1.09135	0.00215675 0.0332163
3388	0 1	0.0993874 1.12053	0.00216942 0.0332070
3389	0 1	0.0928575 1.09767	0.00217222 0.0332064
3390	0 1	0.105819 1.10325	0.00218262 0.0332300
3391	0 1	0.0986386 1.09478	0.00217573 0.0332248
3392	0 1	0.0919874 1.08634	0.00215143 0.0332494
3393	0 1	0.122574 1.14221	0.00214284 0.0332178
3394	0 1	0.109778 1.14587	0.00216495 0.0332870
3395	0 1	0.108739 1.12301	0.00217149 0.0333144
3396	0 1	0.100269 1.09365	0.00217015 0.0333600
3397	0 1	0.0848451 1.09153	0.00218073 0.0333666
3398	0 1	0.111532 1.14639	0.00218169 0.0333516
3399	0 1	0.0978243 1.08866	0.00218680 0.0333262
3400	0 1	0.106968 1.11310	0.00218712 0.0333263
3401	0 1	0.103761 1.11435	0.00220010 0.0332715
3402	0 1	0.104696 1.13063	0.00220114 0.0332428
3403	0 1	0.101474 1.11315	0.00220864 0.0332706
3404	0 1	0.0965637 1.10917	0.00220882 0.0333173
3405	0 1	0.113356 1.12845	0.00218478 0.0332730
3406	0 1	0.0876021 1.10605	0.00217933 0.0332140
3407	0 1	0.106772 1.12193	0.00217020 0.0332297
3408	0 1	0.0929159 1.09991	0.00217616 0.0332322
3409	0 1	0.0986802 1.10291	0.00218018 0.0332482
3410	0 1	0.106669 1.13521	0.00220170 0.0332677
3411	0 1	0.0934567 1.11351	0.00220524 0.0333088
3412	0 1	0.114748 1.13248	0.00223132 0.0333470
3413	0 1	0.100548 1.10894	0.00222455 0.0333505
3414	0 1	0.100910 1.11234	0.00221101 0.0333232
3415	0 1	0.0950016 1.10528	0.00221127 0.0333456
3416	0 1	0.104639 1.10948	0.00221678 0.0333549
3417	0 1	0.112815 1.13597	0.00224456 0.0333563
3418	0 1	0.104650 1.10634	0.00225318 0.0333805
3419	0 1	0.114038 1.13534	0.00222942 0.0333783
3420	0 1	0.106075 1.11359	0.00223688 0.0333496
3421	0 1	0.0971314 1.10381	0.00222640 0.0332919
3422	0 1	0.101620 1.13184	0.00222308 0.0333195
3423	0 1	0.111339 1.12045	0.00223136 0.0333424
3424	0 1	0.101470 1.12310	0.00224654 0.0333464
3425	0 1	0.101365 1.10680	0.00221595 0.0332955
3426	0 1	0.0988813 1.11924	0.00221458 0.0332687
3427	0 1	0.100652 1.11623	0.00221874 0.0333167
3428	0 1	0.106147 1.11614	0.00222637 0.0333396
3429	0 1	0.0979813 1.11637	0.00221783 0.0332921
3430	0 1	0.104324 1.11295	0.00219845 0.0332969
3431	0 1	0.105595 1.13514	0.00218828 0.0333015
3432	0 1	0.0929769 1.10148	0.00220325 0.0333358
3433	0 1	0.106563 1.10943	0.00221233 0.0333274
3434	0 1	0.104616 1.10677	0.00223494 0.0333373
3435	0 1	0.0977002 1.12018	0.00224649 0.0332818
3436	0 1	0.0985780 1.11569	0.00224753 0.0333222
3437	0 1	0.0972900 1.12279	0.00226738 0.0333497
3438	0 1	0.108659 1.12590	0.00227614 0.0332959
3439	0 1	0.0991164 1.12502	0.00230342 0.0333563
3440	0 1	0.103870 1.11479	0.00233060 0.0333992
3441	0 1	0.0962602 1.10658	0.00233956 0.0334258
3442	0 1	0.103939 1.12639	0.00232673 0.0334404
3443	0 1	0.0948240 1.08575	0.00234712 0.0334626
3444	0 1	0.118316 1.15537	0.00235026 0.0334793
3445	0 1	0.0904101 1.08422	0.00232670 0.0334447
3446	0 1	0.101236 1.11202	0.00231937 0.0334639
3447	0 1	0.106035 1.13236	0.00227566 0.0334129
3448	0 1	0.122394 1.13079	0.00225760 0.0333562
3449	0 1	0.109207 1.11994	0.00227781 0.0334078
3450	0 1	0.0980147 1.11036	0.00227481 0.0334322
3451	0 1	0.105050 1.10913	0.00226116 0.0334192
3452	0 1	0.107831 1.12290	0.00224271 0.0333896
3453	0 1	0.101071 1.09629	0.00226039 0.0334382
3454	0 1	0.108913 1.11903	0.00223655 0.0333868
3455	0 1	0.0936511 1.09244	0.00221651 0.0333444
3456	0 1	0.102336 1.10445	0.00221166 0.0333066
3457	0 1	0.100231 1.09905	0.00219973 0.0332850
3458	0 1	0.114319 1.15904	0.00219640 0.0332522
3459	0 1	0.109287 1.12651	0.00220039 0.0332592
3460	0 1	0.0999090 1.10811	0.00219558 0.0331770
3461	0 1	0.106569 1.11745	0.00215800 0.0331336
3462	0 1	0.0991802 1.09596	0.00215014 0.0331042
3463	0 1	0.0996841 1.11461	0.00213310 0.0330147
3464	0 1	0.116843 1.14239	0.00213781 0.0330349
3465	0 1	0.0887101 1.09589	0.00214235 0.0330443
3466	0 1	0.112038 1.13316	0.00215685 0.0329971
3467	0 1	0.104118 1.11922	0.00215577 0.0329831
3468	0 1	0.0996314 1.10688	0.00215024 0.0329532
3469	0 1	0.119152 1.12518	0.00215830 0.0330409
3470	0 1	0.0982547 1.08757	0.00214626 0.0330609
3471	0 1	0.108372 1.12552	0.00213514 0.0331076
3472	0 1	0.110512 1.14409	0.00212912 0.0331383
3473	0 1	0.108932 1.11605	0.00214599 0.0331374
3474	0 1	0.0919920 1.10351	0.00214250 0.0330856
3475	0 1	0.102292 1.12435	0.00214000 0.0331009
3476	0 1	0.117476 1.13922	0.00212984 0.0330676
3477	0 1	0.110412 1.12200	0.00216388 0.0331071
3478	0 1	0.0934190 1.10399	0.00216045 0.0331273
3479	0 1	0.0952451 1.12373	0.00215870 0.0331705
3480	0 1	0.117020 1.12965	0.00214575 0.0331440
3481	0 1	0.117573 1.14220	0.00215270 0.0331446
3482	0 1	0.111475 1.13115	0.00215785 0.0331241
3483	0 1	0.107182 1.12597	0.00216546 0.0331589
3484	0 1	0.103820 1.11003	0.00214556 0.0331693
3485	0 1	0.0967957 1.11161	0.00215034 0.0331287
3486	0 1	0.0998156 1.11673	0.00214410 0.0330891
3487	0 1	0.106697 1.12737	0.00216019 0.0330968
3488	0 1	0.0951509 1.08793	0.00215101 0.0330994
3489	0 1	0.100898 1.11319	0.00216397 0.0331104
3490	0 1	0.105685 1.13803	0.00216742 0.0331182
3491	0 1	0.106454 1.13087	0.00216417 0.0331021
3492	0 1	0.0924174 1.10952	0.00218720 0.0331354
3493	0 1	0.111961 1.12895	0.00218928 0.0331200
3494	0 1	0.0968901 1.10796	0.00220206 0.0331419
3495	0 1	0.120819 1.12874	0.00220582 0.0331746
3496	0 1	0.0988158 1.10372	0.00219163 0.0332762
3497	0 1	0.0947330 1.09838	0.00219172 0.0332115
3498	0 1	0.108859 1.14466	0.00219713 0.0332315
3499	0 1	0.0887665 1.09582	0.00220183 0.0332774
3500	0 1	0.0922925 1.10549	0.00220897 0.0332905
3501	0 1	0.0995462 1.10105	0.00221889 0.0333424
3502	0 1	0.103757 1.11685	0.00222223 0.0333758
3503	0 1	0.0974355 1.11819	0.00222729 0.0333295
3504	0 1	0.0996788 1.11132	0.00223180 0.0332974
3505	0 1	0.103689 1.12651	0.00224004 0.0333117
3506	0 1	0.101808 1.11995	0.00225244 0.0333546
3507	0 1	0.105515 1.12796	0.00223028 0.0332894
3508	0 1	0.103412 1.11720	0.00220809 0.0332648
3509	0 1	0.100052 1.11485	0.00218456 0.0331921
3510	0 1	0.100405 1.11040	0.00218200 0.0331988
3511	0 1	0.109337 1.11793	0.00220483 0.0331768
3512	0 1	0.0995183 1.10814	0.00218819 0.0331599
3513	0 1	0.0988017 1.11736	0.00221149 0.0331527
3514	0 1	0.122406 1.14983	0.00220869 0.0331956
3515	0 1	0.0878605 1.09414	0.00220978 0.0331466
3516	0 1	0.107831 1.13247	0.00222319 0.0331263
3517	0 1	0.100256 1.12124	0.00222363 0.0331241
3518	0 1	0.114332 1.13688	0.00221254 0.0331398
3519	0 1	0.122581 1.15865	0.00221983 0.0331314
3520	0 1	0.0998336 1.10068	0.00219067 0.0330799
3521	0 1	0.108851 1.12248	0.00217691 0.0331125
3522	0 1	0.109597 1.12092	0.00218648 0.0330890
3523	0 1	0.101342 1.09883	0.00216943 0.0330370
3524	0 1	0.0945716 1.10139	0.00218200 0.0330560
3525	0 1	0.108876 1.12573	0.00217805 0.0331167
3526	0 1	0.100923 1.13475	0.00219060 0.0331446
3527	0 1	0.106399 1.11284	0.00219492 0.0331180
3528	0 1	0.0946039 1.10071	0.00218867 0.0331124
3529	0 1	0.108607 1.12207	0.00219324 0.0331120
3530	0 1	0.101865 1.09075	0.00220848 0.0331350
3531	0 1	0.117538 1.14330	0.00219640 0.0331418
3532	0 1	0.105360 1.12413	0.00217268 0.0330897
3533	0 1	0.100839 1.10048	0.00217115 0.0330768
3534	0 1	0.111019 1.13111	0.00215772 0.0331019
3535	0 1	0.106631 1.12239	0.00215103 0.0330808
3536	0 1	0.100261 1.12795	0.00215106 0.0330599
3537	0 1	0.0969299 1.08183	0.00214171 0.0330358
3538	0 1	0.102782 1.12629	0.00216768 0.0330525
3539	0 1	0.115808 1.13856	0.00216113 0.0330583
3540	0 1	0.110027 1.13403	0.00214108 0.0329988
3541	0 1	0.0981184 1.09932	0.00213828 0.0329841
3542	0 1	0.0887477 1.09121	0.00216521 0.0330350
3543	0 1	0.0977252 1.11968	0.00216202 0.0330353
3544	0 1	0.0997151 1.11426	0.00216581 0.0330472
3545	0 1	0.0974694 1.09827	0.00215996 0.0330946
3546	0 1	0.0927804 1.11250	0.00218595 0.0331170
3547	0 1	0.0966570 1.09400	0.00218018 0.0330826
3548	0 1	0.0969594 1.11520	0.00218981 0.0331070
3549	0 1	0.0922345 1.09867	0.00218229 0.0330854
3550	0 1	0.116740 1.13698	0.00219145 0.0330834
3551	0 1	0.0923804 1.08807	0.00219361 0.0330736
3552	0 1	0.0906572 1.07499	0.00219353 0.0330498
3553	0 1	0.103660 1.09796	0.00220399 0.0330779
3554	0 1	0.111061 1.12288	0.00221418 0.0331055
3555	0 1	0.0946794 1.11475	0.00222508 0.0331823
3556	0 1	0.114493 1.14895	0.00221769 0.0331145
3557	0 1	0.105906 1.11762	0.00221664 0.0331704
3558	0 1	0.106809 1.11777	0.00223935 0.0331839
3559	0 1	0.0961706 1.11177	0.00224964 0.0332581
3560	0 1	0.105102 1.11202	0.00226665 0.0332937
3561	0 1	0.0965560 1.10280	0.00224307 0.0332905
3562	0 1	0.101800 1.10680	0.00221819 0.0332304
3563	0 1	0.109973 1.12173	0.00221350 0.0332651
3564	0 1	0.104999 1.12572	0.00221591 0.0332416
3565	0 1	0.104297 1.12172	0.00223389 0.0332388
3566	0 1	0.111337 1.11967	0.00222966 0.0332470
3567	0 1	0.101350 1.10615	0.00222580 0.0332364
3568	0 1	0.101399 1.13006	0.00224241 0.0333173
3569	0 1	0.0906133 1.09639	0.00222681 0.0333149
3570	0 1	0.113358 1.13841	0.00223343 0.0332965
3571	0 1	0.0973242 1.12521	0.00222992 0.0332541
3572	0 1	0.122609 1.14868	0.00221692 0.0331793
3573	0 1	0.0925345 1.08580	0.00221886 0.0331859
3574	0 1	0.109704 1.12619	0.00222648 0.0332002
3575	0 1	0.115760 1.12934	0.00222831 0.0331558
3576	0 1	0.0881729 1.08568	0.00222346 0.0331909
3577	0 1	0.103048 1.12265	0.00224038 0.0331974
3578	0 1	0.100551 1.13114	0.00222909 0.0331919
3579	0 1	0.101764 1.11363	0.00223115 0.0332078
3580	0 1	0.0989675 1.11387	0.00222609 0.0331607
3581	0 1	0.116275 1.12532	0.00223562 0.0331631
3582	0 1	0.0972773 1.11261	0.00223341 0.0331161
3583	0 1	0.100717 1.11923	0.00225523 0.0331519
3584	0 1	0.0834014 1.09524	0.00228371 0.0331954
3585	0 1	0.0991126 1.11075	0.00229054 0.0331735
3586	0 1	0.107623 1.12851	0.00226119 0.0330848
3587	0 1	0.0997895 1.11662	0.00226782 0.0331291
3588	0 1	0.101713 1.13967	0.00224917 0.0331590
3589	0 1	0.100719 1.11390	0.00224548 0.0331645
3590	0 1	0.0997487 1.09958	0.00223383 0.0331943
3591	0 1	0.103964 1.10818	0.00222610 0.0331312
3592	0 1	0.0975027 1.09941	0.00221365 0.0331295
3593	0 1	0.105487 1.10148	0.00220826 0.0331377
3594	0 1	0.0990820 1.12392	0.00219936 0.0331308
3595	0 1	0.0851378 1.08458	0.00219754 0.0331430
3596	0 1	0.0962087 1.09337	0.00219353 0.0331160
3597	0 1	0.115569 1.14842	0.00216718 0.0330753
3598	0 1	0.111092 1.13298	0.00219173 0.0330612
3599	0 1	0.0905378 1.08995	0.00220720 0.0330643
3600	0 1	0.104738 1.11768	0.00218632 0.0330524
3601	0 1	0.0903669 1.08442	0.00219925 0.0330669
3602	0 1	0.104340 1.13463	0.00220770 0.0330097
3603	0 1	0.111579 1.12880	0.00221295 0.0330013
3604	0 1	0.107879 1.11849	0.00220681 0.0330222
3605	0 1	0.0971420 1.10386	0.00220616 0.0330424
3606	0 1	0.105408 1.13795	0.00221089 0.0330365
3607	0 1	0.0954755 1.10127	0.00222737 0.0330939
3608	0 1	0.100380 1.11208	0.00221816 0.0331278
3609	0 1	0.104665 1.12638	0.00222043 0.0331131
3610	0 1	0.0955711 1.09325	0.00221276 0.0330874
3611	0 1	0.102934 1.12332	0.00221256 0.0330925
3612	0 1	0.109341 1.12495	0.00220232 0.0330655
3613	0 1	0.105207 1.12049	0.00219744 0.0330187
3614	0 1	0.0950340 1.09986	0.00219636 0.0329855
3615	0 1	0.105157 1.12996	0.00219519 0.0329566
3616	0 1	0.105257 1.09865	0.00217687 0.0329422
3617	0 1	0.0919666 1.09687	0.00219920 0.0329584
3618	0 1	0.0887522 1.08632	0.00219290 0.0329217
3619	0 1	0.0928155 1.09145	0.00219410 0.0329531
3620	0 1	0.0987713 1.10632	0.00219540 0.0329678
3621	0 1	0.0925671 1.10786	0.00219219 0.0329354
3622	0 1	0.101247 1.11760	0.00220097 0.0328924
3623	0 1	0.104971 1.11179	0.00216975 0.0328640
3624	0 1	0.106319 1.11904	0.00217040 0.0328511
3625	0 1	0.0886057 1.09068	0.00217142 0.0328485
3626	0 1	0.100072 1.11275	0.00215457 0.0328614
3627	0 1	0.0981587 1.10556	0.00215846 0.0328343
3628	0 1	0.0943525 1.11194	0.00215744 0.0328127
3629	0 1	0.107474 1.11564	0.00215985 0.0327865
3630	0 1	0.101372 1.09780	0.00215363 0.0327769
3631	0 1	0.115946 1.14335	0.00216513 0.0327930
3632	0 1	0.114084 1.12179	0.00216397 0.0327833
3633	0 1	0.0945402 1.10229	0.00215534 0.0327550
3634	0 1	0.103162 1.11617	0.00216773 0.0327906
3635	0 1	0.107058 1.11447	0.00214911 0.0328022
3636	0 1	0.103953 1.12325	0.00216143 0.0328361
3637	0 1	0.111194 1.13960	0.00217933 0.0328707
3638	0 1	0.0947781 1.09899	0.00218259 0.0328743
3639	0 1	0.107459 1.13276	0.00217514 0.0328940
3640	0 1	0.0996733 1.09411	0.00217856 0.0329116
3641	0 1	0.103374 1.10299	0.00218073 0.0328785
3642	0 1	0.114949 1.13168	0.00217682 0.0328715
3643	0 1	0.0960488 1.09844	0.00219096 0.0328871
3644	0 1	0.0916772 1.08500	0.00218806 0.0328914
3645	0 1	0.112932 1.12734	0.00218186 0.0328658
3646	0 1	0.108472 1.10362	0.00216958 0.0328946
3647	0 1	0.0862998 1.08460	0.00217132 0.0328147
3648	0 1	0.104239 1.12053	0.00216500 0.0328367
3649	0 1	0.105013 1.12916	0.00219109 0.0329055
3650	0 1	0.0959267 1.09619	0.00218845 0.0328770
3651	0 1	0.108212 1.10817	0.00219118 0.0329188
3652	0 1	0.106695 1.10081	0.00219078 0.0329136
3653	0 1	0.0963347 1.10623	0.00216215 0.0329274
3654	0 1	0.0981922 1.08983	0.00216609 0.0328815
3655	0 1	0.106617 1.10824	0.00216058 0.0328568
3656	0 1	0.0940094 1.09254	0.00211922 0.0328364
3657	0 1	0.105402 1.11987	0.00211263 0.0328196
3658	0 1	0.103236 1.09549	0.00210998 0.0328294
3659	0 1	0.103727 1.09987	0.00211805 0.0328549
3660	0 1	0.104785 1.12622	0.00210427 0.0328108
3661	0 1	0.0999869 1.10804	0.00211100 0.0328331
3662	0 1	0.104825 1.12446	0.00209667 0.0328402
3663	0 1	0.0994881 1.11977	0.00211505 0.0328249
3664	0 1	0.0998138 1.09377	0.00210534 0.0328188
3665	0 1	0.106048 1.13144	0.00210996 0.0327731
3666	0 1	0.114175 1.14578	0.00211362 0.0327723
3667	0 1	0.0945102 1.11745	0.00210297 0.0327737
3668	0 1	0.108882 1.13660	0.00209429 0.0328175
3669	0 1	0.0976687 1.09004	0.00208700 0.0328491
3670	0 1	0.113770 1.15102	0.00210360 0.0328776
3671	0 1	0.0920738 1.06355	0.00208926 0.0328109
3672	0 1	0.104969 1.13743	0.00208124 0.0327881
3673	0 1	0.0930105 1.08546	0.00208494 0.0328084
3674	0 1	0.101434 1.11076	0.00208799 0.0328321
3675	0 1	0.125918 1.15617	0.00208484 0.0329048
3676	0 1	0.115764 1.14981	0.00209306 0.0329131
3677	0 1	0.103486 1.13773	0.00209430 0.0329020
3678	0 1	0.107461 1.11669	0.00210150 0.0329158
3679	0 1	0.0997250 1.09759	0.00209187 0.0329261
3680	0 1	0.103756 1.13911	0.00208626 0.0328903
3681	0 1	0.110340 1.12565	0.00207215 0.0328702
3682	0 1	0.107611 1.11258	0.00205287 0.0328321
3683	0 1	0.113124 1.12393	0.00204341 0.0328112
3684	0 1	0.102175 1.10833	0.00203358 0.0328124
3685	0 1	0.106697 1.11994	0.00202066 0.0327882
3686	0 1	0.103219 1.11736	0.00200795 0.0327883
3687	0 1	0.0919487 1.08715	0.00201801 0.0328387
3688	0 1	0.108917 1.11544	0.00201391 0.0328893
3689	0 1	0.0894493 1.10198	0.00202285 0.0328943
3690	0 1	0.103252 1.12382	0.00203397 0.0328938
3691	0 1	0.0947384 1.07931	0.00203183 0.0329042
3692	0 1	0.104043 1.12893	0.00205515 0.0329340
3693	0 1	0.0900022 1.07332	0.00203901 0.0328847
3694	0 1	0.100810 1.11534	0.00205932 0.0328946
3695	0 1	0.108360 1.13489	0.00205042 0.0329299
3696	0 1	0.103475 1.12200	0.00205303 0.0329239
3697	0 1	0.108621 1.11600	0.00203966 0.0329440
3698	0 1	0.101787 1.12211	0.00202460 0.0329301
3699	0 1	0.105243 1.10612	0.00200313 0.0329251
3700	0 1	0.100318 1.12622	0.00199281 0.0328674
3701	0 1	0.0917779 1.10080	0.00199409 0.0328724
3702	0 1	0.100849 1.09978	0.00199903 0.0329111
3703	0 1	0.102378 1.12341	0.00200178 0.0329439
3704	0 1	0.103770 1.12879	0.00202208 0.0329674
3705	0 1	0.0966630 1.11105	0.00200739 0.0329331
3706	0 1	0.106816 1.10415	0.00196919 0.0329193
3707	0 1	0.108243 1.13413	0.00196430 0.0329425
3708	0 1	0.116284 1.13713	0.00197473 0.0328876
3709	0 1	0.0918881 1.09147	0.00197903 0.0329957
3710	0 1	0.0947661 1.09997	0.00197540 0.0330092
3711	0 1	0.0997917 1.10902	0.00197908 0.0330674
3712	0 1	0.108717 1.11203	0.00197453 0.0331390
3713	0 1	0.0980661 1.10864	0.00197439 0.0331232
3714	0 1	0.100724 1.10947	0.00197100 0.0331433
3715	0 1	0.105952 1.13072	0.00198108 0.0331256
3716	0 1	0.107195 1.10939	0.00197908 0.0331483
3717	0 1	0.108469 1.12245	0.00199022 0.0331039
3718	0 1	0.100660 1.10752	0.00200342 0.0331646
3719	0 1	0.0868239 1.10105	0.00200026 0.0331832
3720	0 1	0.0926493 1.09033	0.00200195 0.0331083
3721	0 1	0.105852 1.12110	0.00199607 0.0330647
3722	0 1	0.101096 1.10794	0.00202516 0.0330913
3723	0 1	0.0909145 1.09736	0.00205294 0.0331601
3724	0 1	0.116317 1.14459	0.00204513 0.0331602
3725	0 1	0.0950784 1.07826	0.00203568 0.0331896
3726	0 1	0.103389 1.13186	0.00203967 0.0331654
3727	0 1	0.0995790 1.11637	0.00205790 0.0332176
3728	0 1	0.0992550 1.12047	0.00205079 0.0331496
3729	0 1	0.0929361 1.09211	0.00204790 0.0331566
3730	0 1	0.106188 1.12249	0.00201603 0.0331632
3731	0 1	0.100888 1.13053	0.00201899 0.0332121
3732	0 1	0.102616 1.11166	0.00203063 0.0331888
3733	0 1	0.105797 1.08793	0.00200435 0.0331447
3734	0 1	0.103263 1.11994	0.00201864 0.0331256
3735	0 1	0.0896131 1.08771	0.00202428 0.0331546
3736	0 1	0.100168 1.10797	0.00204169 0.0332494
3737	0 1	0.112018 1.13473	0.00203290 0.0332266
3738	0 1	0.106344 1.11417	0.00205199 0.0332921
3739	0 1	0.0955310 1.10495	0.00207349 0.0332617
3740	0 1	0.0915221 1.08562	0.00205621 0.0332192
3741	0 1	0.104095 1.12685	0.00208303 0.0331965
3742	0 1	0.0931033 1.10065	0.00209539 0.0332452
3743	0 1	0.102295 1.12183	0.00208865 0.0332026
3744	0 1	0.0934122 1.11719	0.00210498 0.0332966
3745	0 1	0.0949897 1.09113	0.00210146 0.0333108
3746	0 1	0.0976889 1.13478	0.00211390 0.0333459
3747	0 1	0.105467 1.09415	0.00209370 0.0333232
3748	0 1	0.102210 1.09784	0.00207493 0.0332074
3749	0 1	0.102608 1.12450	0.00207706 0.0331779
3750	0 1	0.0918941 1.09403	0.00208099 0.0331839
3751	0 1	0.0889513 1.09049	0.00207106 0.0331503
3752	0 1	0.103219 1.09585	0.00207955 0.0331338
3753	0 1	0.0951233 1.10494	0.00210852 0.0331409
3754	0 1	0.115573 1.14361	0.00210521 0.0331521
3755	0 1	0.101781 1.12253	0.00211541 0.0331692
3756	0 1	0.0997716 1.11501	0.00214480 0.0331721
3757	0 1	0.109416 1.11342	0.00214710 0.0331869
3758	0 1	0.106253 1.13284	0.00215225 0.0331545
3759	0 1	0.0913185 1.09220	0.00214875 0.0331651
3760	0 1	0.0982876 1.12313	0.00214140 0.0331491
3761	0 1	0.100140 1.09734	0.00214466 0.0331401
3762	0 1	0.102583 1.12722	0.00213559 0.0331504
3763	0 1	0.111215 1.12429	0.00214765 0.0331911
3764	0 1	0.100025 1.10638	0.00214539 0.0331645
3765	0 1	0.103812 1.12331	0.00214108 0.0331889
3766	0 1	0.0987211 1.09411	0.00215560 0.0331873
3767	0 1	0.0954859 1.10376	0.00217278 0.0331801
3768	0 1	0.103486 1.11339	0.00217288 0.0332103
3769	0 1	0.110684 1.12047	0.00220514 0.0333064
3770	0 1	0.107805 1.13462	0.00222230 0.0333958
3771	0 1	0.0985263 1.11034	0.00225817 0.0334428
3772	0 1	0.104167 1.11759	0.00225259 0.0334401
3773	0 1	0.115471 1.13160	0.00224010 0.0334188
3774	0 1	0.103066 1.11408	0.00223692 0.0334160
3775	0 1	0.107930 1.13834	0.00224719 0.0334213
3776	0 1	0.0942840 1.10581	0.00223897 0.0334108
3777	0 1	0.0954475 1.09754	0.00224249 0.0334326
3778	0 1	0.111074 1.11206	0.00222979 0.0333741
3779	0 1	0.105506 1.11379	0.00222437 0.0333663
3780	0 1	0.103707 1.11608	0.00221278 0.0333858
3781	0 1	0.0909309 1.09023	0.00222279 0.0333807
3782	0 1	0.103180 1.10173	0.00221661 0.0333691
3783	0 1	0.105949 1.10921	0.00221660 0.0333860
3784	0 1	0.103649 1.10288	0.00222049 0.0334291
3785	0 1	0.114174 1.11847	0.00223781 0.0334407
3786	0 1	0.105395 1.12985	0.00223302 0.0334467
3787	0 1	0.111878 1.15440	0.00223522 0.0334388
3788	0 1	0.0989910 1.10808	0.00223967 0.0334421
3789	0 1	0.0982428 1.09176	0.00223890 0.0334271
3790	0 1	0.101982 1.10567	0.00226612 0.0334664
3791	0 1	0.0999571 1.10738	0.00224604 0.0334859
3792	0 1	0.0924926 1.08947	0.00224673 0.0334839
3793	0 1	0.0994885 1.09921	0.00224973 0.0334704
3794	0 1	0.0962259 1.09175	0.00225172 0.0334104
3795	0 1	0.0930999 1.09305	0.00225526 0.0334237
3796	0 1	0.0993687 1.10137	0.00226184 0.0334589
3797	0 1	0.0983138 1.11064	0.00224769 0.0334315
3798	0 1	0.0976950 1.09860	0.00226243 0.0334313
3799	0 1	0.100796 1.11024	0.00227373 0.0334879
3800	0 1	0.101115 1.09728	0.00226640 0.0334762
3801	0 1	0.0926762 1.10021	0.00222629 0.0333936
3802	0 1	0.108519 1.13021	0.00222450 0.0333489
3803	0 1	0.0974430 1.10475	0.00223962 0.0333516
3804	0 1	0.0866228 1.07273	0.00223998 0.0333674
3805	0 1	0.103947 1.10791	0.00223933 0.0333796
3806	0 1	0.0944744 1.08701	0.00225755 0.0334105
3807	0 1	0.0932827 1.08717	0.00224630 0.0333599
3808	0 1	0.103233 1.10851	0.00224226 0.0333579
3809	0 1	0.110461 1.12560	0.00226443 0.0334612
3810	0 1	0.107932 1.11542	0.00222832 0.0334016
3811	0 1	0.0952224 1.13648	0.00226019 0.0334285
3812	0 1	0.0994268 1.10160	0.00226804 0.0334239
3813	0 1	0.113710 1.12768	0.00224663 0.0333890
3814	0 1	0.0986379 1.10600	0.00223192 0.0334104
3815	0 1	0.0989106 1.09423	0.00222695 0.0334360
3816	0 1	0.0964036 1.09603	0.00221303 0.0333686
3817	0 1	0.108918 1.12550	0.00223066 0.0334099
3818	0 1	0.0913328 1.10537	0.00225687 0.0334396
3819	0 1	0.113544 1.12003	0.00227460 0.0335166
3820	0 1	0.112547 1.12464	0.00228503 0.0335306
3821	0 1	0.0980599 1.11662	0.00224960 0.0334251
3822	0 1	0.104907 1.10410	0.00225076 0.0334038
3823	0 1	0.0914085 1.08418	0.00224791 0.0333808
3824	0 1	0.109522 1.12244	0.00223165 0.0333635
3825	0 1	0.101668 1.10249	0.00223366 0.0333737
3826	0 1	0.100300 1.10311	0.00225864 0.0334296
3827	0 1	0.0937448 1.08335	0.00228819 0.0334631
3828	0 1	0.110444 1.15231	0.00229098 0.0334831
3829	0 1	0.0982305 1.11344	0.00228180 0.0334963
3830	0 1	0.106600 1.12097	0.00230151 0.0334810
3831	0 1	0.103354 1.12968	0.00229655 0.0335368
3832	0 1	0.118124 1.15110	0.00229840 0.0335102
3833	0 1	0.104307 1.10111	0.00229639 0.0335039
3834	0 1	0.107790 1.11884	0.00229603 0.0335174
3835	0 1	0.100947 1.13353	0.00231649 0.0335599
3836	0 1	0.102191 1.11152	0.00229049 0.0335172
3837	0 1	0.0917618 1.10066	0.00228499 0.0335213
3838	0 1	0.106186 1.10518	0.00227741 0.0335436
3839	0 1	0.108930 1.14716	0.00226792 0.0335567
3840	0 1	0.0959950 1.09596	0.00225403 0.0334967
3841	0 1	0.0963565 1.10958	0.00225613 0.0335647
3842	0 1	0.0925528 1.08132	0.00224876 0.0335697
3843	0 1	0.105837 1.13139	0.00220763 0.0335455
3844	0 1	0.0976800 1.10462	0.00220759 0.0335352
3845	0 1	0.103051 1.11056	0.00219293 0.0335260
3846	0 1	0.104741 1.13879	0.00219503 0.0335278
3847	0 1	0.100515 1.11320	0.00219669 0.0334980
3848	0 1	0.0925318 1.09693	0.00221532 0.0335287
3849	0 1	0.0928797 1.08778	0.00221647 0.0335310
3850	0 1	0.0947766 1.09792	0.00219424 0.0335550
3851	0 1	0.103489 1.13118	0.00219914 0.0336070
3852	0 1	0.103768 1.12361	0.00220017 0.0336399
3853	0 1	0.0965936 1.11588	0.00219104 0.0335600
3854	0 1	0.104152 1.12707	0.00219992 0.0335320
3855	0 1	0.0977361 1.09000	0.00218818 0.0335575
3856	0 1	0.109989 1.14296	0.00218465 0.0335483
3857	0 1	0.0990792 1.09136	0.00218544 0.0335387
3858	0 1	0.102158 1.11543	0.00219142 0.0335775
3859	0 1	0.113297 1.13096	0.00218700 0.0336308
3860	0 1	0.107517 1.13738	0.00221803 0.0337082
3861	0 1	0.101950 1.09564	0.00220731 0.0337202
3862	0 1	0.105906 1.11857	0.00220291 0.0337343
3863	0 1	0.107901 1.12982	0.00221372 0.0337223
3864	0 1	0.105543 1.11550	0.00219748 0.0337644
3865	0 1	0.107509 1.11859	0.00221358 0.0337841
3866	0 1	0.0967279 1.09763	0.00220428 0.0337268
3867	0 1	0.104711 1.11654	0.00218270 0.0336105
3868	0 1	0.104403 1.11865	0.00218944 0.0335502
3869	0 1	0.102435 1.10030	0.00220235 0.0335298
3870	0 1	0.0908497 1.08315	0.00221509 0.0335612
3871	0 1	0.0994217 1.11653	0.00221210 0.0335423
3872	0 1	0.0981841 1.10383	0.00220632 0.0335564
3873	0 1	0.102980 1.12170	0.00219694 0.0335370
3874	0 1	0.0971493 1.10969	0.00219744 0.0335401
3875	0 1	0.105349 1.11456	0.00220534 0.0335126
3876	0 1	0.0903716 1.09405	0.00221630 0.0335061
3877	0 1	0.0983945 1.10458	0.00224780 0.0335631
3878	0 1	0.105994 1.12395	0.00225202 0.0335533
3879	0 1	0.103505 1.12706	0.00225387 0.0335660
3880	0 1	0.114564 1.13724	0.00224258 0.0335870
3881	0 1	0.100141 1.09978	0.00226585 0.0336323
3882	0 1	0.100900 1.11056	0.00226366 0.0336552
3883	0 1	0.104623 1.12065	0.00225972 0.0336971
3884	0 1	0.106619 1.11193	0.00223612 0.0337080
3885	0 1	0.107181 1.11092	0.00223592 0.0337630
3886	0 1	0.103941 1.11581	0.00223362 0.0337797
3887	0 1	0.0977942 1.09076	0.00223414 0.0337543
3888	0 1	0.0937596 1.09011	0.00226392 0.0337922
3889	0 1	0.105275 1.10161	0.00227816 0.0337895
3890	0 1	0.102082 1.10415	0.00228486 0.0337730
3891	0 1	0.102512 1.11125	0.00229682 0.0337597
3892	0 1	0.107648 1.13204	0.00230653 0.0337832
3893	0 1	0.107306 1.12380	0.00231443 0.0338323
3894	0 1	0.103407 1.12199	0.00232119 0.0337870
3895	0 1	0.0996985 1.11752	0.00233777 0.0338027
3896	0 1	0.112361 1.12781	0.00235513 0.0338369
3897	0 1	0.107757 1.13582	0.00237971 0.0339040
3898	0 1	0.0887189 1.07536	0.00239400 0.0339335
3899	0 1	0.100672 1.12804	0.00237517 0.0338895
3900	0 1	0.117763 1.13044	0.00236935 0.0338737
3901	0 1	0.114142 1.12349	0.00236198 0.0338666
3902	0 1	0.122709 1.16119	0.00235413 0.0338151
3903	0 1	0.109092 1.11242	0.00234708 0.0338104
3904	0 1	0.104556 1.12301	0.00236054 0.0338553
3905	0 1	0.110627 1.12326	0.00237032 0.0339193
3906	0 1	0.114180 1.14673	0.00238113 0.0339133
3907	0 1	0.105657 1.11628	0.00238622 0.0339938
3908	0 1	0.101303 1.11741	0.00237117 0.0339880
3909	0 1	0.102595 1.12494	0.00238853 0.0340192
3910	0 1	0.113467 1.13757	0.00239698 0.0339678
3911	0 1	0.101300 1.13596	0.00241819 0.0340328
3912	0 1	0.104238 1.12045	0.00241569 0.0340352
3913	0 1	0.0953763 1.09342	0.00240607 0.0339795
3914	0 1	0.0952189 1.08728	0.00239296 0.0340060
3915	0 1	0.110529 1.14222	0.00238957 0.0339657
3916	0 1	0.105315 1.13332	0.00240112 0.0339536
3917	0 1	0.0887800 1.08575	0.00239828 0.0339413
3918	0 1	0.0873027 1.06717	0.00238890 0.0339692
3919	0 1	0.100445 1.11916	0.00239040 0.0339671
3920	0 1	0.0901789 1.08154	0.00239788 0.0339617
3921	0 1	0.0956487 1.11786	0.00240207 0.0339739
3922	0 1	0.0990257 1.10473	0.00240436 0.0340120
3923	0 1	0.103693 1.10091	0.00240844 0.0340364
3924	0 1	0.0920778 1.07693	0.00240608 0.0340441
3925	0 1	0.0917071 1.08944	0.00240912 0.0340527
3926	0 1	0.0975307 1.09598	0.00241192 0.0340700
3927	0 1	0.0952296 1.10315	0.00241511 0.0340754
3928	0 1	0.114457 1.13996	0.00244117 0.0341522
3929	0 1	0.111258 1.13274	0.00244825 0.0341144
3930	0 1	0.100210 1.11814	0.00243744 0.0341035
3931	0 1	0.100153 1.12659	0.00242962 0.0341106
3932	0 1	0.108580 1.12533	0.00242465 0.0341608
3933	0 1	0.0997768 1.11841	0.00243672 0.0341612
3934	0 1	0.0966963 1.10337	0.00245530 0.0341646
3935	0 1	0.0930486 1.10161	0.00247011 0.0341902
3936	0 1	0.101523 1.09355	0.00249050 0.0342176
3937	0 1	0.0919403 1.10049	0.00249587 0.0341944
3938	0 1	0.104352 1.09926	0.00250219 0.0341767
3939	0 1	0.0990573 1.12142	0.00249304 0.0341165
3940	0 1	0.106588 1.11057	0.00251637 0.0341177
3941	0 1	0.113531 1.12170	0.00250756 0.0340808
3942	0 1	0.102081 1.11425	0.00249906 0.0340284
3943	0 1	0.0871219 1.08739	0.00250672 0.0340118
3944	0 1	0.0919858 1.07296	0.00249996 0.0339823
3945	0 1	0.0900314 1.08737	0.00248779 0.0340184
3946	0 1	0.0956305 1.10561	0.00248138 0.0339888
3947	0 1	0.0897019 1.09854	0.00248954 0.0339788
3948	0 1	0.102938 1.11880	0.00247036 0.0338782
3949	0 1	0.0907538 1.07986	0.00247251 0.0338552
3950	0 1	0.101084 1.09749	0.00248702 0.0338683
3951	0 1	0.102950 1.10942	0.00246574 0.0338141
3952	0 1	0.100302 1.13906	0.00248249 0.0337775
3953	0 1	0.0917033 1.08850	0.00249677 0.0338530
3954	0 1	0.106533 1.12546	0.00249146 0.0338271
3955	0 1	0.0945471 1.08508	0.00249691 0.0338887
3956	0 1	0.101762 1.11038	0.00247980 0.0338355
3957	0 1	0.100697 1.12273	0.00246463 0.0337766
3958	0 1	0.106590 1.12562	0.00247581 0.0337725
3959	0 1	0.101632 1.10873	0.00246518 0.0337054
3960	0 1	0.0941954 1.10905	0.00248100 0.0337579
3961	0 1	0.103156 1.12961	0.00251051 0.0337333
3962	0 1	0.103974 1.10478	0.00250980 0.0337263
3963	0 1	0.102806 1.13222	0.00250756 0.0337275
3964	0 1	0.102349 1.10222	0.00250549 0.0336675
3965	0 1	0.0952413 1.10481	0.00251839 0.0337250
3966	0 1	0.101894 1.11592	0.00249987 0.0336708
3967	0 1	0.106071 1.12615	0.00245709 0.0336437
3968	0 1	0.0976527 1.10502	0.00244201 0.0336330
3969	0 1	0.0982555 1.10642	0.00244913 0.0336230
3970	0 1	0.0996385 1.11831	0.00246141 0.0336187
3971	0 1	0.107170 1.11251	0.00246916 0.0336384
3972	0 1	0.101723 1.10828	0.00245690 0.0336284
3973	0 1	0.0964024 1.11640	0.00246065 0.0336787
3974	0 1	0.108017 1.12267	0.00246231 0.0337010
3975	0 1	0.0984218 1.11293	0.00247715 0.0337526
3976	0 1	0.105693 1.12900	0.00248474 0.0338175
3977	0 1	0.0944997 1.09612	0.00249989 0.0338567
3978	0 1	0.0954603 1.08671	0.00249520 0.0338525
3979	0 1	0.110866 1.12314	0.00250203 0.0338944
3980	0 1	0.0952951 1.10291	0.00250443 0.0338973
3981	0 1	0.0928218 1.09259	0.00251617 0.0339136
3982	0 1	0.105843 1.09899	0.00250943 0.0339169
3983	0 1	0.102874 1.11978	0.00250370 0.0339272
3984	0 1	0.0987471 1.08975	0.00251531 0.0339940
3985	0 1	0.0889710 1.08281	0.00250090 0.0339762
3986	0 1	0.0906919 1.10562	0.00250014 0.0340089
3987	0 1	0.101555 1.12212	0.00249569 0.0340744
3988	0 1	0.0957651 1.08694	0.00248394 0.0340312
3989	0 1	0.0981946 1.11904	0.00249785 0.0340625
3990	0 1	0.111496 1.11496	0.00251309 0.0341000
3991	0 1	0.104903 1.11549	0.00252804 0.0341420
3992	0 1	0.115612 1.14026	0.00250871 0.0341621
3993	0 1	0.0993254 1.13182	0.00250736 0.0341029
3994	0 1	0.0944109 1.09407	0.00249486 0.0341003
3995	0 1	0.0947319 1.09133	0.00248256 0.0340319
3996	0 1	0.110937 1.14131	0.00248066 0.0340459
3997	0 1	0.0950161 1.09893	0.00248861 0.0341038
3998	0 1	0.101480 1.11459	0.00250983 0.0340909
3999	0 1	0.109051 1.12638	0.00250306 0.0340012
4000	0 1	0.0916881 1.10579	0.00252398 0.0340311
4001	0 1	0.106120 1.13818	0.00251002 0.0339388
4002	0 1	0.113656 1.11826	0.00250144 0.0338954
4003	0 1	0.121555 1.16134	0.00249023 0.0339243
4004	0 1	0.0981062 1.13299	0.00249380 0.0338939
4005	0 1	0.105531 1.13130	0.00249030 0.0338549
4006	0 1	0.0918244 1.09539	0.00249893 0.0338147
4007	0 1	0.105521 1.13401	0.00246198 0.0337738
4008	0 1	0.0953077 1.09724	0.00246380 0.0337494
4009	0 1	0.103512 1.12420	0.00246672 0.0337634
4010	0 1	0.0953372 1.09779	0.00246651 0.0337427
4011	0 1	0.100808 1.09575	0.00247246 0.0336558
4012	0 1	0.104103 1.08924	0.00245662 0.0336461
4013	0 1	0.107622 1.10931	0.00244266 0.0336808
4014	0 1	0.0938824 1.09819	0.00242976 0.0336829
4015	0 1	0.101599 1.12199	0.00244880 0.0337102
4016	0 1	0.100676 1.09968	0.00244207 0.0336514
4017	0 1	0.0986105 1.10844	0.00245993 0.0337161
4018	0 1	0.0947986 1.10696	0.00245920 0.0337877
4019	0 1	0.109671 1.11144	0.00244997 0.0337848
4020	0 1	0.103639 1.11718	0.00244859 0.0337405
4021	0 1	0.107853 1.12913	0.00247246 0.0337653
4022	0 1	0.107920 1.11832	0.00245662 0.0337624
4023	0 1	0.101474 1.12806	0.00246374 0.0337224
4024	0 1	0.107146 1.11604	0.00246250 0.0337493
4025	0 1	0.105441 1.11312	0.00245719 0.0337475
4026	0 1	0.103176 1.09552	0.00243582 0.0337087
4027	0 1	0.103616 1.12019	0.00243462 0.0337097
4028	0 1	0.107178 1.13620	0.00244842 0.0337106
4029	0 1	0.105304 1.13261	0.00243200 0.0337050
4030	0 1	0.103221 1.11812	0.00245236 0.0336966
4031	0 1	0.105018 1.13354	0.00243182 0.0337141
4032	0 1	0.115205 1.12008	0.00242088 0.0337260
4033	0 1	0.105687 1.13087	0.00239996 0.0336319
4034	0 1	0.102488 1.10064	0.00239258 0.0336438
4035	0 1	0.0925059 1.08680	0.00237696 0.0336411
4036	0 1	0.102132 1.11290	0.00236199 0.0335589
4037	0 1	0.0999736 1.10964	0.00236309 0.0335571
4038	0 1	0.0935678 1.09882	0.00235649 0.0335492
4039	0 1	0.0972677 1.09203	0.00234173 0.0335326
4040	0 1	0.109727 1.10472	0.00233011 0.0335689
4041	0 1	0.0965442 1.10966	0.00233034 0.0336115
4042	0 1	0.117502 1.13603	0.00234505 0.0335857
4043	0 1	0.100162 1.12500	0.00235183 0.0335757
4044	0 1	0.0990311 1.09385	0.00236071 0.0335815
4045	0 1	0.0950349 1.11163	0.00235121 0.0335395
4046	0 1	0.0870520 1.09609	0.00235869 0.0335587
4047	0 1	0.0920839 1.10592	0.00233720 0.0335533
4048	0 1	0.113766 1.11461	0.00231618 0.0335234
4049	0 1	0.0989423 1.08793	0.00229745 0.0334983
4050	0 1	0.108162 1.10722	0.00229449 0.0335561
4051	0 1	0.0888256 1.08529	0.00227270 0.0334774
4052	0 1	0.111960 1.12723	0.00225710 0.0334538
4053	0 1	0.111553 1.13111	0.00226204 0.0334836
4054	0 1	0.101763 1.11989	0.00225466 0.0334740
4055	0 1	0.0947372 1.09975	0.00225428 0.0334719
4056	0 1	0.0991752 1.09268	0.00225887 0.0334833
4057	0 1	0.0910961 1.11244	0.00224177 0.0334697
4058	0 1	0.0964747 1.09453	0.00223403 0.0334746
4059	0 1	0.0987590 1.11015	0.00222800 0.0334161
4060	0 1	0.0910976 1.08006	0.00222278 0.0334504
4061	0 1	0.0990737 1.09890	0.00223285 0.0335013
4062	0 1	0.0787221 1.06333	0.00221054 0.0334476
4063	0 1	0.105299 1.12456	0.00219964 0.0334198
4064	0 1	0.107738 1.10829	0.00221638 0.0334255
4065	0 1	0.106224 1.12238	0.00222007 0.0334149
4066	0 1	0.0993298 1.10462	0.00221616 0.0334307
4067	0 1	0.110226 1.10202	0.00218695 0.0334862
4068	0 1	0.0974715 1.09566	0.00218202 0.0334250
4069	0 1	0.100750 1.09480	0.00216805 0.0333289
4070	0 1	0.108973 1.12231	0.00218165 0.0333209
4071	0 1	0.101215 1.08561	0.00218871 0.0333410
4072	0 1	0.0885479 1.10101	0.00220722 0.0333622
4073	0 1	0.101431 1.10141	0.00219777 0.0333424
4074	0 1	0.0923445 1.09660	0.00219616 0.0332816
4075	0 1	0.0996716 1.10754	0.00219457 0.0332498
4076	0 1	0.101755 1.10927	0.00219233 0.0332048
4077	0 1	0.114732 1.13482	0.00221032 0.0332120
4078	0 1	0.0920240 1.08887	0.00221051 0.0332611
4079	0 1	0.0877003 1.08456	0.00221897 0.0332836
4080	0 1	0.103661 1.12510	0.00224190 0.0333119
4081	0 1	0.106831 1.11921	0.00225322 0.0333587
4082	0 1	0.0933280 1.11532	0.00225007 0.0333758
4083	0 1	0.0926989 1.09067	0.00226024 0.0334299
4084	0 1	0.106249 1.12814	0.00226232 0.0334353
4085	0 1	0.101892 1.12483	0.00225749 0.0334129
4086	0 1	0.0948642 1.11075	0.00226023 0.0334518
4087	0 1	0.0932240 1.09676	0.00227154 0.0334567
4088	0 1	0.104596 1.10809	0.00223292 0.0334168
4089	0 1	0.106982 1.11705	0.00224279 0.0333928
4090	0 1	0.0948602 1.10686	0.00224676 0.0334693
4091	0 1	0.102003 1.10921	0.00226092 0.0335250
4092	0 1	0.108289 1.12311	0.00226372 0.0335219
4093	0 1	0.113569 1.13855	0.00226137 0.0334776
4094	0 1	0.0971261 1.10347	0.00225482 0.0334915
4095	0 1	0.0889874 1.09018	0.00226241 0.0335274
4096	0 1	0.103753 1.13181	0.00229059 0.0336104
4097	0 1	0.116991 1.13854	0.00229435 0.0336304
4098	0 1	0.110928 1.13216	0.00229809 0.0336856
4099	0 1	0.0995819 1.12144	0.00231658 0.0336779
4100	0 1	0.104166 1.11690	0.00228134 0.0335912
4101	0 1	0.0945253 1.11513	0.00228701 0.0335886
4102	0 1	0.101015 1.12023	0.00228935 0.0335902
4103	0 1	0.102809 1.11167	0.00226227 0.0336190
4104	0 1	0.115146 1.12990	0.00225930 0.0335913
4105	0 1	0.133056 1.14972	0.00225987 0.0336163
4106	0 1	0.0935159 1.09769	0.00225138 0.0336550
4107	0 1	0.0987960 1.09957	0.00225056 0.0336727
4108	0 1	0.108519 1.13516	0.00224523 0.0336858
4109	0 1	0.100226 1.10220	0.00223925 0.0336499
4110	0 1	0.107351 1.12284	0.00224927 0.0336341
4111	0 1	0.109896 1.13530	0.00225752 0.0336131
4112	0 1	0.105223 1.11951	0.00222651 0.0336133
4113	0 1	0.0998426 1.10635	0.00222871 0.0336787
4114	0 1	0.0990829 1.08160	0.00221679 0.0336536
4115	0 1	0.0993421 1.10382	0.00220141 0.0336606
4116	0 1	0.0973832 1.11076	0.00223400 0.0337178
4117	0 1	0.0949826 1.08807	0.00221861 0.0337133
4118	0 1	0.109964 1.14359	0.00222642 0.0337384
4119	0 1	0.107500 1.13008	0.00224250 0.0337411
4120	0 1	0.106154 1.12097	0.00225472 0.0338648
4121	0 1	0.0965196 1.09526	0.00223197 0.0337917
4122	0 1	0.105413 1.09483	0.00222482 0.0338063
4123	0 1	0.115561 1.14263	0.00225487 0.0338842
4124	0 1	0.0883637 1.08816	0.00225695 0.0339271
4125	0 1	0.0984298 1.09683	0.00226039 0.0339123
4126	0 1	0.0940093 1.10600	0.00227120 0.0339326
4127	0 1	0.104837 1.10917	0.00223806 0.0339305
4128	0 1	0.111262 1.12165	0.00224331 0.0339476
4129	0 1	0.0974581 1.10365	0.00224883 0.0339057
4130	0 1	0.104199 1.12447	0.00225965 0.0339267
4131	0 1	0.108212 1.11217	0.00226932 0.0339543
4132	0 1	0.107389 1.12137	0.00227316 0.0340121
4133	0 1	0.100600 1.11258	0.00228759 0.0340371
4134	0 1	0.102956 1.10359	0.00229163 0.0340561
4135	0 1	0.0948519 1.10135	0.00229272 0.0341102
4136	0 1	0.0970939 1.09152	0.00230705 0.0340984
4137	0 1	0.102929 1.11243	0.00231178 0.0340602
4138	0 1	0.104064 1.10614	0.00230053 0.0340434
4139	0 1	0.0905221 1.09432	0.00226654 0.0340619
4140	0 1	0.108771 1.10606	0.00226553 0.0340641
4141	0 1	0.104271 1.13029	0.00225568 0.0340399
4142	0 1	0.105959 1.10626	0.00228403 0.0341029
4143	0 1	0.0975328 1.10885	0.00228592 0.0340972
4144	0 1	0.105535 1.13729	0.00227241 0.0340772
4145	0 1	0.101070 1.11066	0.00228135 0.0340396
4146	0 1	0.101179 1.11149	0.00227303 0.0340907
4147	0 1	0.0960460 1.06984	0.00226062 0.0340462
4148	0 1	0.113661 1.11441	0.00228562 0.0340829
4149	0 1	0.0980025 1.09963	0.00228187 0.0341095
4150	0 1	0.0968433 1.10248	0.00229944 0.0341212
4151	0 1	0.0991824 1.09929	0.00229007 0.0341759
4152	0 1	0.111259 1.13764	0.00227710 0.0340954
4153	0 1	0.107479 1.11767	0.00226475 0.0340194
4154	0 1	0.0931928 1.09640	0.00226176 0.0339691
4155	0 1	0.0878885 1.07907	0.00224166 0.0339415
4156	0 1	0.101083 1.11379	0.00226383 0.0339855
4157	0 1	0.104276 1.10774	0.00227312 0.0339678
4158	0 1	0.0934968 1.07845	0.00227448 0.0339660
4159	0 1	0.0994238 1.10236	0.00227895 0.0340137
4160	0 1	0.102124 1.11205	0.00227999 0.0340675
4161	0 1	0.106053 1.10337	0.00227814 0.0341403
4162	0 1	0.0949148 1.09422	0.00226808 0.0341061
4163	0 1	0.100434 1.10421	0.00226464 0.0341137
4164	0 1	0.114848 1.12950	0.00227222 0.0340431
4165	0 1	0.103837 1.11210	0.00226244 0.0340460
4166	0 1	0.104753 1.10636	0.00229046 0.0340946
4167	0 1	0.0993451 1.11342	0.00226970 0.0340656
4168	0 1	0.0965736 1.10216	0.00225575 0.0340562
4169	0 1	0.107762 1.12814	0.00226780 0.0340724
4170	0 1	0.0987827 1.11328	0.00226441 0.0340689
4171	0 1	0.108235 1.10741	0.00225093 0.0340082
4172	0 1	0.106853 1.14472	0.00226566 0.0340484
4173	0 1	0.0970874 1.11439	0.00226617 0.0340498
4174	0 1	0.0991590 1.11974	0.00224843 0.0339897
4175	0 1	0.0992902 1.12883	0.00226457 0.0339707
4176	0 1	0.101850 1.09870	0.00223789 0.0338857
4177	0 1	0.0945929 1.10916	0.00223589 0.0338821
4178	0 1	0.102361 1.12619	0.00225115 0.0339062
4179	0 1	0.105936 1.12705	0.00224964 0.0338766
4180	0 1	0.116512 1.13060	0.00225129 0.0338458
4181	0 1	0.0981031 1.11296	0.00223713 0.0338613
4182	0 1	0.118673 1.14556	0.00222393 0.0338791
4183	0 1	0.0986254 1.10538	0.00222258 0.0338827
4184	0 1	0.111685 1.12383	0.00224772 0.0339603
4185	0 1	0.0888877 1.07637	0.00224962 0.0339658
4186	0 1	0.0958621 1.10849	0.00225133 0.0339655
4187	0 1	0.101702 1.11134	0.00225771 0.0339820
4188	0 1	0.106256 1.11718	0.00226043 0.0340076
4189	0 1	0.112520 1.13477	0.00224165 0.0339777
4190	0 1	0.104845 1.11557	0.00224700 0.0339845
4191	0 1	0.110082 1.12322	0.00224845 0.0340202
4192	0 1	0.103369 1.15394	0.00225952 0.0340216
4193	0 1	0.103800 1.11086	0.00223569 0.0340490
4194	0 1	0.104145 1.11279	0.00223980 0.0340495
4195	0 1	0.0932333 1.08033	0.00221000 0.0340095
4196	0 1	0.103796 1.12393	0.00222575 0.0340318
4197	0 1	0.110814 1.13654	0.00222361 0.0339836
4198	0 1	0.101407 1.10058	0.00221273 0.0339924
4199	0 1	0.104259 1.14108	0.00220998 0.0339463
4200	0 1	0.106240 1.10438	0.00223019 0.0339500
4201	0 1	0.119642 1.14166	0.00225013 0.0339404
4202	0 1	0.117593 1.13790	0.00223423 0.0338900
4203	0 1	0.0934268 1.10692	0.00225193 0.0338484
4204	0 1	0.101489 1.09760	0.00225983 0.0338449
4205	0 1	0.114106 1.12768	0.00225119 0.0337995
4206	0 1	0.0982641 1.12296	0.00224018 0.0337209
4207	0 1	0.107432 1.11773	0.00224333 0.0337053
4208	0 1	0.112467 1.12602	0.00224812 0.0337149
4209	0 1	0.0994957 1.10969	0.00225948 0.0336852
4210	0 1	0.0942057 1.10232	0.00224999 0.0336633
4211	0 1	0.108639 1.11842	0.00220486 0.0335929
4212	0 1	0.100022 1.11611	0.00221110 0.0335820
4213	0 1	0.0938321 1.12074	0.00220046 0.0335951
4214	0 1	0.103155 1.10425	0.00220222 0.0335863
4215	0 1	0.0938890 1.07065	0.00218287 0.0336107
4216	0 1	0.106221 1.13686	0.00219783 0.0336528
4217	0 1	0.102468 1.10418	0.00218577 0.0336641
4218	0 1	0.0901174 1.08129	0.00219113 0.0336408
4219	0 1	0.0915524 1.09267	0.00219178 0.0336147
4220	0 1	0.0985000 1.10239	0.00219985 0.0335890
4221	0 1	0.106810 1.12607	0.00219844 0.0335846
4222	0 1	0.112990 1.11616	0.00218686 0.0335875
4223	0 1	0.0997035 1.09544	0.00218801 0.0335983
4224	0 1	0.0961427 1.11157	0.00222057 0.0335768
4225	0 1	0.114932 1.11954	0.00221700 0.0336066
4226	0 1	0.0990871 1.11572	0.00221186 0.0335784
4227	0 1	0.0991936 1.11035	0.00221609 0.0336035
4228	0 1	0.109020 1.10656	0.00221219 0.0335531
4229	0 1	0.0935576 1.09302	0.00219780 0.0335853
4230	0 1	0.102766 1.11080	0.00220745 0.0336381
4231	0 1	0.100748 1.12198	0.00217641 0.0335818
4232	0 1	0.0958129 1.10232	0.00215682 0.0335074
4233	0 1	0.113559 1.11710	0.00215763 0.0335561
4234	0 1	0.0957698 1.11069	0.00215725 0.0335989
4235	0 1	0.0989728 1.08574	0.00216032 0.0336487
4236	0 1	0.0828206 1.08564	0.00215199 0.0336177
4237	0 1	0.107877 1.11634	0.00217441 0.0336295
4238	0 1	0.103901 1.10764	0.00215633 0.0336310
4239	0 1	0.111565 1.12334	0.00214461 0.0336621
4240	0 1	0.102133 1.10275	0.00214072 0.0335778
4241	0 1	0.0916123 1.11093	0.00213899 0.0335586
4242	0 1	0.100547 1.11133	0.00215141 0.0335937
4243	0 1	0.0979630 1.11102	0.00217938 0.0335789
4244	0 1	0.0921189 1.08364	0.00218466 0.0336065
4245	0 1	0.111064 1.12328	0.00218513 0.0336564
4246	0 1	0.0923391 1.10122	0.00218160 0.0337023
4247	0 1	0.112739 1.12562	0.00219322 0.0337294
4248	0 1	0.102597 1.10034	0.00219873 0.0337568
4249	0 1	0.112072 1.12274	0.00220658 0.0338318
4250	0 1	0.106419 1.11170	0.00219472 0.0338164
4251	0 1	0.109276 1.11977	0.00219096 0.0337507
4252	0 1	0.0980168 1.10629	0.00220450 0.0337564
4253	0 1	0.102335 1.11181	0.00219998 0.0338217
4254	0 1	0.113534 1.13880	0.00221440 0.0338316
4255	0 1	0.0953570 1.06305	0.00221592 0.0338078
4256	0 1	0.103342 1.11287	0.00221352 0.0337500
4257	0 1	0.107594 1.12176	0.00223142 0.0338529
4258	0 1	0.0943520 1.09411	0.00222499 0.0337850
4259	0 1	0.105647 1.12323	0.00224120 0.0338502
4260	0 1	0.101981 1.13434	0.00225372 0.0338705
4261	0 1	0.0967604 1.09114	0.00225172 0.0338555
4262	0 1	0.106375 1.10683	0.00225466 0.0338143
4263	0 1	0.100875 1.11520	0.00226294 0.0338574
4264	0 1	0.0876029 1.09839	0.00226023 0.0338243
4265	0 1	0.100540 1.10982	0.00226193 0.0338265
4266	0 1	0.106620 1.12009	0.00223725 0.0338190
4267	0 1	0.0981369 1.11840	0.00227523 0.0338724
4268	0 1	0.107804 1.11699	0.00227152 0.0339129
4269	0 1	0.102968 1.12435	0.00227025 0.0338880
4270	0 1	0.0946609 1.08164	0.00226189 0.0338394
4271	0 1	0.0928348 1.09595	0.00224172 0.0338011
4272	0 1	0.0989458 1.11332	0.00224989 0.0338713
4273	0 1	0.0972498 1.11353	0.00225712 0.0338751
4274	0 1	0.0939721 1.09032	0.00223391 0.0338393
4275	0 1	0.0824561 1.08193	0.00223810 0.0338181
4276	0 1	0.105409 1.09998	0.00224100 0.0338312
4277	0 1	0.110129 1.11984	0.00225161 0.0338320
4278	0 1	0.0976329 1.10516	0.00226895 0.0337749
4279	0 1	0.0897788 1.09324	0.00224388 0.0336753
4280	0 1	0.100115 1.11787	0.00225365 0.0336708
4281	0 1	0.0994013 1.13282	0.00227901 0.0337021
4282	0 1	0.110356 1.12980	0.00229113 0.0337255
4283	0 1	0.101632 1.11165	0.00230107 0.0336402
4284	0 1	0.100463 1.10448	0.00229188 0.0336481
4285	0 1	0.109741 1.12780	0.00228454 0.0336349
4286	0 1	0.0993556 1.11674	0.00227989 0.0336378
4287	0 1	0.0962904 1.10195	0.00228830 0.0336733
4288	0 1	0.111281 1.14463	0.00229174 0.0336822
4289	0 1	0.0965451 1.12344	0.00230305 0.0336802
4290	0 1	0.0939701 1.11000	0.00231805 0.0337289
4291	0 1	0.106927 1.11287	0.00231112 0.0337044
4292	0 1	0.0945824 1.07925	0.00229266 0.0336354
4293	0 1	0.106927 1.14184	0.00230168 0.0336617
4294	0 1	0.106104 1.10414	0.00229084 0.0336270
4295	0 1	0.102895 1.10567	0.00229291 0.0335878
4296	0 1	0.109112 1.13244	0.00228149 0.0336227
4297	0 1	0.105548 1.12318	0.00227080 0.0335970
4298	0 1	0.0910938 1.09331	0.00227601 0.0336071
4299	0 1	0.101033 1.12159	0.00228567 0.0336125
4300	0 1	0.106631 1.11387	0.00226531 0.0335765
4301	0 1	0.110036 1.13220	0.00226420 0.0335615
4302	0 1	0.0885935 1.08354	0.00226404 0.0335884
4303	0 1	0.0914513 1.09205	0.00226147 0.0335708
4304	0 1	0.120483 1.15379	0.00226017 0.0335224
4305	0 1	0.102982 1.13629	0.00225961 0.0335342
4306	0 1	0.101886 1.12298	0.00225194 0.0335295
4307	0 1	0.102506 1.11974	0.00224848 0.0334755
4308	0 1	0.0925481 1.10258	0.00224730 0.0334546
4309	0 1	0.0994181 1.11951	0.00226994 0.0334309
4310	0 1	0.0989663 1.09645	0.00228436 0.0334491
4311	0 1	0.107210 1.13161	0.00231418 0.0334310
4312	0 1	0.104355 1.11057	0.00231741 0.0334344
4313	0 1	0.109425 1.13796	0.00233862 0.0334110
4314	0 1	0.0943007 1.10283	0.00233489 0.0334224
4315	0 1	0.0968799 1.11646	0.00234096 0.0334269
4316	0 1	0.100606 1.09963	0.00235303 0.0334811
4317	0 1	0.0915120 1.08809	0.00234691 0.0334879
4318	0 1	0.107214 1.11049	0.00233875 0.0335396
4319	0 1	0.100472 1.12353	0.00235008 0.0335773
4320	0 1	0.100065 1.11714	0.00232841 0.0335285
4321	0 1	0.0924951 1.08920	0.00232177 0.0335302
4322	0 1	0.0998910 1.11022	0.00232814 0.0335832
4323	0 1	0.100101 1.12034	0.00233308 0.0335497
4324	0 1	0.0927825 1.10263	0.00233679 0.0335829
4325	0 1	0.102604 1.11271	0.00233073 0.0336395
4326	0 1	0.107976 1.11641	0.00233517 0.0335828
4327	0 1	0.111612 1.11302	0.00230359 0.0335312
4328	0 1	0.0983236 1.09426	0.00230494 0.0334753
4329	0 1	0.101278 1.10021	0.00230969 0.0335412
4330	0 1	0.0992582 1.11117	0.00230763 0.0335616
4331	0 1	0.0997616 1.09478	0.00230120 0.0335582
4332	0 1	0.0890883 1.07991	0.00231709 0.0336267
4333	0 1	0.105387 1.13947	0.00234344 0.0336924
4334	0 1	0.112930 1.12149	0.00233813 0.0336867
4335	0 1	0.102329 1.11389	0.00234670 0.0337023
4336	0 1	0.0926953 1.08679	0.00233959 0.0336898
4337	0 1	0.101447 1.11244	0.00234402 0.0337385
4338	0 1	0.109916 1.11658	0.00236201 0.0337546
4339	0 1	0.110032 1.12486	0.00235289 0.0337275
4340	0 1	0.125446 1.16121	0.00234437 0.0337658
4341	0 1	0.0911686 1.08991	0.00237139 0.0338090
4342	0 1	0.0909058 1.07989	0.00237507 0.0337982
4343	0 1	0.113707 1.12940	0.00235639 0.0337357
4344	0 1	0.114824 1.14503	0.00236212 0.0337007
4345	0 1	0.110926 1.12392	0.00236254 0.0336601
4346	0 1	0.0973012 1.10403	0.00236467 0.0336183
4347	0 1	0.0966803 1.08241	0.00237774 0.0336176
4348	0 1	0.116206 1.13793	0.00237507 0.0336177
4349	0 1	0.100905 1.11865	0.00237138 0.0335856
4350	0 1	0.120582 1.13371	0.00235774 0.0335272
4351	0 1	0.100885 1.10371	0.00232397 0.0334635
4352	0 1	0.0865331 1.08689	0.00232666 0.0334767
4353	0 1	0.0992642 1.10875	0.00231207 0.0334144
4354	0 1	0.0897058 1.08955	0.00231311 0.0333461
4355	0 1	0.111562 1.12169	0.00230793 0.0333710
4356	0 1	0.103059 1.13486	0.00231762 0.0334077
4357	0 1	0.105948 1.12265	0.00231977 0.0334259
4358	0 1	0.0958620 1.09684	0.00228408 0.0333761
4359	0 1	0.103862 1.12044	0.00228469 0.0333638
4360	0 1	0.113166 1.12972	0.00230088 0.0334244
4361	0 1	0.0915399 1.08183	0.00228848 0.0334693
4362	0 1	0.104121 1.11633	0.00226177 0.0334563
4363	0 1	0.107130 1.12857	0.00226187 0.0334142
4364	0 1	0.100202 1.09580	0.00225545 0.0334931
4365	0 1	0.101642 1.11495	0.00225667 0.0334902
4366	0 1	0.0916850 1.10939	0.00225228 0.0334524
4367	0 1	0.104722 1.09553	0.00223179 0.0334207
4368	0 1	0.0942911 1.09726	0.00225275 0.0335088
4369	0 1	0.0933794 1.10218	0.00222568 0.0334796
4370	0 1	0.0953431 1.10829	0.00226305 0.0335061
4371	0 1	0.0934330 1.10505	0.00226207 0.0334811
4372	0 1	0.109193 1.11750	0.00226163 0.0334995
4373	0 1	0.100071 1.10589	0.00224667 0.0334971
4374	0 1	0.0898877 1.11225	0.00226156 0.0334551
4375	0 1	0.108266 1.10744	0.00226492 0.0334558
4376	0 1	0.120185 1.14911	0.00227508 0.0334956
4377	0 1	0.101175 1.09910	0.00225923 0.0335038
4378	0 1	0.0954243 1.11049	0.00223684 0.0334851
4379	0 1	0.106976 1.10373	0.00223750 0.0334227
4380	0 1	0.114147 1.11854	0.00222747 0.0334185
4381	0 1	0.101192 1.09508	0.00223624 0.0333833
4382	0 1	0.101899 1.10420	0.00222085 0.0333195
4383	0 1	0.107747 1.10108	0.00219950 0.0333569
4384	0 1	0.0958686 1.09978	0.00218307 0.0333389
4385	0 1	0.105122 1.13072	0.00219143 0.0333464
4386	0 1	0.0963578 1.10453	0.00217079 0.0333750
4387	0 1	0.0986312 1.10838	0.00218161 0.0333987
4388	0 1	0.109770 1.13505	0.00217289 0.0334500
4389	0 1	0.102753 1.10986	0.00216909 0.0334633
4390	0 1	0.112066 1.13129	0.00217589 0.0335059
4391	0 1	0.111559 1.11367	0.00218333 0.0336122
4392	0 1	0.0985805 1.10969	0.00217753 0.0336065
4393	0 1	0.0911544 1.08661	0.00216244 0.0335672
4394	0 1	0.103062 1.12573	0.00218001 0.0335671
4395	0 1	0.0881716 1.09209	0.00217613 0.0335315
4396	0 1	0.0989098 1.10552	0.00219224 0.0336056
4397	0 1	0.100574 1.11347	0.00219373 0.0335648
4398	0 1	0.103625 1.09735	0.00217938 0.0335358
4399	0 1	0.0951848 1.09457	0.00217116 0.0334312
4400	0 1	0.114543 1.11864	0.00218540 0.0334954
4401	0 1	0.0996204 1.10700	0.00217906 0.0335090
4402	0 1	0.0982722 1.12202	0.00216058 0.0334741
4403	0 1	0.0972274 1.10827	0.00215393 0.0334722
4404	0 1	0.106655 1.12801	0.00216418 0.0334620
4405	0 1	0.114437 1.13294	0.00215670 0.0334374
4406	0 1	0.101904 1.10341	0.00213097 0.0333686
4407	0 1	0.100131 1.10180	0.00213604 0.0334144
4408	0 1	0.108840 1.12626	0.00214388 0.0334009
4409	0 1	0.114865 1.12390	0.00216425 0.0334655
4410	0 1	0.108273 1.14195	0.00213787 0.0334688
4411	0 1	0.0807153 1.07622	0.00213566 0.0334346
4412	0 1	0.106116 1.09832	0.00209233 0.0334022
4413	0 1	0.109357 1.13030	0.00208513 0.0333788
4414	0 1	0.0983169 1.09240	0.00208461 0.0333879
4415	0 1	0.0899190 1.11481	0.00209283 0.0333747
4416	0 1	0.0938042 1.09192	0.00210577 0.0334072
4417	0 1	0.111482 1.13323	0.00211001 0.0334309
4418	0 1	0.105064 1.09548	0.00212432 0.0334351
4419	0 1	0.0908242 1.09359	0.00211718 0.0334434
4420	0 1	0.0979853 1.10816	0.00212947 0.0334552
4421	0 1	0.116267 1.14630	0.00211246 0.0334408
4422	0 1	0.0983823 1.10215	0.00213027 0.0334811
4423	0 1	0.111808 1.14398	0.00211716 0.0334822
4424	0 1	0.0949113 1.09664	0.00214277 0.0335129
4425	0 1	0.105753 1.10242	0.00212639 0.0334948
4426	0 1	0.104145 1.10931	0.00210817 0.0334287
4427	0 1	0.112381 1.12279	0.00209892 0.0333807
4428	0 1	0.114818 1.11311	0.00208246 0.0333954
4429	0 1	0.100059 1.09740	0.00208615 0.0334583
4430	0 1	0.0916074 1.09011	0.00208266 0.0334575
4431	0 1	0.106820 1.12265	0.00209056 0.0334964
4432	0 1	0.0939057 1.10591	0.00207516 0.0334696
4433	0 1	0.0992653 1.10695	0.00208853 0.0334826
4434	0 1	0.0967331 1.09820	0.00208606 0.0334865
4435	0 1	0.103231 1.10334	0.00209002 0.0335367
4436	0 1	0.101485 1.11496	0.00208714 0.0335419
4437	0 1	0.102094 1.10803	0.00207976 0.0335479
4438	0 1	0.100493 1.11091	0.00207964 0.0334686
4439	0 1	0.104376 1.12112	0.00208751 0.0334617
4440	0 1	0.0978810 1.08819	0.00208917 0.0334790
4441	0 1	0.110845 1.14350	0.00209914 0.0334979
4442	0 1	0.111979 1.14055	0.00209868 0.0334875
4443	0 1	0.104762 1.13592	0.00210078 0.0335434
4444	0 1	0.107127 1.14114	0.00209566 0.0335245
4445	0 1	0.0920728 1.10351	0.00210575 0.0335597
4446	0 1	0.124690 1.15157	0.00210671 0.0335161
4447	0 1	0.117524 1.14736	0.00212505 0.0335509
4448	0 1	0.105525 1.10003	0.00212461 0.0335489
4449	0 1	0.0962017 1.09594	0.00212663 0.0335999
4450	0 1	0.106087 1.13610	0.00215025 0.0336841
4451	0 1	0.116164 1.15213	0.00216327 0.0338177
4452	0 1	0.101614 1.12358	0.00217993 0.0337930
4453	0 1	0.101803 1.11687	0.00218972 0.0338422
4454	0 1	0.0955002 1.08825	0.00217789 0.0339040
4455	0 1	0.0936625 1.09267	0.00220560 0.0338897
4456	0 1	0.115938 1.15019	0.00221062 0.0339163
4457	0 1	0.104027 1.12597	0.00221439 0.0338750
4458	0 1	0.112024 1.12220	0.00223663 0.0339204
4459	0 1	0.105377 1.10007	0.00224312 0.0339572
4460	0 1	0.101923 1.10653	0.00224498 0.0339472
4461	0 1	0.106846 1.13317	0.00225745 0.0339520
4462	0 1	0.112045 1.12432	0.00225834 0.0339343
4463	0 1	0.0978413 1.11473	0.00228096 0.0339670
4464	0 1	0.102339 1.12256	0.00228349 0.0339312
4465	0 1	0.0966118 1.10701	0.00229416 0.0339299
4466	0 1	0.0859813 1.05554	0.00229011 0.0339302
4467	0 1	0.100641 1.12475	0.00226190 0.0338860
4468	0 1	0.101260 1.11561	0.00226280 0.0338774
4469	0 1	0.104355 1.11010	0.00225954 0.0339083
4470	0 1	0.0917336 1.08125	0.00226405 0.0339105
4471	0 1	0.118461 1.13073	0.00226052 0.0339734
4472	0 1	0.104030 1.12041	0.00225648 0.0340373
4473	0 1	0.0924195 1.08977	0.00227429 0.0340710
4474	0 1	0.0895816 1.09587	0.00226408 0.0339766
4475	0 1	0.107680 1.11741	0.00226643 0.0340062
4476	0 1	0.103886 1.10259	0.00225940 0.0340473
4477	0 1	0.112137 1.13645	0.00226231 0.0339933
4478	0 1	0.0932525 1.08962	0.00228663 0.0340306
4479	0 1	0.105210 1.10791	0.00229303 0.0340222
4480	0 1	0.110035 1.10826	0.00231450 0.0340855
4481	0 1	0.106144 1.12162	0.00233103 0.0340928
4482	0 1	0.0975840 1.11509	0.00234741 0.0340992
4483	0 1	0.114887 1.12885	0.00234865 0.0340809
4484	0 1	0.103817 1.10442	0.00234010 0.0340592
4485	0 1	0.108682 1.13546	0.00233933 0.0340839
4486	0 1	0.0912509 1.08871	0.00234811 0.0340681
4487	0 1	0.0977070 1.09515	0.00234919 0.0340053
4488	0 1	0.101024 1.10347	0.00235286 0.0339935
4489	0 1	0.101107 1.10103	0.00237713 0.0340662
4490	0 1	0.112153 1.13214	0.00237105 0.0340678
4491	0 1	0.0975397 1.12095	0.00234238 0.0340312
4492	0 1	0.102500 1.10940	0.00234370 0.0339990
4493	0 1	0.108297 1.11053	0.00234497 0.0339747
4494	0 1	0.104047 1.10692	0.00233263 0.0339812
4495	0 1	0.0996501 1.11512	0.00233161 0.0339798
4496	0 1	0.107116 1.11277	0.00233972 0.0339535
4497	0 1	0.0976267 1.09168	0.00230799 0.0339052
4498	0 1	0.100449 1.10802	0.00231092 0.0339287
4499	0 1	0.108708 1.11923	0.00230898 0.0339158
4500	0 1	0.107938 1.12174	0.00231409 0.0338937
4501	0 1	0.0897938 1.07718	0.00231232 0.0338904
4502	0 1	0.0970728 1.11144	0.00230906 0.0338441
4503	0 1	0.119893 1.11605	0.00229473 0.0338169
4504	0 1	0.113897 1.12926	0.00228966 0.0337985
4505	0 1	0.107422 1.11861	0.00227552 0.0337453
4506	0 1	0.102823 1.10989	0.00228502 0.0337941
4507	0 1	0.0979394 1.09731	0.00227703 0.0338010
4508	0 1	0.105540 1.09520	0.00228579 0.0338382
4509	0 1	0.111959 1.11296	0.00228752 0.0338360
4510	0 1	0.0996525 1.10185	0.00229133 0.0338297
4511	0 1	0.105884 1.12138	0.00226967 0.0338011
4512	0 1	0.0846232 1.08590	0.00225815 0.0337714
4513	0 1	0.114002 1.13540	0.00225119 0.0337186
4514	0 1	0.0963305 1.11061	0.00226604 0.0336824
4515	0 1	0.102995 1.11771	0.00226859 0.0336951
4516	0 1	0.0983682 1.09546	0.00228076 0.0336668
4517	0 1	0.113519 1.14119	0.00229980 0.0337254
4518	0 1	0.111294 1.12327	0.00231293 0.0337491
4519	0 1	0.0944987 1.10968	0.00230062 0.0337240
4520	0 1	0.0970305 1.09168	0.00230985 0.0338098
4521	0 1	0.0983572 1.11208	0.00230280 0.0338024
4522	0 1	0.105979 1.10658	0.00233463 0.0338160
4523	0 1	0.102268 1.10513	0.00236060 0.0338386
4524	0 1	0.115341 1.13687	0.00235755 0.0338346
4525	0 1	0.0940777 1.08948	0.00237630 0.0338830
4526	0 1	0.0998195 1.09744	0.00237548 0.0338807
4527	0 1	0.102495 1.12039	0.00238460 0.0338834
4528	0 1	0.0922768 1.09550	0.00239135 0.0338858
4529	0 1	0.0994316 1.10619	0.00240190 0.0339006
4530	0 1	0.102993 1.10861	0.00239766 0.0339011
4531	0 1	0.101813 1.10119	0.00241470 0.0339441
4532	0 1	0.100878 1.10377	0.00240094 0.0339663
4533	0 1	0.103191 1.12291	0.00241617 0.0339756
4534	0 1	0.112558 1.13225	0.00242559 0.0340127
4535	0 1	0.110960 1.13585	0.00241191 0.0340365
4536	0 1	0.112175 1.14152	0.00240234 0.0340592
4537	0 1	0.0923663 1.09718	0.00242834 0.0340555
4538	0 1	0.0932057 1.09575	0.00244388 0.0340911
4539	0 1	0.100706 1.13455	0.00243074 0.0340557
4540	0 1	0.0854599 1.08948	0.00241500 0.0340438
4541	0 1	0.0982985 1.11638	0.00241330 0.0340445
4542	0 1	0.103039 1.12546	0.00242725 0.0340635
4543	0 1	0.0928332 1.09610	0.00244145 0.0341522
4544	0 1	0.0986823 1.10045	0.00243052 0.0340995
4545	0 1	0.0880656 1.08411	0.00242727 0.0340483
4546	0 1	0.110507 1.11838	0.00241086 0.0340238
4547	0 1	0.103819 1.11834	0.00243124 0.0339657
4548	0 1	0.0983884 1.09566	0.00242455 0.0339732
4549	0 1	0.101280 1.08748	0.00242687 0.0339766
4550	0 1	0.104842 1.11927	0.00242581 0.0339150
4551	0 1	0.0923102 1.09385	0.00240754 0.0338938
4552	0 1	0.0967376 1.10124	0.00238765 0.0338331
4553	0 1	0.106165 1.11081	0.00237627 0.0338315
4554	0 1	0.113617 1.14470	0.00237275 0.0338925
4555	0 1	0.102710 1.10594	0.00235789 0.0338617
4556	0 1	0.108032 1.15154	0.00237485 0.0338447
4557	0 1	0.103195 1.10076	0.00234594 0.0338194
4558	0 1	0.0969116 1.12264	0.00233308 0.0338227
4559	0 1	0.0927339 1.10222	0.00234013 0.0338007
4560	0 1	0.0975652 1.11079	0.00234064 0.0337730
4561	0 1	0.101002 1.11699	0.00234829 0.0338083
4562	0 1	0.0982961 1.10474	0.00234928 0.0338252
4563	0 1	0.121366 1.13791	0.00235521 0.0338295
4564	0 1	0.113345 1.13095	0.00237276 0.0339329
4565	0 1	0.102248 1.12417	0.00238637 0.0339313
4566	0 1	0.101424 1.11917	0.00239269 0.0338737
4567	0 1	0.0969394 1.10022	0.00239490 0.0338976
4568	0 1	0.106024 1.10467	0.00238001 0.0339172
4569	0 1	0.107353 1.12713	0.00239074 0.0339213
4570	0 1	0.0999067 1.09334	0.00238059 0.0338634
4571	0 1	0.107527 1.11823	0.00238303 0.0338702
4572	0 1	0.103468 1.11767	0.00238245 0.0338348
4573	0 1	0.107028 1.12562	0.00239320 0.0338718
4574	0 1	0.0962582 1.10992	0.00239196 0.0338541
4575	0 1	0.105195 1.11979	0.00239529 0.0338799
4576	0 1	0.106258 1.11578	0.00237609 0.0338369
4577	0 1	0.0967122 1.10311	0.00237701 0.0337808
4578	0 1	0.0963260 1.09748	0.00236563 0.0337896
4579	0 1	0.116509 1.12519	0.00237144 0.0338542
4580	0 1	0.0950804 1.09902	0.00236873 0.0338302
4581	0 1	0.0903865 1.09424	0.00234672 0.0337534
4582	0 1	0.0852146 1.07875	0.00233741 0.0336740
4583	0 1	0.102904 1.12525	0.00232916 0.0336123
4584	0 1	0.105750 1.09803	0.00231156 0.0336160
4585	0 1	0.100576 1.12335	0.00231148 0.0335575
4586	0 1	0.106221 1.10814	0.00232023 0.0335402
4587	0 1	0.119933 1.12287	0.00232406 0.0336351
4588	0 1	0.105929 1.11652	0.00232186 0.0336620
4589	0 1	0.0946959 1.09368	0.00232411 0.0336342
4590	0 1	0.0967001 1.10399	0.00230929 0.0336369
4591	0 1	0.101762 1.12192	0.00230325 0.0335927
4592	0 1	0.101099 1.11912	0.00230621 0.0335483
4593	0 1	0.114850 1.12421	0.00231412 0.0335693
4594	0 1	0.103065 1.10713	0.00233331 0.0335728
4595	0 1	0.0996710 1.11075	0.00234185 0.0335629
4596	0 1	0.102414 1.12155	0.00234697 0.0335175
4597	0 1	0.120945 1.13696	0.00234741 0.0335481
4598	0 1	0.0958621 1.09079	0.00235532 0.0335707
4599	0 1	0.0954516 1.10769	0.00235058 0.0335949
4600	0 1	0.0909818 1.09241	0.00237017 0.0335924
4601	0 1	0.108369 1.09370	0.00237138 0.0336336
4602	0 1	0.101392 1.10341	0.00235808 0.0336462
4603	0 1	0.0940742 1.08736	0.00235754 0.0336485
4604	0 1	0.106218 1.11087	0.00235188 0.0336220
4605	0 1	0.111573 1.13081	0.00235796 0.0336467
4606	0 1	0.0975403 1.11686	0.00236456 0.0336511
4607	0 1	0.108450 1.13154	0.00236564 0.0336620
4608	0 1	0.111020 1.11181	0.00236856 0.0336810
4609	0 1	0.108411 1.12309	0.00239879 0.0337026
4610	0 1	0.0975733 1.10521	0.00239089 0.0337035
4611	0 1	0.0970393 1.09137	0.00237482 0.0336950
4612	0 1	0.0936406 1.10734	0.00240410 0.0337753
4613	0 1	0.0946451 1.10402	0.00240214 0.0337335
4614	0 1	0.116127 1.12916	0.00239848 0.0337666
4615	0 1	0.0956981 1.10384	0.00238617 0.0337183
4616	0 1	0.115368 1.12732	0.00239932 0.0337716
4617	0 1	0.0961709 1.10094	0.00238039 0.0336379
4618	0 1	0.101562 1.12811	0.00237755 0.0336234
4619	0 1	0.0925514 1.11402	0.00236215 0.0336181
4620	0 1	0.102177 1.10980	0.00235624 0.0336303
4621	0 1	0.106900 1.12639	0.00236755 0.0336305
4622	0 1	0.102951 1.11892	0.00235291 0.0335482
4623	0 1	0.0938801 1.07231	0.00236304 0.0335510
4624	0 1	0.108559 1.13924	0.00235496 0.0335160
4625	0 1	0.108984 1.13045	0.00236475 0.0334813
4626	0 1	0.105481 1.10061	0.00238358 0.0335467
4627	0 1	0.0954542 1.10667	0.00238240 0.0335703
4628	0 1	0.112128 1.12716	0.00239987 0.0335890
4629	0 1	0.0982833 1.10041	0.00240196 0.0335688
4630	0 1	0.0979017 1.09239	0.00238921 0.0335797
4631	0 1	0.105047 1.08570	0.00238685 0.0335941
4632	0 1	0.0925831 1.08742	0.00240831 0.0336557
4633	0 1	0.104751 1.11361	0.00242477 0.0337449
4634	0 1	0.104015 1.11377	0.00242147 0.0337983
4635	0 1	0.0865581 1.07467	0.00241034 0.0337662
4636	0 1	0.0988676 1.10157	0.00240450 0.0337557
4637	0 1	0.113321 1.12279	0.00239966 0.0337547
4638	0 1	0.112359 1.14861	0.00239039 0.0337424
4639	0 1	0.104455 1.10635	0.00239180 0.0337247
4640	0 1	0.104489 1.10657	0.00238875 0.0336920
4641	0 1	0.108980 1.08558	0.00236602 0.0337026
4642	0 1	0.102092 1.10076	0.00235682 0.0336899
4643	0 1	0.0936899 1.10309	0.00238211 0.0337311
4644	0 1	0.0928679 1.08233	0.00239217 0.0338164
4645	0 1	0.104025 1.12380	0.00240888 0.0338537
4646	0 1	0.111802 1.12810	0.00239722 0.0338420
4647	0 1	0.108944 1.12508	0.00238892 0.0338606
4648	0 1	0.106699 1.12266	0.00237422 0.0337995
4649	0 1	0.105925 1.14281	0.00236856 0.0337687
4650	0 1	0.0920966 1.06574	0.00236238 0.0337669
4651	0 1	0.100236 1.09201	0.00237609 0.0338151
4652	0 1	0.104073 1.08751	0.00238953 0.0338801
4653	0 1	0.0955660 1.09287	0.00239411 0.0339278
4654	0 1	0.0995250 1.10602	0.00239986 0.0339529
4655	0 1	0.0965670 1.09711	0.00243978 0.0340348
4656	0 1	0.101206 1.10132	0.00240892 0.0340039
4657	0 1	0.101819 1.10794	0.00239809 0.0340673
4658	0 1	0.0889339 1.09869	0.00239900 0.0341086
4659	0 1	0.103939 1.13292	0.00241765 0.0341291
4660	0 1	0.103370 1.10416	0.00241185 0.0340694
4661	0 1	0.102780 1.11631	0.00241546 0.0340662
4662	0 1	0.111247 1.14533	0.00241455 0.0340528
4663	0 1	0.0977179 1.10372	0.00239544 0.0340873
4664	0 1	0.106408 1.12023	0.00240838 0.0340950
4665	0 1	0.0995325 1.09828	0.00240256 0.0340499
4666	0 1	0.110650 1.13248	0.00240813 0.0340276
4667	0 1	0.100178 1.11987	0.00239802 0.0339877
4668	0 1	0.111884 1.12708	0.00239029 0.0339581
4669	0 1	0.107177 1.12034	0.00236926 0.0339490
4670	0 1	0.101239 1.11433	0.00237828 0.0339765
4671	0 1	0.107105 1.12988	0.00235925 0.0339217
4672	0 1	0.0960949 1.10564	0.00235697 0.0339168
4673	0 1	0.108104 1.12532	0.00234092 0.0338241
4674	0 1	0.0982992 1.10092	0.00238798 0.0339069
4675	0 1	0.109223 1.12617	0.00237655 0.0339083
4676	0 1	0.107539 1.13664	0.00237422 0.0338497
4677	0 1	0.0981717 1.11104	0.00238207 0.0338159
4678	0 1	0.0896352 1.08431	0.00238262 0.0338190
4679	0 1	0.101984 1.11812	0.00236594 0.0337508
4680	0 1	0.104416 1.11694	0.00236393 0.0336762
4681	0 1	0.113238 1.13478	0.00235030 0.0336379
4682	0 1	0.104468 1.12925	0.00236493 0.0337707
4683	0 1	0.107287 1.12622	0.00236486 0.0337189
4684	0 1	0.109851 1.12440	0.00237075 0.0337067
4685	0 1	0.120003 1.12830	0.00237266 0.0337492
4686	0 1	0.0958083 1.10958	0.00237164 0.0337838
4687	0 1	0.102872 1.12022	0.00238296 0.0337477
4688	0 1	0.0999435 1.10910	0.00236781 0.0337118
4689	0 1	0.113493 1.13674	0.00237414 0.0337231
4690	0 1	0.113501 1.10715	0.00235417 0.0337051
4691	0 1	0.0976944 1.09218	0.00236806 0.0337111
4692	0 1	0.101883 1.10499	0.00236333 0.0337630
4693	0 1	0.0931265 1.08131	0.00234948 0.0337902
4694	0 1	0.0983523 1.10229	0.00233749 0.0337065
4695	0 1	0.102342 1.10118	0.00232489 0.0337015
4696	0 1	0.101222 1.10130	0.00233113 0.0337186
4697	0 1	0.106402 1.13294	0.00232098 0.0336870
4698	0 1	0.0968446 1.10148	0.00232186 0.0336442
4699	0 1	0.103083 1.11505	0.00231767 0.0336176
4700	0 1	0.110590 1.12121	0.00230156 0.0336524
4701	0 1	0.102777 1.11347	0.00231002 0.0336648
4702	0 1	0.102462 1.11500	0.00229488 0.0336515
4703	0 1	0.100116 1.11386	0.00230098 0.0336970
4704	0 1	0.0874672 1.07696	0.00230609 0.0337418
4705	0 1	0.0961499 1.10246	0.00231644 0.0337272
4706	0 1	0.102088 1.11806	0.00232829 0.0337671
4707	0 1	0.0950482 1.09724	0.00234056 0.0338224
4708	0 1	0.108838 1.11402	0.00234944 0.0338242
4709	0 1	0.119155 1.15440	0.00234161 0.0337976
4710	0 1	0.116555 1.13716	0.00235133 0.0338421
4711	0 1	0.0930832 1.09643	0.00234494 0.0338351
4712	0 1	0.101055 1.10758	0.00236282 0.0338634
4713	0 1	0.0911598 1.10171	0.00236764 0.0339054
4714	0 1	0.115544 1.14142	0.00237928 0.0339908
4715	0 1	0.0972877 1.12445	0.00238408 0.0339681
4716	0 1	0.0930554 1.10225	0.00237154 0.0339814
4717	0 1	0.0999077 1.11929	0.00241279 0.0340420
4718	0 1	0.0976344 1.11102	0.00241292 0.0340275
4719	0 1	0.107244 1.12442	0.00240745 0.0340068
4720	0 1	0.0997204 1.10160	0.00238774 0.0339968
4721	0 1	0.107952 1.12115	0.00239646 0.0339939
4722	0 1	0.101543 1.11342	0.00236170 0.0339866
4723	0 1	0.0955547 1.10588	0.00236596 0.0340135
4724	0 1	0.0963998 1.10586	0.00236862 0.0340463
4725	0 1	0.100961 1.11978	0.00236037 0.0340455
4726	0 1	0.0918402 1.10088	0.00239190 0.0340512
4727	0 1	0.0974986 1.10949	0.00236878 0.0340597
4728	0 1	0.0931397 1.11061	0.00236970 0.0340363
4729	0 1	0.0952806 1.08634	0.00235583 0.0340075
4730	0 1	0.103621 1.11603	0.00236145 0.0340213
4731	0 1	0.108289 1.11355	0.00237634 0.0339596
4732	0 1	0.117521 1.14527	0.00237842 0.0339828
4733	0 1	0.102734 1.11207	0.00239761 0.0340054
4734	0 1	0.102252 1.10735	0.00239823 0.0340342
4735	0 1	0.104303 1.12143	0.00239709 0.0340281
4736	0 1	0.107995 1.13387	0.00238265 0.0339914
4737	0 1	0.107122 1.12260	0.00236292 0.0339168
4738	0 1	0.119077 1.13500	0.00237694 0.0339270
4739	0 1	0.0872916 1.08775	0.00237973 0.0338394
4740	0 1	0.108237 1.12000	0.00236765 0.0338278
4741	0 1	0.0995597 1.10400	0.00237681 0.0338497
4742	0 1	0.0960655 1.09381	0.00239677 0.0338931
4743	0 1	0.104523 1.11149	0.00239969 0.0339346
4744	0 1	0.0966104 1.09762	0.00238760 0.0339080
4745	0 1	0.102690 1.10724	0.00239586 0.0339446
4746	0 1	0.112579 1.13026	0.00240899 0.0339672
4747	0 1	0.0922265 1.08576	0.00240171 0.0339713
4748	0 1	0.100311 1.12539	0.00239956 0.0339207
4749	0 1	0.108759 1.11251	0.00241497 0.0339894
4750	0 1	0.103800 1.10538	0.00241448 0.0340013
4751	0 1	0.106993 1.13694	0.00242295 0.0339347
4752	0 1	0.0882501 1.08449	0.00241571 0.0339735
4753	0 1	0.101395 1.12314	0.00242695 0.0340089
4754	0 1	0.0909592 1.07439	0.00240996 0.0339993
4755	0 1	0.102345 1.12376	0.00239770 0.0339242
4756	0 1	0.104929 1.10412	0.00236941 0.0338637
4757	0 1	0.103641 1.10410	0.00237993 0.0338834
4758	0 1	0.102674 1.09953	0.00237346 0.0338551
4759	0 1	0.102687 1.09231	0.00236508 0.0337990
4760	0 1	0.113275 1.12711	0.00237837 0.0338286
4761	0 1	0.107483 1.11717	0.00236367 0.0337814
4762	0 1	0.105019 1.11421	0.00238824 0.0337809
4763	0 1	0.112743 1.11060	0.00239388 0.0338488
4764	0 1	0.109072 1.12929	0.00239217 0.0338799
4765	0 1	0.105261 1.11348	0.00237840 0.0339071
4766	0 1	0.102176 1.12160	0.00239391 0.0339339
4767	0 1	0.100998 1.11470	0.00239641 0.0339402
4768	0 1	0.102123 1.09941	0.00240989 0.0339744
4769	0 1	0.113563 1.11939	0.00240531 0.0340369
4770	0 1	0.118485 1.14482	0.00240302 0.0340847
4771	0 1	0.101267 1.10755	0.00239372 0.0340683
4772	0 1	0.109047 1.11481	0.00240144 0.0340845
4773	0 1	0.0948366 1.10002	0.00241722 0.0341010
4774	0 1	0.108522 1.12030	0.00240316 0.0341082
4775	0 1	0.109272 1.12851	0.00241213 0.0341320
4776	0 1	0.103248 1.11400	0.00242000 0.0341650
4777	0 1	0.0938514 1.09408	0.00241416 0.0342263
4778	0 1	0.0981885 1.10136	0.00241493 0.0341846
4779	0 1	0.105495 1.09369	0.00241201 0.0341721
4780	0 1	0.107619 1.11337	0.00239282 0.0341283
4781	0 1	0.122228 1.15190	0.00240734 0.0341488
4782	0 1	0.107976 1.13228	0.00241022 0.0341091
4783	0 1	0.0980731 1.10473	0.00240803 0.0340745
4784	0 1	0.0851844 1.08429	0.00240546 0.0340720
4785	0 1	0.103077 1.10824	0.00243519 0.0341317
4786	0 1	0.105376 1.12136	0.00240715 0.0341307
4787	0 1	0.105987 1.12059	0.00240609 0.0340662
4788	0 1	0.0968253 1.10429	0.00237312 0.0340380
4789	0 1	0.0946053 1.10382	0.00236997 0.0340536
4790	0 1	0.104303 1.12255	0.00237216 0.0340821
4791	0 1	0.104774 1.11445	0.00238313 0.0340710
4792	0 1	0.102638 1.12557	0.00240085 0.0341141
4793	0 1	0.106161 1.13971	0.00241269 0.0340973
4794	0 1	0.0984859 1.09379	0.00242487 0.0340977
4795	0 1	0.108567 1.13547	0.00242809 0.0341414
4796	0 1	0.0985942 1.09273	0.00241458 0.0340868
4797	0 1	0.105271 1.11233	0.00241717 0.0340778
4798	0 1	0.102038 1.11628	0.00243426 0.0340947
4799	0 1	0.0912293 1.11713	0.00241169 0.0340469
4800	0 1	0.110262 1.12213	0.00241183 0.0341108
4801	0 1	0.101759 1.10635	0.00241274 0.0340837
4802	0 1	0.109322 1.11405	0.00241497 0.0340344
4803	0 1	0.100949 1.11492	0.00241745 0.0340758
4804	0 1	0.104059 1.12248	0.00241025 0.0341077
4805	0 1	0.0851001 1.07734	0.00242412 0.0341388
4806	0 1	0.0861055 1.08594	0.00242910 0.0341648
4807	0 1	0.104698 1.11316	0.00240651 0.0341349
4808	0 1	0.0947371 1.11377	0.00241290 0.0340904
4809	0 1	0.107109 1.12478	0.00239213 0.0340811
4810	0 1	0.113771 1.14111	0.00238973 0.0341328
4811	0 1	0.0966347 1.10375	0.00236567 0.0340961
4812	0 1	0.103257 1.09336	0.00234575 0.0341256
4813	0 1	0.112479 1.12824	0.00234042 0.0341264
4814	0 1	0.0942932 1.06625	0.00231542 0.0340977
4815	0 1	0.102550 1.11424	0.00233510 0.0341015
4816	0 1	0.102353 1.11361	0.00234844 0.0341360
4817	0 1	0.102969 1.12812	0.00237164 0.0341621
4818	0 1	0.0882497 1.08233	0.00235710 0.0342240
4819	0 1	0.100649 1.11950	0.00236191 0.0342355
4820	0 1	0.106184 1.09788	0.00233769 0.0342062
4821	0 1	0.0962145 1.09292	0.00235041 0.0342412
4822	0 1	0.111726 1.12674	0.00234387 0.0342398
4823	0 1	0.109399 1.13259	0.00233734 0.0342384
4824	0 1	0.104469 1.14301	0.00234376 0.0342182
4825	0 1	0.0890027 1.09499	0.00235071 0.0342048
4826	0 1	0.0907732 1.10280	0.00234986 0.0340841
4827	0 1	0.0971711 1.10536	0.00235881 0.0340265
4828	0 1	0.106611 1.12950	0.00235336 0.0340854
4829	0 1	0.0969460 1.11888	0.00234524 0.0340250
4830	0 1	0.105963 1.10951	0.00233800 0.0340233
4831	0 1	0.112731 1.12421	0.00233726 0.0340506
4832	0 1	0.105138 1.10276	0.00234032 0.0340702
4833	0 1	0.0919731 1.09473	0.00233266 0.0340724
4834	0 1	0.106829 1.10788	0.00231249 0.0340754
4835	0 1	0.101106 1.14088	0.00232691 0.0340543
4836	0 1	0.103846 1.09815	0.00230891 0.0340279
4837	0 1	0.0941986 1.10134	0.00231777 0.0340346
4838	0 1	0.109123 1.11982	0.00231169 0.0340464
4839	0 1	0.0994874 1.09498	0.00228319 0.0340759
4840	0 1	0.106766 1.11868	0.00229085 0.0341542
4841	0 1	0.105942 1.10396	0.00229170 0.0342020
4842	0 1	0.0971346 1.09906	0.00228962 0.0342315
4843	0 1	0.104455 1.10905	0.00230205 0.0342271
4844	0 1	0.100129 1.11708	0.00228642 0.0341508
4845	0 1	0.0963448 1.09161	0.00228762 0.0341776
4846	0 1	0.107480 1.11711	0.00226131 0.0340793
4847	0 1	0.100999 1.10692	0.00226730 0.0341064
4848	0 1	0.114456 1.13472	0.00226690 0.0341306
4849	0 1	0.0967675 1.09410	0.00225107 0.0340751
4850	0 1	0.107756 1.12506	0.00226716 0.0341619
4851	0 1	0.0893303 1.09042	0.00227118 0.0341415
4852	0 1	0.107388 1.12510	0.00228516 0.0341625
4853	0 1	0.0972235 1.09440	0.00228836 0.0341471
4854	0 1	0.0973853 1.12287	0.00228005 0.0341056
4855	0 1	0.0949957 1.09383	0.00226586 0.0340741
4856	0 1	0.0944253 1.09475	0.00224936 0.0340424
4857	0 1	0.0963590 1.10094	0.00223999 0.0339806
4858	0 1	0.100279 1.09927	0.00225865 0.0340224
4859	0 1	0.106661 1.12214	0.00226097 0.0340847
4860	0 1	0.105145 1.11369	0.00226668 0.0340532
4861	0 1	0.102453 1.11014	0.00226957 0.0341251
4862	0 1	0.111484 1.12759	0.00227857 0.0340631
4863	0 1	0.104632 1.11436	0.00226787 0.0340452
4864	0 1	0.0942525 1.09101	0.00226498 0.0340388
4865	0 1	0.0969323 1.10180	0.00225646 0.0339823
4866	0 1	0.0997398 1.10418	0.00226559 0.0339589
4867	0 1	0.0938617 1.10142	0.00227304 0.0339613
4868	0 1	0.0946896 1.09467	0.00225169 0.0339540
4869	0 1	0.0962506 1.11136	0.00226736 0.0339580
4870	0 1	0.105787 1.12369	0.00227058 0.0339768
4871	0 1	0.104640 1.12852	0.00227822 0.0339012
4872	0 1	0.107042 1.11682	0.00228135 0.0339005
4873	0 1	0.103332 1.10160	0.00228277 0.0339699
4874	0 1	0.107275 1.11332	0.00230128 0.0340202
4875	0 1	0.100856 1.11915	0.00230645 0.0340065
4876	0 1	0.111415 1.13173	0.00229403 0.0339853
4877	0 1	0.0993906 1.10373	0.00227258 0.0339416
4878	0 1	0.112507 1.14772	0.00230025 0.0339824
4879	0 1	0.0982212 1.10744	0.00231137 0.0339962
4880	0 1	0.108888 1.12155	0.00231460 0.0340853
4881	0 1	0.105356 1.10858	0.00230267 0.0340777
4882	0 1	0.0952395 1.11450	0.00229549 0.0340454
4883	0 1	0.107967 1.12481	0.00230108 0.0340258
4884	0 1	0.0946971 1.09749	0.00229285 0.0339702
4885	0 1	0.115293 1.13243	0.00228828 0.0339629
4886	0 1	0.102639 1.11877	0.00227670 0.0339193
4887	0 1	0.0972054 1.09796	0.00227827 0.0338678
4888	0 1	0.105893 1.10629	0.00226635 0.0338720
4889	0 1	0.0968026 1.10651	0.00227178 0.0338297
4890	0 1	0.0963025 1.10373	0.00225475 0.0337647
4891	0 1	0.0935266 1.10369	0.00225657 0.0337679
4892	0 1	0.104757 1.12032	0.00225851 0.0338362
4893	0 1	0.103495 1.12298	0.00227382 0.0338678
4894	0 1	0.100154 1.11721	0.00230189 0.0339034
4895	0 1	0.106098 1.10365	0.00229589 0.0338881
4896	0 1	0.116648 1.14358	0.00230083 0.0339560
4897	0 1	0.0967404 1.09605	0.00231072 0.0339597
4898	0 1	0.106257 1.13237	0.00232134 0.0339940
4899	0 1	0.101506 1.12212	0.00233245 0.0340030
4900	0 1	0.0961742 1.09673	0.00232942 0.0340186
4901	0 1	0.0877640 1.07633	0.00233354 0.0339919
4902	0 1	0.114304 1.13649	0.00233130 0.0340885
4903	0 1	0.110355 1.14021	0.00234283 0.0340749
4904	0 1	0.0886985 1.08503	0.00234310 0.0340967
4905	0 1	0.0996758 1.10148	0.00233648 0.0341200
4906	0 1	0.0998530 1.10845	0.00234772 0.0341591
4907	0 1	0.0999158 1.09581	0.00234311 0.0341625
4908	0 1	0.0995113 1.10421	0.00234290 0.0341827
4909	0 1	0.100200 1.11232	0.00237317 0.0342199
4910	0 1	0.0957451 1.08259	0.00238159 0.0342869
4911	0 1	0.108929 1.12705	0.00239357 0.0342880
4912	0 1	0.0939834 1.10168	0.00239593 0.0342272
4913	0 1	0.102531 1.10751	0.00238665 0.0341558
4914	0 1	0.103485 1.10632	0.00235553 0.0340925
4915	0 1	0.0997135 1.11522	0.00236145 0.0340820
4916	0 1	0.105933 1.10959	0.00236373 0.0340311
4917	0 1	0.112685 1.13201	0.00235680 0.0339744
4918	0 1	0.0949547 1.09610	0.00233817 0.0339731
4919	0 1	0.111083 1.12447	0.00231151 0.0338968
4920	0 1	0.0933084 1.10980	0.00231033 0.0339293
4921	0 1	0.0963949 1.09284	0.00227441 0.0338032
4922	0 1	0.106470 1.10402	0.00226569 0.0338420
4923	0 1	0.0987953 1.08850	0.00227038 0.0338931
4924	0 1	0.103714 1.13140	0.00228463 0.0339455
4925	0 1	0.101649 1.11497	0.00228763 0.0339914
4926	0 1	0.109528 1.14403	0.00230367 0.0339398
4927	0 1	0.101581 1.12648	0.00233916 0.0340822
4928	0 1	0.103933 1.12768	0.00234191 0.0340300
4929	0 1	0.112300 1.11670	0.00234246 0.0340116
4930	0 1	0.122345 1.11611	0.00233497 0.0340022
4931	0 1	0.0998340 1.10667	0.00233754 0.0340183
4932	0 1	0.0999360 1.08915	0.00233440 0.0340285
4933	0 1	0.0913935 1.09297	0.00233097 0.0340421
4934	0 1	0.0990258 1.12927	0.00234739 0.0340580
4935	0 1	0.0873403 1.10219	0.00237190 0.0340844
4936	0 1	0.111992 1.14046	0.00239194 0.0341030
4937	0 1	0.0975319 1.11446	0.00238965 0.0340564
4938	0 1	0.0895885 1.09662	0.00239525 0.0339784
4939	0 1	0.101715 1.10916	0.00239435 0.0339445
4940	0 1	0.0987190 1.11436	0.00240365 0.0339199
4941	0 1	0.0965002 1.09917	0.00239524 0.0338497
4942	0 1	0.0972473 1.10806	0.00238712 0.0338001
4943	0 1	0.0972598 1.08234	0.00236791 0.0337731
4944	0 1	0.0886510 1.08911	0.00236056 0.0337282
4945	0 1	0.0977636 1.08786	0.00235598 0.0336627
4946	0 1	0.0954252 1.09050	0.00237755 0.0336900
4947	0 1	0.101633 1.11987	0.00237549 0.0336446
4948	0 1	0.102091 1.14067	0.00238134 0.0336729
4949	0 1	0.115862 1.11752	0.00239581 0.0338021
4950	0 1	0.0967633 1.10265	0.00236848 0.0337398
4951	0 1	0.111242 1.13572	0.00237362 0.0338133
4952	0 1	0.109681 1.11259	0.00238825 0.0338523
4953	0 1	0.103296 1.11307	0.00240718 0.0338997
4954	0 1	0.0981430 1.12155	0.00240110 0.0338151
4955	0 1	0.0917469 1.08537	0.00240088 0.0338101
4956	0 1	0.0960232 1.09788	0.00241493 0.0338139
4957	0 1	0.105199 1.13586	0.00242248 0.0338010
4958	0 1	0.0983115 1.10282	0.00243146 0.0337888
4959	0 1	0.0981909 1.08580	0.00241942 0.0337897
4960	0 1	0.101288 1.10182	0.00240994 0.0337109
4961	0 1	0.0992887 1.09985	0.00242158 0.0338062
4962	0 1	0.113367 1.12717	0.00239988 0.0337685
4963	0 1	0.0892899 1.10138	0.00239955 0.0337707
4964	0 1	0.0927591 1.08602	0.00238534 0.0336799
4965	0 1	0.0905019 1.10478	0.00238968 0.0337135
4966	0 1	0.0987244 1.11410	0.00237704 0.0337202
4967	0 1	0.104077 1.11259	0.00235297 0.0336820
4968	0 1	0.116805 1.11651	0.00234095 0.0337209
4969	0 1	0.0977318 1.09875	0.00233178 0.0337206
4970	0 1	0.0998070 1.11477	0.00235303 0.0337442
4971	0 1	0.0949614 1.09528	0.00232791 0.0337174
4972	0 1	0.0976847 1.10635	0.00231581 0.0336885
4973	0 1	0.106835 1.11571	0.00232519 0.0336640
4974	0 1	0.0959133 1.08482	0.00233724 0.0336905
4975	0 1	0.0901745 1.10713	0.00233134 0.0336894
4976	0 1	0.103260 1.11743	0.00234136 0.0337198
4977	0 1	0.126845 1.14089	0.00236204 0.0337259
4978	0 1	0.0953537 1.10048	0.00236710 0.0337694
4979	0 1	0.106101 1.11137	0.00234530 0.0337125
4980	0 1	0.112088 1.13379	0.00234102 0.0337143
4981	0 1	0.108357 1.12059	0.00232534 0.0337258
4982	0 1	0.0980739 1.11409	0.00233160 0.0337048
4983	0 1	0.104390 1.12866	0.00232622 0.0337015
4984	0 1	0.0971320 1.10935	0.00232417 0.0336353
4985	0 1	0.107129 1.09799	0.00231561 0.0337096
4986	0 1	0.0975778 1.09727	0.00231114 0.0337129
4987	0 1	0.0957376 1.09136	0.00229069 0.0337064
4988	0 1	0.0930337 1.10399	0.00228018 0.0336355
4989	0 1	0.110677 1.11772	0.00226404 0.0336473
4990	0 1	0.0913766 1.08815	0.00225716 0.0336085
4991	0 1	0.0912772 1.09201	0.00226186 0.0336156
4992	0 1	0.100431 1.11971	0.00226232 0.0336574
4993	0 1	0.105291 1.12495	0.00225918 0.0336214
4994	0 1	0.110317 1.10756	0.00226521 0.0336320
4995	0 1	0.103219 1.11658	0.00225770 0.0336225
4996	0 1	0.102659 1.10855	0.00224611 0.0336103
4997	0 1	0.100815 1.11140	0.00225223 0.0336160
4998	0 1	0.0998875 1.08509	0.00224063 0.0335684
4999	0 1	0.0987374 1.10369	0.00228041 0.0336425
5000	0 1	0.0956413 1.10159	0.00228976 0.0337109
5001	0 1	0.0933306 1.09400	0.00229539 0.0337079
5002	0 1	0.0979533 1.10479	0.00230568 0.0337311
5003	0 1	0.0999711 1.09790	0.00230243 0.0336716
5004	0 1	0.118445 1.12210	0.00228972 0.0336924
5005	0 1	0.106235 1.11798	0.00229427 0.0336554
5006	0 1	0.105675 1.12200	0.00231369 0.0336796
5007	0 1	0.0998454 1.11146	0.00231813 0.0337295
5008	0 1	0.108404 1.12292	0.00229367 0.0337176
5009	0 1	0.102018 1.12064	0.00227405 0.0336939
5010	0 1	0.112212 1.12618	0.00229315 0.0337131
5011	0 1	0.110360 1.13932	0.00230860 0.0338135
5012	0 1	0.105241 1.11646	0.00230199 0.0337589
5013	0 1	0.0959703 1.09770	0.00230944 0.0337834
5014	0 1	0.101432 1.11842	0.00232330 0.0337721
5015	0 1	0.104207 1.10919	0.00231083 0.0337629
5016	0 1	0.0987695 1.11473	0.00231038 0.0338046
5017	0 1	0.0992688 1.09564	0.00231654 0.0337966
5018	0 1	0.112392 1.13721	0.00230882 0.0337690
5019	0 1	0.0977995 1.09828	0.00230937 0.0336611
5020	0 1	0.108115 1.12077	0.00232994 0.0336867
5021	0 1	0.0950525 1.10702	0.00230399 0.0335938
5022	0 1	0.108742 1.11420	0.00229427 0.0336157
5023	0 1	0.0986802 1.11288	0.00229231 0.0335877
5024	0 1	0.112011 1.11460	0.00226893 0.0335552
5025	0 1	0.0970190 1.09893	0.00225914 0.0335384
5026	0 1	0.110652 1.14576	0.00228000 0.0335750
5027	0 1	0.107861 1.12935	0.00229479 0.0335334
5028	0 1	0.0964301 1.10541	0.00227477 0.0334351
5029	0 1	0.103486 1.11500	0.00226779 0.0333793
5030	0 1	0.102105 1.11111	0.00227956 0.0334277
5031	0 1	0.0915265 1.08758	0.00229711 0.0335118
5032	0 1	0.0934686 1.08300	0.00228144 0.0334806
5033	0 1	0.0934819 1.11227	0.00230123 0.0335259
5034	0 1	0.0939875 1.10891	0.00231217 0.0335520
5035	0 1	0.107549 1.10992	0.00231502 0.0335927
5036	0 1	0.0949226 1.10023	0.00232888 0.0335576
5037	0 1	0.106285 1.13029	0.00230420 0.0335902
5038	0 1	0.0949939 1.08371	0.00228558 0.0335445
5039	0 1	0.102480 1.11273	0.00230979 0.0335745
5040	0 1	0.107501 1.13698	0.00231951 0.0335948
5041	0 1	0.100458 1.10660	0.00233140 0.0335957
5042	0 1	0.111446 1.09741	0.00234756 0.0336535
5043	0 1	0.110265 1.14505	0.00233444 0.0336780
5044	0 1	0.104648 1.12010	0.00232983 0.0336413
5045	0 1	0.109104 1.13119	0.00233138 0.0336474
5046	0 1	0.0950048 1.09703	0.00231493 0.0335834
5047	0 1	0.102015 1.11788	0.00231815 0.0336247
5048	0 1	0.119301 1.12669	0.00232078 0.0336458
5049	0 1	0.0921753 1.08875	0.00230230 0.0336207
5050	0 1	0.103157 1.10753	0.00229984 0.0336339
5051	0 1	0.100892 1.10149	0.00226559 0.0335786
5052	0 1	0.104233 1.12492	0.00224696 0.0335440
5053	0 1	0.0927873 1.07692	0.00220657 0.0334662
5054	0 1	0.0960870 1.07874	0.00221113 0.0335103
5055	0 1	0.0973791 1.10880	0.00220759 0.0335173
5056	0 1	0.111381 1.12703	0.00219250 0.0334364
5057	0 1	0.106574 1.12992	0.00217659 0.0333612
5058	0 1	0.0987757 1.11140	0.00217802 0.0333680
5059	0 1	0.113279 1.12181	0.00219049 0.0333673
5060	0 1	0.107198 1.10942	0.00219209 0.0333889
5061	0 1	0.0913485 1.10870	0.00219010 0.0334302
5062	0 1	0.101064 1.10271	0.00218124 0.0334671
5063	0 1	0.103467 1.10305	0.00220159 0.0334822
5064	0 1	0.0913362 1.09480	0.00220306 0.0334745
5065	0 1	0.0966839 1.09976	0.00219953 0.0334275
5066	0 1	0.0939304 1.09642	0.00220203 0.0333945
5067	0 1	0.103907 1.12202	0.00219171 0.0333497
5068	0 1	0.0966260 1.11143	0.00220955 0.0334027
5069	0 1	0.102210 1.11277	0.00222985 0.0334658
5070	0 1	0.109160 1.12149	0.00224395 0.0334238
5071	0 1	0.100792 1.10773	0.00226994 0.0335084
5072	0 1	0.101401 1.10899	0.00225555 0.0334938
5073	0 1	0.112241 1.12212	0.00227590 0.0335383
5074	0 1	0.0930072 1.10900	0.00225214 0.0334968
5075	0 1	0.115906 1.13788	0.00223718 0.0334936
5076	0 1	0.0970098 1.09584	0.00223447 0.0334588
5077	0 1	0.104609 1.11169	0.00223275 0.0334266
5078	0 1	0.117862 1.13342	0.00222186 0.0334142
5079	0 1	0.100761 1.13042	0.00220269 0.0334114
5080	0 1	0.0982750 1.10068	0.00220954 0.0334077
5081	0 1	0.107781 1.13574	0.00220746 0.0333594
5082	0 1	0.102297 1.11048	0.00220659 0.0333514
5083	0 1	0.103278 1.10788	0.00220422 0.0333665
5084	0 1	0.111523 1.11619	0.00222928 0.0334178
5085	0 1	0.111218 1.12086	0.00222171 0.0334298
5086	0 1	0.115782 1.10691	0.00222528 0.0334637
5087	0 1	0.0986951 1.11869	0.00224547 0.0334688
5088	0 1	0.0998504 1.10936	0.00224103 0.0334869
5089	0 1	0.110513 1.12878	0.00222227 0.0334660
5090	0 1	0.105558 1.11796	0.00224670 0.0334997
5091	0 1	0.0979925 1.12548	0.00225135 0.0334817
5092	0 1	0.103180 1.11178	0.00223533 0.0334215
5093	0 1	0.0931549 1.08590	0.00223404 0.0334155
5094	0 1	0.121177 1.14192	0.00224141 0.0334035
5095	0 1	0.0975753 1.11908	0.00226090 0.0333761
5096	0 1	0.106403 1.12148	0.00225586 0.0333608
5097	0 1	0.0883140 1.09173	0.00226981 0.0333327
5098	0 1	0.111814 1.12984	0.00228784 0.0333887
5099	0 1	0.0966978 1.07142	0.00228152 0.0334107
5100	0 1	0.0896085 1.08629	0.00229935 0.0334335
5101	0 1	0.102400 1.12095	0.00230528 0.0334145
5102	0 1	0.102530 1.11772	0.00230134 0.0334363
5103	0 1	0.103712 1.10099	0.00230388 0.0334944
5104	0 1	0.0963027 1.11980	0.00231485 0.0334894
5105	0 1	0.0956995 1.09288	0.00233159 0.0334801
5106	0 1	0.114503 1.13427	0.00233533 0.0334721
5107	0 1	0.108932 1.11948	0.00234420 0.0335031
5108	0 1	0.101194 1.09756	0.00234048 0.0335373
5109	0 1	0.100536 1.10302	0.00234416 0.0336272
5110	0 1	0.107833 1.12699	0.00234851 0.0337176
5111	0 1	0.0995434 1.10940	0.00233494 0.0337458
5112	0 1	0.0993730 1.11793	0.00235188 0.0337661
5113	0 1	0.115206 1.12806	0.00235333 0.0337667
5114	0 1	0.109317 1.11427	0.00236641 0.0338057
5115	0 1	0.106180 1.10022	0.00236196 0.0338388
5116	0 1	0.0898369 1.08996	0.00234849 0.0338512
5117	0 1	0.121780 1.14159	0.00235477 0.0339022
5118	0 1	0.102979 1.09472	0.00234055 0.0338970
5119	0 1	0.114547 1.12459	0.00235517 0.0338328
5120	0 1	0.113066 1.13166	0.00236768 0.0339088
5121	0 1	0.109747 1.09239	0.00238729 0.0339209
5122	0 1	0.0944418 1.09879	0.00238809 0.0338969
5123	0 1	0.106355 1.08936	0.00238514 0.0338998
5124	0 1	0.100834 1.12777	0.00239855 0.0339108
5125	0 1	0.0941748 1.09312	0.00243280 0.0340037
5126	0 1	0.105063 1.10531	0.00242122 0.0339962
5127	0 1	0.0915737 1.11502	0.00243360 0.0339549
5128	0 1	0.113056 1.11142	0.00241768 0.0339560
5129	0 1	0.101176 1.09613	0.00240632 0.0339787
5130	0 1	0.104342 1.11958	0.00240928 0.0340689
5131	0 1	0.110368 1.14422	0.00237664 0.0339907
5132	0 1	0.107473 1.12121	0.00236194 0.0340313
5133	0 1	0.0957538 1.11174	0.00234635 0.0339733
5134	0 1	0.101946 1.11335	0.00235182 0.0339689
5135	0 1	0.104367 1.11485	0.00236326 0.0340485
5136	0 1	0.101342 1.13298	0.00236913 0.0340906
5137	0 1	0.112265 1.12947	0.00238416 0.0341484
5138	0 1	0.105246 1.12934	0.00238405 0.0341896
5139	0 1	0.0982151 1.10048	0.00238818 0.0341946
5140	0 1	0.0965136 1.09685	0.00240342 0.0341677
5141	0 1	0.104642 1.10695	0.00240061 0.0341525
5142	0 1	0.0908902 1.09534	0.00239395 0.0341541
5143	0 1	0.112611 1.11351	0.00239965 0.0341924
5144	0 1	0.106730 1.12627	0.00239079 0.0341711
5145	0 1	0.101027 1.10719	0.00239825 0.0341567
5146	0 1	0.123722 1.17215	0.00238608 0.0341978
5147	0 1	0.113166 1.13369	0.00237202 0.0341843
5148	0 1	0.0975257 1.10365	0.00236968 0.0341935
5149	0 1	0.0940834 1.10074	0.00236629 0.0341645
5150	0 1	0.0901201 1.09018	0.00237279 0.0341925
5151	0 1	0.107425 1.13337	0.00236973 0.0342034
5152	0 1	0.104100 1.12357	0.00237825 0.0342581
5153	0 1	0.115635 1.12546	0.00235501 0.0342193
5154	0 1	0.103479 1.10245	0.00233675 0.0341940
5155	0 1	0.0987709 1.09233	0.00230485 0.0341057
5156	0 1	0.0951394 1.10827	0.00231221 0.0340687
5157	0 1	0.0989788 1.11346	0.00230931 0.0340481
5158	0 1	0.0938506 1.09069	0.00230058 0.0340100
5159	0 1	0.0956526 1.08988	0.00230255 0.0339818
5160	0 1	0.108778 1.10412	0.00230332 0.0339403
5161	0 1	0.101373 1.11924	0.00228357 0.0338991
5162	0 1	0.104483 1.11680	0.00229443 0.0339374
5163	0 1	0.103326 1.11003	0.00228291 0.0339119
5164	0 1	0.0948244 1.09353	0.00227947 0.0339192
5165	0 1	0.102074 1.13628	0.00227877 0.0339027
5166	0 1	0.0935349 1.09056	0.00224769 0.0338777
5167	0 1	0.0904214 1.07720	0.00226885 0.0338977
5168	0 1	0.0926838 1.09299	0.00226157 0.0339065
5169	0 1	0.101705 1.12299	0.00226431 0.0339417
5170	0 1	0.0939352 1.11502	0.00224163 0.0339134
5171	0 1	0.0999121 1.11603	0.00225553 0.0339532
5172	0 1	0.100411 1.11527	0.00226093 0.0339870
5173	0 1	0.0876602 1.08589	0.00226731 0.0339526
5174	0 1	0.0967563 1.10080	0.00226130 0.0339681
5175	0 1	0.106618 1.13243	0.00225056 0.0339516
5176	0 1	0.102648 1.11040	0.00225386 0.0339588
5177	0 1	0.100432 1.09904	0.00224881 0.0339580
5178	0 1	0.109694 1.12569	0.00224796 0.0339691
5179	0 1	0.101468 1.11203	0.00227511 0.0340221
5180	0 1	0.103598 1.11106	0.00228274 0.0340395
5181	0 1	0.107135 1.12442	0.00228622 0.0340191
5182	0 1	0.100032 1.10326	0.00229559 0.0340519
5183	0 1	0.0945224 1.09733	0.00229303 0.0340335
5184	0 1	0.0970990 1.11670	0.00229402 0.0340604
5185	0 1	0.106275 1.10881	0.00228916 0.0340292
5186	0 1	0.100577 1.09390	0.00230177 0.0340468
5187	0 1	0.103936 1.10859	0.00230348 0.0340881
5188	0 1	0.115777 1.12741	0.00230337 0.0340539
5189	0 1	0.0950202 1.10314	0.00228693 0.0340219
5190	0 1	0.0931268 1.09179	0.00227457 0.0339881
5191	0 1	0.113226 1.13096	0.00227669 0.0339820
5192	0 1	0.105947 1.14384	0.00227742 0.0340049
5193	0 1	0.100689 1.11144	0.00227983 0.0340233
5194	0 1	0.108339 1.11449	0.00227917 0.0340078
5195	0 1	0.101816 1.10724	0.00224544 0.0338933
5196	0 1	0.0983286 1.09818	0.00222525 0.0338766
5197	0 1	0.0958679 1.06901	0.00222873 0.0338460
5198	0 1	0.107604 1.12880	0.00222907 0.0338695
5199	0 1	0.0971961 1.11079	0.00225180 0.0339143
5200	0 1	0.0980190 1.09808	0.00225006 0.0339421
5201	0 1	0.115058 1.12239	0.00224764 0.0339763
5202	0 1	0.0966817 1.10753	0.00227216 0.0340671
5203	0 1	0.0959485 1.09108	0.00226310 0.0340542
5204	0 1	0.0997954 1.09184	0.00222342 0.0339647
5205	0 1	0.0901446 1.09487	0.00223028 0.0339537
5206	0 1	0.104072 1.11129	0.00224695 0.0339816
5207	0 1	0.101513 1.11042	0.00224397 0.0339808
5208	0 1	0.104812 1.09745	0.00224824 0.0339599
5209	0 1	0.0982751 1.09816	0.00222840 0.0339550
5210	0 1	0.0962035 1.11084	0.00223206 0.0339544
5211	0 1	0.0834059 1.09384	0.00223522 0.0339406
5212	0 1	0.0999340 1.12891	0.00225153 0.0338920
5213	0 1	0.104081 1.11890	0.00228444 0.0339450
5214	0 1	0.0917153 1.10266	0.00227707 0.0339642
5215	0 1	0.0866782 1.07781	0.00230323 0.0339880
5216	0 1	0.0983606 1.08425	0.00231528 0.0340312
5217	0 1	0.103898 1.12114	0.00231091 0.0340398
5218	0 1	0.115688 1.12487	0.00229710 0.0340437
5219	0 1	0.104601 1.12120	0.00230344 0.0340491
5220	0 1	0.0902700 1.08573	0.00232348 0.0340762
5221	0 1	0.107643 1.10389	0.00231174 0.0340720
5222	0 1	0.0959555 1.09656	0.00231106 0.0340599
5223	0 1	0.0927117 1.08583	0.00229958 0.0340812
5224	0 1	0.0898911 1.08841	0.00229351 0.0341235
5225	0 1	0.132308 1.16053	0.00231144 0.0341442
5226	0 1	0.112878 1.15615	0.00230266 0.0340569
5227	0 1	0.102899 1.11882	0.00230369 0.0340851
5228	0 1	0.0937932 1.10420	0.00229393 0.0340425
5229	0 1	0.103938 1.12375	0.00231604 0.0341217
5230	0 1	0.109702 1.12132	0.00232689 0.0341406
5231	0 1	0.103584 1.11120	0.00234881 0.0341880
5232	0 1	0.105188 1.11580	0.00234526 0.0341145
5233	0 1	0.0949839 1.10442	0.00234136 0.0341366
5234	0 1	0.101111 1.13211	0.00235565 0.0340909
5235	0 1	0.0998040 1.07184	0.00234482 0.0340957
5236	0 1	0.0978779 1.13114	0.00235846 0.0340906
5237	0 1	0.103393 1.09829	0.00234217 0.0340673
5238	0 1	0.0997515 1.11645	0.00235171 0.0341105
5239	0 1	0.100750 1.11443	0.00235702 0.0341589
5240	0 1	0.100047 1.10038	0.00235458 0.0341908
5241	0 1	0.103376 1.12047	0.00237542 0.0341955
5242	0 1	0.111689 1.12698	0.00238670 0.0342566
5243	0 1	0.110587 1.12073	0.00240235 0.0342267
5244	0 1	0.101866 1.11982	0.00240580 0.0341975
5245	0 1	0.0953057 1.09671	0.00241333 0.0342328
5246	0 1	0.108490 1.12862	0.00240496 0.0342704
5247	0 1	0.105120 1.12407	0.00241536 0.0342728
5248	0 1	0.104620 1.10136	0.00240100 0.0342016
5249	0 1	0.104125 1.11095	0.00239869 0.0342059
5250	0 1	0.127476 1.16218	0.00241459 0.0342519
5251	0 1	0.0938612 1.09438	0.00242444 0.0342303
5252	0 1	0.104570 1.11027	0.00241267 0.0341958
5253	0 1	0.104218 1.13614	0.00239482 0.0341930
5254	0 1	0.0944038 1.07168	0.00237677 0.0341853
5255	0 1	0.106232 1.11365	0.00237314 0.0341652
5256	0 1	0.103236 1.11763	0.00237490 0.0341907
5257	0 1	0.104051 1.09958	0.00236802 0.0342320
5258	0 1	0.0991988 1.10472	0.00237488 0.0342383
5259	0 1	0.111965 1.13501	0.00237348 0.0341841
5260	0 1	0.0961957 1.10748	0.00237911 0.0341948
5261	0 1	0.0934226 1.11589	0.00238381 0.0341390
5262	0 1	0.0957402 1.08760	0.00237214 0.0341329
5263	0 1	0.0941677 1.09416	0.00237852 0.0341354
5264	0 1	0.109668 1.11091	0.00238991 0.0341836
5265	0 1	0.121259 1.12885	0.00238197 0.0342185
5266	0 1	0.100190 1.10177	0.00237795 0.0342166
5267	0 1	0.0930960 1.08743	0.00239333 0.0342695
5268	0 1	0.110619 1.12855	0.00240267 0.0343416
5269	0 1	0.0932602 1.09630	0.00240224 0.0343311
5270	0 1	0.0999452 1.10778	0.00240556 0.0343612
5271	0 1	0.118755 1.13290	0.00239689 0.0343039
5272	0 1	0.108111 1.11511	0.00241408 0.0343485
5273	0 1	0.108336 1.12171	0.00241116 0.0342813
5274	0 1	0.103777 1.09436	0.00242051 0.0343357
5275	0 1	0.0982512 1.09812	0.00243633 0.0343276
5276	0 1	0.116784 1.13223	0.00241159 0.0342955
5277	0 1	0.103382 1.10846	0.00240280 0.0342474
5278	0 1	0.105006 1.13532	0.00239157 0.0341670
5279	0 1	0.118367 1.15595	0.00238593 0.0341098
5280	0 1	0.103309 1.10105	0.00236836 0.0340601
5281	0 1	0.103663 1.12566	0.00237338 0.0340507
5282	0 1	0.0945218 1.08838	0.00234907 0.0340551
5283	0 1	0.0927469 1.07616	0.00233362 0.0340134
5284	0 1	0.0964351 1.10141	0.00232690 0.0339930
5285	0 1	0.0927914 1.10333	0.00230976 0.0339556
5286	0 1	0.112867 1.12961	0.00231636 0.0339396
5287	0 1	0.101470 1.11191	0.00233954 0.0339932
5288	0 1	0.104908 1.10932	0.00232579 0.0339499
5289	0 1	0.0970760 1.11623	0.00233044 0.0339547
5290	0 1	0.102710 1.10052	0.00232265 0.0339687
5291	0 1	0.104017 1.12559	0.00231551 0.0339935
5292	0 1	0.118749 1.13953	0.00231886 0.0340013
5293	0 1	0.104824 1.12923	0.00232222 0.0339071
5294	0 1	0.107673 1.13139	0.00231959 0.0339000
5295	0 1	0.116308 1.15297	0.00231288 0.0338356
5296	0 1	0.0956051 1.09887	0.00231883 0.0338693
5297	0 1	0.106314 1.11355	0.00229708 0.0338172
5298	0 1	0.105706 1.09628	0.00229766 0.0337789
5299	0 1	0.107011 1.12087	0.00228928 0.0337426
5300	0 1	0.0962172 1.09610	0.00229942 0.0337409
5301	0 1	0.106349 1.10367	0.00230012 0.0337475
5302	0 1	0.101118 1.10213	0.00228486 0.0337326
5303	0 1	0.0960657 1.08057	0.00231535 0.0337572
5304	0 1	0.108717 1.12890	0.00231555 0.0337513
5305	0 1	0.102352 1.14439	0.00231096 0.0337375
5306	0 1	0.105636 1.12746	0.00231302 0.0337015
5307	0 1	0.0968953 1.10584	0.00231672 0.0337733
5308	0 1	0.105497 1.10942	0.00230781 0.0337563
5309	0 1	0.108815 1.13883	0.00231822 0.0337874
5310	0 1	0.0942243 1.08876	0.00232367 0.0337856
5311	0 1	0.106449 1.10319	0.00231672 0.0337346
5312	0 1	0.111674 1.12358	0.00232172 0.0337922
5313	0 1	0.124329 1.12892	0.00231106 0.0338268
5314	0 1	0.0892881 1.07565	0.00229063 0.0338452
5315	0 1	0.0915577 1.08997	0.00229461 0.0338221
5316	0 1	0.111475 1.13332	0.00228912 0.0337471
5317	0 1	0.0987871 1.10562	0.00228960 0.0337263
5318	0 1	0.0929965 1.08982	0.00228260 0.0337104
5319	0 1	0.0959265 1.10805	0.00229779 0.0337118
5320	0 1	0.0966454 1.11108	0.00231426 0.0337091
5321	0 1	0.0974480 1.11480	0.00232588 0.0337276
5322	0 1	0.0946984 1.10123	0.00233484 0.0336973
5323	0 1	0.110495 1.11778	0.00232046 0.0337185
5324	0 1	0.0974366 1.10133	0.00231384 0.0336409
5325	0 1	0.113570 1.13261	0.00231235 0.0336382
5326	0 1	0.0937827 1.09492	0.00231416 0.0336427
5327	0 1	0.100526 1.11747	0.00230300 0.0336351
5328	0 1	0.105985 1.13523	0.00230142 0.0335818
5329	0 1	0.106073 1.12798	0.00230806 0.0336122
5330	0 1	0.100156 1.08477	0.00230680 0.0336475
5331	0 1	0.100385 1.09248	0.00228998 0.0336550
5332	0 1	0.111984 1.13630	0.00233276 0.0337166
5333	0 1	0.0958312 1.11030	0.00232342 0.0337416
5334	0 1	0.107291 1.12884	0.00232916 0.0337563
5335	0 1	0.107735 1.10863	0.00233596 0.0337537
5336	0 1	0.0895949 1.08272	0.00233787 0.0338111
5337	0 1	0.0902430 1.10222	0.00236529 0.0338745
5338	0 1	0.110513 1.12745	0.00235717 0.0338092
5339	0 1	0.102289 1.10231	0.00237650 0.0338677
5340	0 1	0.0952447 1.10306	0.00239627 0.0338978
5341	0 1	0.113281 1.13442	0.00239595 0.0339020
5342	0 1	0.108242 1.12733	0.00239405 0.0338767
5343	0 1	0.103200 1.10671	0.00239599 0.0338723
5344	0 1	0.103255 1.10826	0.00239137 0.0339243
5345	0 1	0.102405 1.09677	0.00239553 0.0339437
5346	0 1	0.0869612 1.06879	0.00239238 0.0339886
5347	0 1	0.0882436 1.08126	0.00238731 0.0339908
5348	0 1	0.0966636 1.09766	0.00237734 0.0340244
5349	0 1	0.0998118 1.11650	0.00237860 0.0339703
5350	0 1	0.110182 1.14646	0.00239288 0.0339962
5351	0 1	0.0950458 1.11489	0.00240526 0.0340333
5352	0 1	0.0883577 1.08788	0.00240644 0.0340212
5353	0 1	0.101992 1.10894	0.00240438 0.0340014
5354	0 1	0.0915644 1.09327	0.00241610 0.0340312
5355	0 1	0.103081 1.12122	0.00238557 0.0339804
5356	0 1	0.0984339 1.10782	0.00241631 0.0340429
5357	0 1	0.0942573 1.11426	0.00241700 0.0340874
5358	0 1	0.113544 1.12073	0.00240562 0.0340813
5359	0 1	0.117066 1.12097	0.00241605 0.0340504
5360	0 1	0.118998 1.13223	0.00241893 0.0340547
5361	0 1	0.0973014 1.09656	0.00241832 0.0340127
5362	0 1	0.105170 1.13187	0.00242658 0.0340240
5363	0 1	0.105858 1.10122	0.00241058 0.0340135
5364	0 1	0.0930838 1.08746	0.00237087 0.0339659
5365	0 1	0.0986424 1.10545	0.00237497 0.0339635
5366	0 1	0.0960709 1.11717	0.00235687 0.0339236
5367	0 1	0.103930 1.11105	0.00236243 0.0338970
5368	0 1	0.110313 1.12574	0.00236938 0.0339582
5369	0 1	0.106173 1.12917	0.00235784 0.0339033
5370	0 1	0.100986 1.10658	0.00236509 0.0339647
5371	0 1	0.108419 1.10799	0.00237008 0.0339772
5372	0 1	0.0871203 1.07290	0.00235139 0.0340042
5373	0 1	0.0990630 1.10489	0.00236529 0.0340102
5374	0 1	0.105525 1.10767	0.00235324 0.0339582
5375	0 1	0.114621 1.11962	0.00233664 0.0339851
5376	0 1	0.100609 1.10041	0.00233281 0.0339913
5377	0 1	0.0908126 1.08208	0.00232793 0.0340089
5378	0 1	0.104035 1.10902	0.00233427 0.0339904
5379	0 1	0.100166 1.10220	0.00233531 0.0339825
5380	0 1	0.101419 1.13155	0.00236389 0.0340105
5381	0 1	0.100851 1.11016	0.00238805 0.0340566
5382	0 1	0.100734 1.10249	0.00239243 0.0340382
5383	0 1	0.102455 1.09937	0.00238981 0.0341043
5384	0 1	0.102473 1.09918	0.00239102 0.0341227
5385	0 1	0.0985371 1.10547	0.00237779 0.0341134
5386	0 1	0.100702 1.11472	0.00237761 0.0340909
5387	0 1	0.0896534 1.08741	0.00237138 0.0340832
5388	0 1	0.0925807 1.09787	0.00234907 0.0340139
5389	0 1	0.0998952 1.10293	0.00235923 0.0340492
5390	0 1	0.105465 1.11462	0.00235284 0.0339872
5391	0 1	0.102882 1.10639	0.00235256 0.0339589
5392	0 1	0.111316 1.15501	0.00236213 0.0339302
5393	0 1	0.0885138 1.08398	0.00235713 0.0339089
5394	0 1	0.107063 1.13064	0.00237359 0.0339179
5395	0 1	0.0870296 1.08621	0.00235831 0.0339135
5396	0 1	0.106982 1.12137	0.00235203 0.0339003
5397	0 1	0.101985 1.09248	0.00235083 0.0339168
5398	0 1	0.102382 1.11716	0.00237923 0.0339658
5399	0 1	0.0993709 1.11820	0.00239040 0.0339834
5400	0 1	0.108867 1.12535	0.00238388 0.0339835
5401	0 1	0.0935189 1.10784	0.00238738 0.0339772
5402	0 1	0.0977751 1.08148	0.00240026 0.0340061
5403	0 1	0.104670 1.12535	0.00238930 0.0339532
5404	0 1	0.108214 1.14674	0.00239977 0.0339376
5405	0 1	0.108343 1.12778	0.00241334 0.0340234
5406	0 1	0.0989613 1.11224	0.00242183 0.0340913
5407	0 1	0.0934650 1.10151	0.00243248 0.0340236
5408	0 1	0.0981264 1.08274	0.00242483 0.0340779
5409	0 1	0.0954024 1.08632	0.00241080 0.0340408
5410	0 1	0.0947242 1.10328	0.00242518 0.0340335
5411	0 1	0.109266 1.12235	0.00245425 0.0340938
5412	0 1	0.0978766 1.10766	0.00246025 0.0341330
5413	0 1	0.0968353 1.11013	0.00248526 0.0341883
5414	0 1	0.121703 1.14259	0.00248023 0.0342464
5415	0 1	0.0957980 1.10174	0.00249337 0.0342666
5416	0 1	0.102224 1.09411	0.00248006 0.0342311
5417	0 1	0.109968 1.11906	0.00249012 0.0342503
5418	0 1	0.101625 1.12643	0.00245797 0.0341186
5419	0 1	0.115712 1.14957	0.00245077 0.0341506
5420	0 1	0.106597 1.13159	0.00243458 0.0340680
5421	0 1	0.0879420 1.09713	0.00242057 0.0340644
5422	0 1	0.0955741 1.08854	0.00242776 0.0341235
5423	0 1	0.105650 1.11396	0.00241408 0.0341636
5424	0 1	0.109953 1.09711	0.00239309 0.0341505
5425	0 1	0.0999645 1.09361	0.00236361 0.0341187
5426	0 1	0.105986 1.12457	0.00236794 0.0341434
5427	0 1	0.106127 1.12332	0.00237845 0.0341860
5428	0 1	0.100815 1.11688	0.00241087 0.0342428
5429	0 1	0.100998 1.10517	0.00241143 0.0342138
5430	0 1	0.107252 1.12660	0.00240388 0.0342471
5431	0 1	0.0998640 1.10951	0.00242160 0.0342857
5432	0 1	0.100218 1.10611	0.00241473 0.0342823
5433	0 1	0.111152 1.12118	0.00242340 0.0343052
5434	0 1	0.105312 1.12766	0.00239817 0.0342429
5435	0 1	0.108506 1.10637	0.00238153 0.0342568
5436	0 1	0.117415 1.13275	0.00236677 0.0341931
5437	0 1	0.106674 1.12566	0.00233277 0.0341333
5438	0 1	0.123873 1.15739	0.00233351 0.0341214
5439	0 1	0.0942091 1.08804	0.00233189 0.0340945
5440	0 1	0.111489 1.11878	0.00233562 0.0341041
5441	0 1	0.100222 1.11362	0.00234107 0.0341258
5442	0 1	0.115624 1.15069	0.00236413 0.0341736
5443	0 1	0.102015 1.10505	0.00236962 0.0341508
5444	0 1	0.0981906 1.11340	0.00238322 0.0341778
5445	0 1	0.0968953 1.08791	0.00238637 0.0341996
5446	0 1	0.104178 1.10987	0.00239763 0.0342065
5447	0 1	0.116649 1.13330	0.00239752 0.0342608
5448	0 1	0.0950800 1.11200	0.00241395 0.0342088
5449	0 1	0.113728 1.11145	0.00242384 0.0342724
5450	0 1	0.0973931 1.11488	0.00243377 0.0342781
5451	0 1	0.100910 1.11789	0.00242608 0.0342734
5452	0 1	0.118065 1.12739	0.00244837 0.0342756
5453	0 1	0.113309 1.13636	0.00241696 0.0342258
5454	0 1	0.110870 1.12367	0.00241480 0.0341721
5455	0 1	0.101303 1.11200	0.00242555 0.0341325
5456	0 1	0.106752 1.10459	0.00241742 0.0341597
5457	0 1	0.0959667 1.11067	0.00240732 0.0340607
5458	0 1	0.0965622 1.09377	0.00241210 0.0340714
5459	0 1	0.109438 1.13187	0.00241546 0.0340876
5460	0 1	0.103326 1.08980	0.00243070 0.0341286
5461	0 1	0.0995783 1.11268	0.00242570 0.0340883
5462	0 1	0.102543 1.11515	0.00243725 0.0341233
5463	0 1	0.0989421 1.11209	0.00245464 0.0341602
5464	0 1	0.102215 1.10593	0.00244564 0.0341132
5465	0 1	0.0952615 1.09555	0.00242857 0.0341162
5466	0 1	0.102061 1.11191	0.00245419 0.0341430
5467	0 1	0.109232 1.12176	0.00245851 0.0341254
5468	0 1	0.0881869 1.08657	0.00244353 0.0340831
5469	0 1	0.102162 1.10068	0.00245289 0.0341045
5470	0 1	0.0980752 1.09485	0.00244700 0.0341632
5471	0 1	0.102020 1.12209	0.00246124 0.0341629
5472	0 1	0.0978375 1.09947	0.00245808 0.0341086
5473	0 1	0.102730 1.11239	0.00246085 0.0340722
5474	0 1	0.100396 1.11136	0.00250056 0.0341077
5475	0 1	0.108116 1.11511	0.00251360 0.0341830
5476	0 1	0.0857863 1.07918	0.00250275 0.0341388
5477	0 1	0.111164 1.13343	0.00247795 0.0340310
5478	0 1	0.0897060 1.10622	0.00246809 0.0340261
5479	0 1	0.122525 1.15541	0.00247659 0.0340586
5480	0 1	0.0930071 1.10181	0.00247987 0.0340483
5481	0 1	0.0931374 1.09916	0.00248694 0.0340279
5482	0 1	0.103885 1.12782	0.00250100 0.0340222
5483	0 1	0.0845029 1.07954	0.00248671 0.0339681
5484	0 1	0.111283 1.15118	0.00248414 0.0339476
5485	0 1	0.0887685 1.07163	0.00249561 0.0339776
5486	0 1	0.103161 1.10889	0.00248008 0.0339297
5487	0 1	0.0970776 1.08111	0.00246948 0.0339412
5488	0 1	0.0903267 1.08926	0.00246773 0.0339420
5489	0 1	0.118136 1.14531	0.00246591 0.0339911
5490	0 1	0.112623 1.12024	0.00247884 0.0340489
5491	0 1	0.0992702 1.11474	0.00246670 0.0340452
5492	0 1	0.103886 1.10916	0.00246082 0.0339808
5493	0 1	0.104468 1.10747	0.00245960 0.0339666
5494	0 1	0.0979130 1.09778	0.00243884 0.0339349
5495	0 1	0.100147 1.09440	0.00243795 0.0339692
5496	0 1	0.107220 1.13868	0.00243474 0.0338841
5497	0 1	0.100311 1.11806	0.00244160 0.0338401
5498	0 1	0.109074 1.12192	0.00244038 0.0338607
5499	0 1	0.0993293 1.11554	0.00241978 0.0338059
5500	0 1	0.0975378 1.09226	0.00241013 0.0337823
5501	0 1	0.105444 1.10621	0.00238709 0.0338163
5502	0 1	0.111262 1.11225	0.00238155 0.0338016
5503	0 1	0.0954625 1.10570	0.00238690 0.0338325
5504	0 1	0.101058 1.13436	0.00240356 0.0339545
5505	0 1	0.110805 1.14151	0.00241519 0.0339260
5506	0 1	0.0932133 1.08125	0.00237729 0.0338506
5507	0 1	0.0965219 1.09207	0.00235019 0.0338125
5508	0 1	0.0895431 1.08765	0.00236197 0.0338748
5509	0 1	0.0909331 1.10175	0.00237351 0.0338896
5510	0 1	0.0976386 1.10287	0.00237612 0.0338879
5511	0 1	0.114715 1.14648	0.00239069 0.0338657
5512	0 1	0.102588 1.10981	0.00239197 0.0339306
5513	0 1	0.104319 1.12250	0.00239965 0.0339790
5514	0 1	0.102233 1.09565	0.00237192 0.0339695
5515	0 1	0.105210 1.08211	0.00234353 0.0339750
5516	0 1	0.0982173 1.12264	0.00235653 0.0340397
5517	0 1	0.103431 1.13106	0.00237808 0.0341033
5518	0 1	0.0975852 1.10476	0.00238332 0.0341329
5519	0 1	0.0930823 1.08594	0.00239735 0.0341681
5520	0 1	0.0878168 1.09336	0.00241453 0.0341335
5521	0 1	0.101586 1.10696	0.00243368 0.0341981
5522	0 1	0.0865894 1.11379	0.00244439 0.0342329
5523	0 1	0.0889121 1.07508	0.00240988 0.0341589
5524	0 1	0.105657 1.14181	0.00242616 0.0341307
5525	0 1	0.102195 1.11197	0.00240736 0.0341888
5526	0 1	0.113512 1.12212	0.00239417 0.0341776
5527	0 1	0.0999838 1.11263	0.00240307 0.0342203
5528	0 1	0.0881951 1.09825	0.00240363 0.0342559
5529	0 1	0.106719 1.13043	0.00238197 0.0342682
5530	0 1	0.0909137 1.09834	0.00238276 0.0342564
5531	0 1	0.101193 1.11124	0.00238324 0.0342016
5532	0 1	0.0933796 1.08867	0.00237948 0.0341512
5533	0 1	0.105354 1.12878	0.00237475 0.0341354
5534	0 1	0.112646 1.11593	0.00237208 0.0341439
5535	0 1	0.0980131 1.09515	0.00233824 0.0341090
5536	0 1	0.102978 1.12460	0.00232727 0.0340788
5537	0 1	0.115777 1.13567	0.00231315 0.0340803
5538	0 1	0.100766 1.10843	0.00231174 0.0340662
5539	0 1	0.101830 1.10937	0.00228201 0.0340419
5540	0 1	0.0909408 1.09465	0.00228094 0.0340324
5541	0 1	0.112304 1.12291	0.00228137 0.0339746
5542	0 1	0.102712 1.11677	0.00228208 0.0339709
5543	0 1	0.104359 1.10940	0.00229893 0.0340616
5544	0 1	0.101713 1.11342	0.00230930 0.0340094
5545	0 1	0.0983548 1.12061	0.00230867 0.0339949
5546	0 1	0.107713 1.10513	0.00230670 0.0339930
5547	0 1	0.100788 1.13956	0.00230578 0.0339638
5548	0 1	0.110053 1.11757	0.00232123 0.0339841
5549	0 1	0.104275 1.11092	0.00229653 0.0340196
5550	0 1	0.113170 1.13022	0.00232103 0.0341032
5551	0 1	0.0938333 1.09480	0.00232547 0.0340827
5552	0 1	0.0905714 1.10881	0.00231409 0.0340579
5553	0 1	0.0965752 1.10043	0.00233514 0.0340532
5554	0 1	0.0965136 1.11296	0.00232791 0.0340404
5555	0 1	0.113316 1.11207	0.00233531 0.0340877
5556	0 1	0.100468 1.10201	0.00233629 0.0341555
5557	0 1	0.0959728 1.09051	0.00233521 0.0341611
5558	0 1	0.0932411 1.09339	0.00233886 0.0341737
5559	0 1	0.0954375 1.11382	0.00232222 0.0341140
5560	0 1	0.0885871 1.08186	0.00231264 0.0341064
5561	0 1	0.0930150 1.09826	0.00231394 0.0341237
5562	0 1	0.0915814 1.07229	0.00230923 0.0340923
5563	0 1	0.0976713 1.11101	0.00229600 0.0340732
5564	0 1	0.100491 1.10133	0.00228013 0.0340387
5565	0 1	0.110849 1.12312	0.00227256 0.0340517
5566	0 1	0.106388 1.11298	0.00227190 0.0340956
5567	0 1	0.106168 1.11958	0.00230046 0.0341411
5568	0 1	0.105191 1.11170	0.00229096 0.0341098
5569	0 1	0.102567 1.08430	0.00229444 0.0341592
5570	0 1	0.120258 1.13056	0.00230247 0.0341847
5571	0 1	0.115620 1.13928	0.00229006 0.0342261
5572	0 1	0.106533 1.12281	0.00229954 0.0341725
5573	0 1	0.0899607 1.10075	0.00231609 0.0341660
5574	0 1	0.102650 1.10228	0.00231880 0.0342078
5575	0 1	0.0964424 1.09155	0.00233456 0.0342302
5576	0 1	0.102084 1.10006	0.00231904 0.0342402
5577	0 1	0.0987348 1.10207	0.00234895 0.0343227
5578	0 1	0.109662 1.11631	0.00234441 0.0343111
5579	0 1	0.111448 1.11855	0.00234053 0.0342935
5580	0 1	0.116147 1.12246	0.00236091 0.0343039
5581	0 1	0.100803 1.12592	0.00236998 0.0343293
5582	0 1	0.111620 1.12921	0.00238309 0.0343351
5583	0 1	0.112330 1.11635	0.00236065 0.0342563
5584	0 1	0.104677 1.11599	0.00237109 0.0342655
5585	0 1	0.107941 1.11419	0.00236448 0.0342777
5586	0 1	0.102476 1.09414	0.00236026 0.0342397
5587	0 1	0.113313 1.14384	0.00236280 0.0342966
5588	0 1	0.0970645 1.09784	0.00237323 0.0343276
5589	0 1	0.105902 1.11160	0.00237362 0.0342689
5590	0 1	0.103745 1.09536	0.00237445 0.0343076
5591	0 1	0.103738 1.10801	0.00238331 0.0342635
5592	0 1	0.0967787 1.12066	0.00239687 0.0342523
5593	0 1	0.110715 1.12429	0.00238004 0.0342193
5594	0 1	0.0957942 1.09587	0.00238572 0.0342304
5595	0 1	0.104684 1.11655	0.00238526 0.0342274
5596	0 1	0.105591 1.10811	0.00239843 0.0342888
5597	0 1	0.106454 1.12976	0.00239235 0.0343308
5598	0 1	0.0929580 1.09580	0.00240930 0.0342907
5599	0 1	0.120342 1.15338	0.00242605 0.0343040
5600	0 1	0.0954092 1.09362	0.00244925 0.0343220
5601	0 1	0.0972024 1.10391	0.00245046 0.0343055
5602	0 1	0.101288 1.10792	0.00241577 0.0342371
5603	0 1	0.100458 1.12221	0.00240994 0.0341775
5604	0 1	0.0985818 1.10977	0.00240678 0.0341690
5605	0 1	0.0983938 1.09537	0.00238844 0.0342068
5606	0 1	0.0871562 1.08273	0.00238811 0.0342439
5607	0 1	0.0986587 1.11841	0.00238132 0.0342597
5608	0 1	0.106221 1.11455	0.00238487 0.0342851
5609	0 1	0.105324 1.12723	0.00237273 0.0342655
5610	0 1	0.100618 1.12118	0.00240233 0.0343347
5611	0 1	0.0983230 1.09217	0.00241880 0.0343212
5612	0 1	0.0930328 1.08567	0.00242418 0.0343020
5613	0 1	0.0951233 1.09868	0.00241433 0.0342951
5614	0 1	0.107171 1.12840	0.00240962 0.0342406
5615	0 1	0.114418 1.12680	0.00240423 0.0341881
5616	0 1	0.110146 1.14742	0.00241180 0.0341759
5617	0 1	0.105141 1.09355	0.00239417 0.0341345
5618	0 1	0.110120 1.14496	0.00239723 0.0340839
5619	0 1	0.0957081 1.10351	0.00237424 0.0340189
5620	0 1	0.103270 1.11582	0.00237512 0.0340248
5621	0 1	0.107218 1.12905	0.00235330 0.0340481
5622	0 1	0.103210 1.10779	0.00236077 0.0340898
5623	0 1	0.0994379 1.10171	0.00236015 0.0341664
5624	0 1	0.107822 1.11110	0.00236108 0.0341544
5625	0 1	0.104070 1.09017	0.00235362 0.0341392
5626	0 1	0.0961410 1.09899	0.00234326 0.0340869
5627	0 1	0.0982640 1.11790	0.00234788 0.0341076
5628	0 1	0.112894 1.15867	0.00236132 0.0341271
5629	0 1	0.0948001 1.09877	0.00238262 0.0341465
5630	0 1	0.108701 1.12639	0.00234831 0.0340359
5631	0 1	0.105401 1.11485	0.00236622 0.0340827
5632	0 1	0.0911408 1.09279	0.00237349 0.0340332
5633	0 1	0.0996638 1.10688	0.00238115 0.0340226
5634	0 1	0.105708 1.11674	0.00236596 0.0339807
5635	0 1	0.103906 1.10858	0.00235852 0.0339299
5636	0 1	0.0998308 1.12395	0.00236103 0.0339536
5637	0 1	0.0982284 1.09813	0.00234272 0.0339224
5638	0 1	0.101834 1.12636	0.00233644 0.0338634
5639	0 1	0.105855 1.12749	0.00234236 0.0338531
5640	0 1	0.0875957 1.08858	0.00233632 0.0338183
5641	0 1	0.0857883 1.08530	0.00234013 0.0338101
5642	0 1	0.107521 1.12021	0.00231553 0.0337291
5643	0 1	0.102862 1.11880	0.00229972 0.0336747
5644	0 1	0.103801 1.11716	0.00229188 0.0337163
5645	0 1	0.102330 1.12441	0.00228742 0.0337107
5646	0 1	0.0982384 1.10163	0.00230361 0.0337093
5647	0 1	0.121376 1.16115	0.00232616 0.0337321
5648	0 1	0.100208 1.10149	0.00233660 0.0337371
5649	0 1	0.115510 1.13235	0.00231987 0.0337490
5650	0 1	0.108983 1.13446	0.00231356 0.0337090
5651	0 1	0.107301 1.11608	0.00230478 0.0337526
5652	0 1	0.119241 1.13434	0.00230741 0.0337535
5653	0 1	0.101556 1.10574	0.00231336 0.0337882
5654	0 1	0.105600 1.12044	0.00232314 0.0338168
5655	0 1	0.101049 1.11980	0.00233087 0.0337905
5656	0 1	0.105696 1.11134	0.00234047 0.0338174
5657	0 1	0.0906190 1.09428	0.00235660 0.0338826
5658	0 1	0.0916410 1.09299	0.00235493 0.0338757
5659	0 1	0.117452 1.14681	0.00239297 0.0339417
5660	0 1	0.0998156 1.11967	0.00239577 0.0339587
5661	0 1	0.122776 1.12835	0.00238589 0.0339746
5662	0 1	0.108624 1.12089	0.00239351 0.0339707
5663	0 1	0.0844267 1.06764	0.00237340 0.0339672
5664	0 1	0.0976969 1.10852	0.00237933 0.0339368
5665	0 1	0.116374 1.13593	0.00240610 0.0340365
5666	0 1	0.0919048 1.10253	0.00240238 0.0340233
5667	0 1	0.0952880 1.11346	0.00240653 0.0340202
5668	0 1	0.104042 1.11706	0.00242527 0.0340060
5669	0 1	0.109166 1.12845	0.00242617 0.0340239
5670	0 1	0.110053 1.11881	0.00240814 0.0340255
5671	0 1	0.106597 1.12713	0.00240356 0.0339475
5672	0 1	0.0945485 1.11533	0.00240335 0.0339252
5673	0 1	0.103755 1.10806	0.00240555 0.0339685
5674	0 1	0.106094 1.10560	0.00238774 0.0339116
5675	0 1	0.104769 1.11329	0.00240741 0.0339827
5676	0 1	0.104169 1.13060	0.00240007 0.0340005
5677	0 1	0.107216 1.11914	0.00240487 0.0340463
5678	0 1	0.0943813 1.09384	0.00239540 0.0340668
5679	0 1	0.103813 1.10744	0.00238270 0.0340371
5680	0 1	0.0939574 1.08583	0.00238976 0.0340486
5681	0 1	0.0999847 1.10208	0.00238549 0.0340322
5682	0 1	0.103977 1.10151	0.00239478 0.0340236
5683	0 1	0.100241 1.10640	0.00239188 0.0340104
5684	0 1	0.0966113 1.09732	0.00239691 0.0340362
5685	0 1	0.0984337 1.09468	0.00237886 0.0340390
5686	0 1	0.0946544 1.08446	0.00237569 0.0340154
5687	0 1	0.103748 1.11452	0.00237967 0.0340025
5688	0 1	0.0992805 1.11880	0.00238442 0.0339860
5689	0 1	0.100491 1.10833	0.00240031 0.0340521
5690	0 1	0.101530 1.11253	0.00238216 0.0339871
5691	0 1	0.0976819 1.11355	0.00240210 0.0340239
5692	0 1	0.0987442 1.09850	0.00240251 0.0340268
5693	0 1	0.112025 1.12050	0.00239274 0.0340657
5694	0 1	0.100549 1.10062	0.00237766 0.0340509
5695	0 1	0.105454 1.11140	0.00235972 0.0340072
5696	0 1	0.120715 1.13779	0.00235667 0.0340493
5697	0 1	0.0945921 1.09294	0.00234117 0.0341011
5698	0 1	0.102698 1.10439	0.00234327 0.0341052
5699	0 1	0.108826 1.11464	0.00234864 0.0341230
5700	0 1	0.0944220 1.09884	0.00234542 0.0340588
5701	0 1	0.104802 1.12814	0.00236995 0.0341054
5702	0 1	0.0872525 1.08872	0.00238190 0.0340911
5703	0 1	0.0979638 1.10167	0.00239798 0.0340720
5704	0 1	0.0994189 1.10606	0.00241992 0.0341136
5705	0 1	0.103093 1.11846	0.00244529 0.0342042
5706	0 1	0.0993731 1.10233	0.00243243 0.0341524
5707	0 1	0.102308 1.12947	0.00241824 0.0341322
5708	0 1	0.0957021 1.09787	0.00242698 0.0341347
5709	0 1	0.0890733 1.10201	0.00243747 0.0341002
5710	0 1	0.113076 1.11982	0.00244678 0.0340729
5711	0 1	0.0850105 1.06467	0.00244158 0.0340958
# bestKL= 0.0024415823536221913 0.03409577625287309  step= 5711
5712	0 1	0.0965772 1.08187	0.00242987 0.0340689
# bestKL= 0.002429867766428537 0.03406885021306678  step= 5712
5713	0 1	0.108369 1.11269	0.00240508 0.0340817
5714	0 1	0.0916991 1.08468	0.00239631 0.0340918
5715	0 1	0.0990304 1.11454	0.00242193 0.0341555
5716	0 1	0.100539 1.09693	0.00241591 0.0341146
5717	0 1	0.103199 1.13447	0.00241028 0.0340141
# bestKL= 0.002410276602877825 0.034014064433469514  step= 5717
5718	0 1	0.112132 1.13749	0.00243210 0.0340468
5719	0 1	0.112907 1.12611	0.00242321 0.0340605
5720	0 1	0.103496 1.13131	0.00243813 0.0340432
5721	0 1	0.0924263 1.09115	0.00245044 0.0340784
5722	0 1	0.113425 1.11246	0.00245282 0.0341123
5723	0 1	0.0844613 1.08710	0.00247065 0.0341717
5724	0 1	0.0938553 1.11213	0.00248175 0.0341853
5725	0 1	0.0940689 1.09730	0.00246213 0.0342183
5726	0 1	0.115710 1.14289	0.00247881 0.0342190
5727	0 1	0.100723 1.10714	0.00246646 0.0341523
5728	0 1	0.100409 1.11360	0.00247004 0.0341952
5729	0 1	0.0954348 1.10990	0.00246414 0.0341619
5730	0 1	0.108436 1.11178	0.00247021 0.0341663
5731	0 1	0.101594 1.12279	0.00247517 0.0341951
5732	0 1	0.0969109 1.09835	0.00247049 0.0341957
5733	0 1	0.107033 1.11568	0.00245588 0.0340742
5734	0 1	0.0899774 1.08864	0.00246377 0.0339931
# bestKL= 0.0024637725108260975 0.0339931137256347  step= 5734
5735	0 1	0.103405 1.12141	0.00245197 0.0339373
# bestKL= 0.0024519738981089224 0.03393734780931659  step= 5735
5736	0 1	0.0904379 1.09407	0.00243312 0.0339477
5737	0 1	0.112320 1.14485	0.00244397 0.0339861
5738	0 1	0.0921859 1.10317	0.00244225 0.0339659
5739	0 1	0.110137 1.12135	0.00244908 0.0339144
# bestKL= 0.0024490776671313684 0.03391436370562901  step= 5739
5740	0 1	0.101780 1.10298	0.00244682 0.0339572
5741	0 1	0.101425 1.09992	0.00245070 0.0339803
5742	0 1	0.115677 1.13009	0.00244999 0.0339438
5743	0 1	0.104389 1.09869	0.00243231 0.0339584
5744	0 1	0.0878690 1.09005	0.00241708 0.0339487
5745	0 1	0.0964067 1.11614	0.00243033 0.0339775
5746	0 1	0.104364 1.11787	0.00243542 0.0339302
5747	0 1	0.100988 1.10174	0.00241719 0.0339767
5748	0 1	0.0963912 1.10252	0.00242607 0.0339480
5749	0 1	0.102612 1.10982	0.00244196 0.0339355
5750	0 1	0.0993873 1.10795	0.00242086 0.0339014
# bestKL= 0.0024208578089988625 0.0339013953835728  step= 5750
5751	0 1	0.101693 1.10160	0.00241913 0.0338602
# bestKL= 0.0024191342095001285 0.033860184115207165  step= 5751
5752	0 1	0.115842 1.13079	0.00239299 0.0339298
5753	0 1	0.104955 1.12555	0.00241963 0.0339524
5754	0 1	0.108230 1.10515	0.00239822 0.0339574
5755	0 1	0.0987205 1.10760	0.00242162 0.0340584
5756	0 1	0.105427 1.13060	0.00240975 0.0340317
5757	0 1	0.0988628 1.10585	0.00241497 0.0340750
5758	0 1	0.106272 1.10932	0.00243597 0.0340788
5759	0 1	0.101328 1.11148	0.00242355 0.0340817
5760	0 1	0.101296 1.09938	0.00242029 0.0340441
5761	0 1	0.100240 1.11647	0.00238567 0.0339853
5762	0 1	0.111817 1.11778	0.00238958 0.0340063
5763	0 1	0.0936916 1.10601	0.00240266 0.0340014
5764	0 1	0.107846 1.09019	0.00239921 0.0340103
5765	0 1	0.108104 1.11660	0.00241362 0.0340425
5766	0 1	0.106441 1.13515	0.00241801 0.0340425
5767	0 1	0.108116 1.11789	0.00242582 0.0339382
5768	0 1	0.0924240 1.08225	0.00239481 0.0338841
5769	0 1	0.110127 1.11290	0.00241190 0.0338731
5770	0 1	0.108635 1.12936	0.00241754 0.0338757
5771	0 1	0.0962858 1.08991	0.00241277 0.0338573
# bestKL= 0.0024127723731551193 0.03385734093888957  step= 5771
5772	0 1	0.0973212 1.10725	0.00240880 0.0338740
5773	0 1	0.0982506 1.11086	0.00242143 0.0339053
5774	0 1	0.115517 1.13105	0.00243203 0.0339103
5775	0 1	0.0942933 1.12080	0.00243181 0.0338246
# bestKL= 0.002431809850466397 0.03382455114320145  step= 5775
5776	0 1	0.103244 1.10365	0.00243542 0.0338447
5777	0 1	0.0965000 1.09748	0.00242712 0.0337722
# bestKL= 0.0024271200938660174 0.03377217610086448  step= 5777
5778	0 1	0.0893324 1.09571	0.00243298 0.0337147
# bestKL= 0.002432975733300762 0.03371471717000928  step= 5778
5779	0 1	0.123194 1.11108	0.00243670 0.0337177
5780	0 1	0.0995351 1.11165	0.00243604 0.0336907
# bestKL= 0.0024360374798646513 0.03369071234662877  step= 5780
5781	0 1	0.105572 1.10920	0.00243487 0.0336579
# bestKL= 0.002434865526552588 0.03365790919056249  step= 5781
5782	0 1	0.119784 1.14169	0.00244778 0.0336710
5783	0 1	0.0988790 1.10782	0.00247297 0.0337861
5784	0 1	0.100392 1.10682	0.00247803 0.0338004
5785	0 1	0.0883366 1.08845	0.00246426 0.0337937
5786	0 1	0.102241 1.09895	0.00245335 0.0337859
5787	0 1	0.105687 1.10023	0.00246456 0.0338711
5788	0 1	0.0949259 1.10011	0.00247860 0.0338923
5789	0 1	0.109458 1.12606	0.00247515 0.0338676
5790	0 1	0.105312 1.11833	0.00250469 0.0338794
5791	0 1	0.107720 1.12261	0.00250303 0.0338543
5792	0 1	0.106668 1.11078	0.00247510 0.0338317
5793	0 1	0.115893 1.13408	0.00246533 0.0338734
5794	0 1	0.0988968 1.10285	0.00245347 0.0338423
5795	0 1	0.0996551 1.10828	0.00244139 0.0338478
5796	0 1	0.114411 1.13681	0.00244619 0.0338296
5797	0 1	0.109982 1.12654	0.00242809 0.0337986
5798	0 1	0.107983 1.11126	0.00243354 0.0338479
5799	0 1	0.0921603 1.09419	0.00243681 0.0338877
5800	0 1	0.0949222 1.09301	0.00241725 0.0338528
5801	0 1	0.0949034 1.10560	0.00239101 0.0338467
5802	0 1	0.100960 1.09846	0.00238073 0.0338503
5803	0 1	0.101924 1.11507	0.00239742 0.0338430
5804	0 1	0.103449 1.11452	0.00239829 0.0338357
5805	0 1	0.104984 1.10431	0.00239953 0.0338552
5806	0 1	0.113599 1.13126	0.00238591 0.0338358
5807	0 1	0.0879488 1.09276	0.00237711 0.0338317
5808	0 1	0.120459 1.13006	0.00237459 0.0338049
5809	0 1	0.0917632 1.08942	0.00236773 0.0338572
5810	0 1	0.0980549 1.10432	0.00237234 0.0338448
5811	0 1	0.104146 1.12099	0.00236377 0.0338483
5812	0 1	0.105179 1.12921	0.00234875 0.0337893
5813	0 1	0.105326 1.11155	0.00235833 0.0338556
5814	0 1	0.112186 1.13870	0.00234313 0.0338692
5815	0 1	0.0964351 1.11795	0.00234972 0.0338703
5816	0 1	0.100971 1.10341	0.00234380 0.0338786
5817	0 1	0.104288 1.12454	0.00233875 0.0338627
5818	0 1	0.104040 1.11543	0.00234482 0.0338344
5819	0 1	0.106490 1.13103	0.00235564 0.0338143
5820	0 1	0.0947613 1.11291	0.00235876 0.0337924
5821	0 1	0.0937849 1.10577	0.00233988 0.0337785
5822	0 1	0.0931812 1.09172	0.00233111 0.0337266
5823	0 1	0.0966166 1.10992	0.00233194 0.0336936
5824	0 1	0.101207 1.11031	0.00234866 0.0337349
5825	0 1	0.0900107 1.08936	0.00234102 0.0337019
5826	0 1	0.106075 1.11675	0.00232006 0.0337003
5827	0 1	0.109612 1.13810	0.00233039 0.0336746
5828	0 1	0.0958902 1.09217	0.00231910 0.0336536
# bestKL= 0.002319096367253001 0.033653587965887834  step= 5828
5829	0 1	0.104973 1.11417	0.00232410 0.0336584
5830	0 1	0.109370 1.12595	0.00231806 0.0336516
# bestKL= 0.0023180637376100763 0.03365158631536227  step= 5830
5831	0 1	0.0961015 1.09047	0.00231423 0.0336292
# bestKL= 0.0023142305123425664 0.033629195075566616  step= 5831
5832	0 1	0.0831103 1.07272	0.00232322 0.0336461
5833	0 1	0.116962 1.12727	0.00232789 0.0336461
5834	0 1	0.0943690 1.09120	0.00232042 0.0335974
# bestKL= 0.0023204151340996803 0.03359742063700609  step= 5834
5835	0 1	0.0933884 1.09429	0.00232750 0.0336289
5836	0 1	0.103556 1.10821	0.00232762 0.0336336
5837	0 1	0.115722 1.14245	0.00233705 0.0335772
# bestKL= 0.002337050764776143 0.03357715581854991  step= 5837
5838	0 1	0.117168 1.12793	0.00234733 0.0336192
5839	0 1	0.0958163 1.10137	0.00234718 0.0336035
5840	0 1	0.106753 1.10332	0.00235810 0.0337062
5841	0 1	0.0962856 1.09498	0.00236491 0.0337509
5842	0 1	0.109882 1.14408	0.00232574 0.0336777
5843	0 1	0.0997239 1.11312	0.00234551 0.0337109
5844	0 1	0.0971272 1.10825	0.00233429 0.0335906
5845	0 1	0.0950216 1.09620	0.00233503 0.0335475
# bestKL= 0.0023350320792235642 0.033547453307245706  step= 5845
5846	0 1	0.0999891 1.12020	0.00230944 0.0334785
# bestKL= 0.0023094405262261805 0.033478507782680404  step= 5846
5847	0 1	0.0926908 1.09196	0.00232687 0.0334755
# bestKL= 0.0023268695338719944 0.03347551312191502  step= 5847
5848	0 1	0.0991160 1.09378	0.00233213 0.0335208
5849	0 1	0.0989126 1.09875	0.00232798 0.0334944
5850	0 1	0.103055 1.11684	0.00233228 0.0334969
5851	0 1	0.103246 1.10873	0.00233479 0.0335149
5852	0 1	0.106040 1.11206	0.00232552 0.0335134
5853	0 1	0.0980003 1.08822	0.00231135 0.0334390
# bestKL= 0.0023113506817619327 0.033439011754875216  step= 5853
5854	0 1	0.0964195 1.08763	0.00232019 0.0334995
5855	0 1	0.0921804 1.10012	0.00229936 0.0334540
5856	0 1	0.0988516 1.09808	0.00230550 0.0334498
5857	0 1	0.0978128 1.11511	0.00232567 0.0334815
5858	0 1	0.106440 1.10852	0.00232288 0.0335128
5859	0 1	0.113057 1.13248	0.00231525 0.0334942
5860	0 1	0.0962176 1.10555	0.00230503 0.0334463
5861	0 1	0.0911035 1.09895	0.00229570 0.0334495
5862	0 1	0.104081 1.11180	0.00227411 0.0334502
5863	0 1	0.101264 1.10703	0.00229702 0.0334631
5864	0 1	0.103621 1.12016	0.00231640 0.0334855
5865	0 1	0.0928280 1.09927	0.00232724 0.0335028
5866	0 1	0.102907 1.10434	0.00229349 0.0334677
5867	0 1	0.104789 1.11027	0.00232029 0.0335429
5868	0 1	0.109329 1.13865	0.00233020 0.0335148
5869	0 1	0.103723 1.11279	0.00234137 0.0335127
5870	0 1	0.102159 1.09608	0.00231395 0.0334821
5871	0 1	0.108907 1.11788	0.00231265 0.0335434
5872	0 1	0.108810 1.11600	0.00228872 0.0335453
5873	0 1	0.100551 1.10367	0.00228228 0.0335667
5874	0 1	0.115127 1.13317	0.00228203 0.0335450
5875	0 1	0.101361 1.10381	0.00229650 0.0335367
5876	0 1	0.0977641 1.10380	0.00227845 0.0335145
5877	0 1	0.104061 1.13166	0.00229907 0.0335548
5878	0 1	0.0949656 1.10308	0.00229793 0.0335397
5879	0 1	0.107847 1.11134	0.00228450 0.0335481
5880	0 1	0.104790 1.11006	0.00225904 0.0335263
5881	0 1	0.111538 1.12630	0.00229417 0.0335841
5882	0 1	0.0923216 1.11487	0.00229867 0.0335964
5883	0 1	0.0922729 1.11742	0.00231043 0.0335717
5884	0 1	0.0994487 1.10159	0.00231602 0.0336057
5885	0 1	0.0904419 1.08633	0.00230617 0.0335574
5886	0 1	0.0917456 1.08558	0.00229579 0.0334819
5887	0 1	0.104262 1.10866	0.00230753 0.0334862
5888	0 1	0.104346 1.11485	0.00229092 0.0334348
# bestKL= 0.0022909161558677268 0.03343476259837623  step= 5888
5889	0 1	0.0987689 1.09777	0.00230167 0.0334498
5890	0 1	0.0933566 1.11235	0.00234248 0.0334679
5891	0 1	0.104806 1.11752	0.00232292 0.0334575
5892	0 1	0.111451 1.12165	0.00234820 0.0335154
5893	0 1	0.111613 1.12627	0.00233676 0.0334391
5894	0 1	0.0869293 1.08814	0.00235639 0.0334765
5895	0 1	0.104902 1.12335	0.00237136 0.0334883
5896	0 1	0.108068 1.12132	0.00239504 0.0335570
5897	0 1	0.103831 1.09922	0.00238085 0.0335251
5898	0 1	0.0926516 1.10379	0.00238178 0.0335490
5899	0 1	0.115677 1.14031	0.00238693 0.0336024
5900	0 1	0.0923287 1.11227	0.00238670 0.0336392
5901	0 1	0.104969 1.14145	0.00236013 0.0335951
5902	0 1	0.0931003 1.10931	0.00239024 0.0336419
5903	0 1	0.107909 1.13030	0.00239480 0.0336223
5904	0 1	0.111601 1.11130	0.00240857 0.0336417
5905	0 1	0.108932 1.13350	0.00241695 0.0336168
5906	0 1	0.115681 1.11113	0.00241764 0.0336108
5907	0 1	0.0996459 1.12139	0.00240802 0.0335915
5908	0 1	0.108972 1.11246	0.00242683 0.0336224
5909	0 1	0.0983478 1.11503	0.00242682 0.0336668
5910	0 1	0.0950514 1.10642	0.00241194 0.0336597
5911	0 1	0.104557 1.12909	0.00239946 0.0336027
5912	0 1	0.100099 1.10987	0.00240383 0.0336092
5913	0 1	0.114345 1.13111	0.00239649 0.0336242
5914	0 1	0.0945924 1.09771	0.00238380 0.0335808
5915	0 1	0.109763 1.09059	0.00235433 0.0334351
5916	0 1	0.104005 1.13684	0.00235329 0.0334328
# bestKL= 0.002353287205656906 0.03343283314496843  step= 5916
5917	0 1	0.109438 1.12660	0.00234843 0.0334608
5918	0 1	0.102003 1.09613	0.00236314 0.0334939
5919	0 1	0.103355 1.09835	0.00235899 0.0334706
5920	0 1	0.103557 1.12575	0.00233669 0.0334311
# bestKL= 0.002336689331124084 0.03343107149162892  step= 5920
5921	0 1	0.111521 1.11975	0.00232589 0.0334364
5922	0 1	0.103433 1.13229	0.00233724 0.0334689
5923	0 1	0.0923020 1.11750	0.00235325 0.0334349
5924	0 1	0.0918377 1.08034	0.00235744 0.0334868
5925	0 1	0.105019 1.12051	0.00236363 0.0334308
# bestKL= 0.0023636267516688506 0.033430827787949334  step= 5925
5926	0 1	0.0963668 1.09231	0.00235119 0.0333625
# bestKL= 0.0023511934321040944 0.03336254972146542  step= 5926
5927	0 1	0.108351 1.13516	0.00235696 0.0333747
5928	0 1	0.0960171 1.08901	0.00237579 0.0333996
5929	0 1	0.0966941 1.10067	0.00238686 0.0333439
# bestKL= 0.0023868607154827995 0.03334388957324649  step= 5929
5930	0 1	0.107069 1.11314	0.00239683 0.0333664
5931	0 1	0.105100 1.11863	0.00239252 0.0333988
5932	0 1	0.0929220 1.09051	0.00239784 0.0334320
5933	0 1	0.0931704 1.08791	0.00239751 0.0334621
5934	0 1	0.100614 1.09894	0.00241441 0.0335196
5935	0 1	0.100958 1.10807	0.00242168 0.0334979
5936	0 1	0.0917093 1.08015	0.00239946 0.0335102
5937	0 1	0.100730 1.11552	0.00239343 0.0334584
5938	0 1	0.0946405 1.08609	0.00237237 0.0334283
5939	0 1	0.124426 1.14474	0.00241529 0.0335042
5940	0 1	0.0956204 1.09365	0.00241358 0.0335126
5941	0 1	0.0994738 1.11162	0.00244378 0.0335644
5942	0 1	0.100816 1.09850	0.00246477 0.0336124
5943	0 1	0.123615 1.15150	0.00246140 0.0336390
5944	0 1	0.105140 1.12035	0.00245454 0.0336779
5945	0 1	0.104103 1.11029	0.00242362 0.0336692
5946	0 1	0.0925324 1.08576	0.00242527 0.0337315
5947	0 1	0.103344 1.12488	0.00241432 0.0337578
5948	0 1	0.0997152 1.11827	0.00240878 0.0338170
5949	0 1	0.106518 1.12414	0.00241644 0.0338552
5950	0 1	0.0907423 1.09312	0.00240476 0.0338791
5951	0 1	0.107522 1.12788	0.00242282 0.0338988
5952	0 1	0.0937483 1.09584	0.00241116 0.0339177
5953	0 1	0.0953663 1.09979	0.00241474 0.0339251
5954	0 1	0.110553 1.11538	0.00242288 0.0339918
5955	0 1	0.120289 1.14952	0.00242116 0.0340058
5956	0 1	0.0957101 1.11635	0.00242871 0.0340576
5957	0 1	0.0956879 1.11116	0.00243291 0.0340496
5958	0 1	0.111832 1.14043	0.00245170 0.0340544
5959	0 1	0.102605 1.10936	0.00244320 0.0339709
5960	0 1	0.103082 1.12103	0.00242401 0.0339245
5961	0 1	0.0966664 1.08029	0.00239705 0.0339512
5962	0 1	0.0942499 1.10389	0.00238367 0.0339376
5963	0 1	0.0963747 1.09481	0.00240441 0.0339716
5964	0 1	0.0938175 1.12090	0.00240199 0.0339303
5965	0 1	0.104617 1.12779	0.00238974 0.0339310
5966	0 1	0.100484 1.10554	0.00237360 0.0339304
5967	0 1	0.0988805 1.08885	0.00239152 0.0339307
5968	0 1	0.117795 1.16240	0.00240878 0.0339999
5969	0 1	0.0913081 1.08264	0.00240359 0.0339915
5970	0 1	0.0914440 1.08191	0.00241319 0.0339823
5971	0 1	0.0933100 1.09704	0.00241756 0.0340331
5972	0 1	0.0998840 1.10255	0.00238967 0.0339934
5973	0 1	0.0954194 1.10398	0.00239297 0.0339360
5974	0 1	0.101260 1.11605	0.00235594 0.0338585
5975	0 1	0.101392 1.11526	0.00237965 0.0338975
5976	0 1	0.110953 1.13189	0.00239646 0.0339230
5977	0 1	0.131001 1.17986	0.00240550 0.0339429
5978	0 1	0.109734 1.12125	0.00241717 0.0339023
5979	0 1	0.102483 1.11326	0.00239679 0.0338529
5980	0 1	0.107144 1.13720	0.00236601 0.0338266
5981	0 1	0.106747 1.10463	0.00239208 0.0338664
5982	0 1	0.0998529 1.10008	0.00241184 0.0339186
5983	0 1	0.0853349 1.08915	0.00242137 0.0339146
5984	0 1	0.106095 1.10579	0.00239561 0.0338821
5985	0 1	0.114371 1.11269	0.00239518 0.0338975
5986	0 1	0.109589 1.12527	0.00238990 0.0339024
5987	0 1	0.117926 1.13202	0.00240593 0.0339603
5988	0 1	0.100138 1.10002	0.00240930 0.0339647
5989	0 1	0.107487 1.11568	0.00239657 0.0338989
5990	0 1	0.0988163 1.10781	0.00239904 0.0339035
5991	0 1	0.109424 1.12687	0.00239529 0.0339381
5992	0 1	0.0984299 1.09721	0.00236640 0.0338600
5993	0 1	0.100804 1.10809	0.00235509 0.0338761
5994	0 1	0.103264 1.09570	0.00235483 0.0338824
5995	0 1	0.102253 1.12376	0.00236744 0.0338781
5996	0 1	0.0878901 1.09207	0.00237611 0.0338882
5997	0 1	0.108945 1.11687	0.00236501 0.0338588
5998	0 1	0.107482 1.11659	0.00236009 0.0338422
5999	0 1	0.107327 1.11766	0.00233594 0.0338582
6000	0 1	0.0938654 1.10030	0.00232519 0.0338404
6001	0 1	0.104591 1.11876	0.00234044 0.0338426
6002	0 1	0.113997 1.14066	0.00232491 0.0338180
6003	0 1	0.114254 1.11829	0.00233893 0.0338277
6004	0 1	0.0932664 1.11031	0.00233904 0.0337665
6005	0 1	0.0966126 1.09620	0.00234090 0.0337423
6006	0 1	0.106606 1.11258	0.00232912 0.0336687
6007	0 1	0.103076 1.13220	0.00232593 0.0336573
6008	0 1	0.0956013 1.09560	0.00231747 0.0336729
6009	0 1	0.123175 1.14888	0.00231892 0.0336983
6010	0 1	0.100170 1.10479	0.00232915 0.0337676
6011	0 1	0.0974881 1.10474	0.00234763 0.0337881
6012	0 1	0.126427 1.16434	0.00236536 0.0338047
6013	0 1	0.103132 1.12556	0.00239291 0.0338041
6014	0 1	0.113363 1.13434	0.00238113 0.0337991
6015	0 1	0.116793 1.12013	0.00238456 0.0338052
6016	0 1	0.104421 1.11165	0.00242059 0.0338884
6017	0 1	0.0982074 1.10948	0.00241513 0.0338414
6018	0 1	0.0893620 1.08240	0.00241412 0.0338319
6019	0 1	0.0937932 1.10466	0.00240578 0.0337957
6020	0 1	0.0950541 1.09226	0.00241759 0.0338587
6021	0 1	0.109914 1.11921	0.00242728 0.0338665
6022	0 1	0.107700 1.10557	0.00242984 0.0339114
6023	0 1	0.103646 1.12247	0.00246672 0.0339659
6024	0 1	0.0993992 1.11489	0.00246033 0.0339568
6025	0 1	0.104835 1.11681	0.00244182 0.0339453
6026	0 1	0.108858 1.11390	0.00242530 0.0338780
6027	0 1	0.0977045 1.11294	0.00244559 0.0338927
6028	0 1	0.103008 1.12045	0.00245852 0.0339109
6029	0 1	0.114814 1.12961	0.00246043 0.0339407
6030	0 1	0.117298 1.14597	0.00245457 0.0339650
6031	0 1	0.101973 1.12440	0.00244942 0.0339275
6032	0 1	0.0947065 1.08983	0.00243487 0.0339110
6033	0 1	0.0942995 1.08818	0.00241726 0.0338749
6034	0 1	0.117874 1.15668	0.00241547 0.0338850
6035	0 1	0.103626 1.11869	0.00244437 0.0339666
6036	0 1	0.109458 1.10870	0.00243060 0.0339451
6037	0 1	0.0874104 1.09505	0.00242484 0.0339013
6038	0 1	0.0981580 1.11784	0.00241393 0.0338824
6039	0 1	0.111429 1.12898	0.00240658 0.0339070
6040	0 1	0.0953906 1.10719	0.00242109 0.0338613
6041	0 1	0.0999959 1.09743	0.00241226 0.0338882
6042	0 1	0.0951510 1.09251	0.00243596 0.0339108
6043	0 1	0.0964852 1.09766	0.00243340 0.0338906
6044	0 1	0.0999108 1.12170	0.00242710 0.0338457
6045	0 1	0.0993232 1.09676	0.00243832 0.0338346
6046	0 1	0.0959689 1.08816	0.00242780 0.0338142
6047	0 1	0.0948298 1.10685	0.00241320 0.0337721
6048	0 1	0.101596 1.09636	0.00239438 0.0337257
6049	0 1	0.0984535 1.08962	0.00239479 0.0337222
6050	0 1	0.0833919 1.08040	0.00238291 0.0336975
6051	0 1	0.104369 1.08691	0.00238747 0.0337237
6052	0 1	0.101021 1.10856	0.00239725 0.0337158
6053	0 1	0.0984043 1.09682	0.00240075 0.0337191
6054	0 1	0.0946462 1.10344	0.00241005 0.0337823
6055	0 1	0.105173 1.09512	0.00239623 0.0337601
6056	0 1	0.0982460 1.11166	0.00241886 0.0338360
6057	0 1	0.106158 1.11027	0.00239111 0.0338331
6058	0 1	0.102402 1.10567	0.00238805 0.0337682
6059	0 1	0.0940403 1.10563	0.00239882 0.0337661
6060	0 1	0.0887369 1.07912	0.00238775 0.0336962
6061	0 1	0.112563 1.12935	0.00240453 0.0337895
6062	0 1	0.107289 1.14258	0.00242777 0.0337847
6063	0 1	0.0996638 1.09794	0.00244559 0.0337857
6064	0 1	0.107556 1.11833	0.00245818 0.0338270
6065	0 1	0.0956739 1.09454	0.00245473 0.0338086
6066	0 1	0.106039 1.12253	0.00245803 0.0337397
6067	0 1	0.111252 1.12923	0.00244044 0.0337541
6068	0 1	0.110766 1.13950	0.00243294 0.0337826
6069	0 1	0.0980266 1.09699	0.00242983 0.0338377
6070	0 1	0.101352 1.12128	0.00242994 0.0338407
6071	0 1	0.0944202 1.11618	0.00244285 0.0338607
6072	0 1	0.0946274 1.10349	0.00243065 0.0338725
6073	0 1	0.0960949 1.10111	0.00243308 0.0338741
6074	0 1	0.101082 1.08362	0.00241243 0.0338706
6075	0 1	0.104653 1.12053	0.00240253 0.0338463
6076	0 1	0.0984853 1.09639	0.00240388 0.0338701
6077	0 1	0.102674 1.12176	0.00241783 0.0338829
6078	0 1	0.106225 1.12673	0.00240887 0.0338482
6079	0 1	0.0995684 1.11051	0.00237957 0.0337539
6080	0 1	0.0980400 1.09475	0.00237737 0.0337373
6081	0 1	0.0959303 1.08558	0.00238326 0.0338168
6082	0 1	0.112570 1.12667	0.00240647 0.0338687
6083	0 1	0.110470 1.12513	0.00242840 0.0339119
6084	0 1	0.122573 1.14654	0.00240710 0.0338708
6085	0 1	0.0935607 1.09350	0.00240037 0.0338385
6086	0 1	0.105723 1.12321	0.00239952 0.0338683
6087	0 1	0.0960284 1.09636	0.00239808 0.0338026
6088	0 1	0.108385 1.10329	0.00240584 0.0338059
6089	0 1	0.100591 1.08703	0.00241073 0.0337605
6090	0 1	0.106182 1.12354	0.00241792 0.0338154
6091	0 1	0.0961523 1.10792	0.00242161 0.0337893
6092	0 1	0.0963476 1.10374	0.00242196 0.0337526
6093	0 1	0.0947743 1.10273	0.00242110 0.0337105
6094	0 1	0.0957772 1.11078	0.00244031 0.0337679
6095	0 1	0.0993547 1.12475	0.00246145 0.0337444
6096	0 1	0.0944084 1.08698	0.00245991 0.0337324
6097	0 1	0.111653 1.13392	0.00245527 0.0337805
6098	0 1	0.105094 1.10776	0.00243924 0.0338009
6099	0 1	0.0965019 1.09130	0.00242997 0.0337876
6100	0 1	0.0913775 1.07473	0.00241630 0.0337105
6101	0 1	0.108426 1.13051	0.00241485 0.0336926
6102	0 1	0.108860 1.13072	0.00241415 0.0336703
6103	0 1	0.109753 1.13025	0.00241141 0.0336437
6104	0 1	0.0937163 1.09836	0.00241137 0.0336440
6105	0 1	0.104551 1.11984	0.00241466 0.0336534
6106	0 1	0.100644 1.11235	0.00243009 0.0336871
6107	0 1	0.0925457 1.08007	0.00243355 0.0337091
6108	0 1	0.110523 1.10977	0.00244833 0.0338070
6109	0 1	0.102366 1.10390	0.00245141 0.0338392
6110	0 1	0.104596 1.10444	0.00242315 0.0338299
6111	0 1	0.100589 1.09249	0.00242511 0.0337687
6112	0 1	0.0924587 1.09310	0.00243954 0.0337785
6113	0 1	0.0986078 1.10351	0.00243497 0.0338004
6114	0 1	0.0974253 1.09114	0.00243884 0.0337743
6115	0 1	0.100006 1.11177	0.00245022 0.0337507
6116	0 1	0.101101 1.09216	0.00243145 0.0337907
6117	0 1	0.104346 1.12296	0.00242703 0.0337699
6118	0 1	0.106374 1.11605	0.00241925 0.0337852
6119	0 1	0.0935730 1.08020	0.00239261 0.0337075
6120	0 1	0.0894544 1.09421	0.00239165 0.0336813
6121	0 1	0.115495 1.12178	0.00239284 0.0336980
6122	0 1	0.105612 1.10428	0.00241230 0.0337519
6123	0 1	0.101657 1.11457	0.00239987 0.0337623
6124	0 1	0.114345 1.14269	0.00240940 0.0337433
6125	0 1	0.0981359 1.10904	0.00240778 0.0337320
6126	0 1	0.0953084 1.08686	0.00239940 0.0336658
6127	0 1	0.100662 1.09842	0.00235334 0.0335947
6128	0 1	0.0995814 1.09324	0.00232845 0.0335634
6129	0 1	0.0958274 1.08794	0.00234035 0.0335752
6130	0 1	0.103426 1.13637	0.00235278 0.0335806
6131	0 1	0.100381 1.11468	0.00235430 0.0335583
6132	0 1	0.0914968 1.09679	0.00236740 0.0335314
6133	0 1	0.101321 1.10204	0.00236833 0.0335286
6134	0 1	0.101429 1.10850	0.00238940 0.0335858
6135	0 1	0.0888234 1.09358	0.00239747 0.0335902
6136	0 1	0.0878866 1.06344	0.00241193 0.0335935
6137	0 1	0.103071 1.10448	0.00237468 0.0335868
6138	0 1	0.102382 1.11117	0.00236957 0.0335889
6139	0 1	0.0949672 1.09763	0.00238463 0.0336113
6140	0 1	0.106626 1.10993	0.00238621 0.0336562
6141	0 1	0.100410 1.10776	0.00241916 0.0337656
6142	0 1	0.112634 1.11875	0.00241722 0.0337656
6143	0 1	0.102915 1.12153	0.00242465 0.0337518
6144	0 1	0.108713 1.13116	0.00241411 0.0337689
6145	0 1	0.117252 1.12861	0.00242875 0.0337867
6146	0 1	0.0982415 1.11019	0.00244856 0.0337845
6147	0 1	0.104516 1.11592	0.00245722 0.0337794
6148	0 1	0.103571 1.10900	0.00246418 0.0338102
6149	0 1	0.0963661 1.10988	0.00247533 0.0338058
6150	0 1	0.103056 1.11648	0.00247727 0.0338742
6151	0 1	0.106098 1.12681	0.00248091 0.0340104
6152	0 1	0.114716 1.13630	0.00248176 0.0339752
6153	0 1	0.111737 1.13828	0.00246432 0.0339709
6154	0 1	0.101413 1.10342	0.00246678 0.0339640
6155	0 1	0.101257 1.09946	0.00248070 0.0339824
6156	0 1	0.106627 1.12514	0.00249388 0.0339754
6157	0 1	0.102870 1.12014	0.00249679 0.0339860
6158	0 1	0.101960 1.10776	0.00249513 0.0339744
6159	0 1	0.104210 1.11525	0.00248452 0.0339333
6160	0 1	0.100443 1.11229	0.00247916 0.0339220
6161	0 1	0.108194 1.12318	0.00244831 0.0338876
6162	0 1	0.0923725 1.09412	0.00243477 0.0338662
6163	0 1	0.112509 1.12388	0.00246755 0.0339299
6164	0 1	0.111670 1.11644	0.00245102 0.0338748
6165	0 1	0.113774 1.11140	0.00242608 0.0338208
6166	0 1	0.0987221 1.11032	0.00242225 0.0338013
6167	0 1	0.104529 1.11195	0.00241699 0.0338412
6168	0 1	0.0907219 1.07323	0.00242372 0.0339208
6169	0 1	0.120203 1.15125	0.00244095 0.0339937
6170	0 1	0.110742 1.11130	0.00244294 0.0340406
6171	0 1	0.0984069 1.09915	0.00244533 0.0340568
6172	0 1	0.0883703 1.09991	0.00243484 0.0340670
6173	0 1	0.105596 1.11032	0.00243679 0.0340539
6174	0 1	0.100699 1.10577	0.00243337 0.0340640
6175	0 1	0.100875 1.10493	0.00242451 0.0340726
6176	0 1	0.111502 1.10978	0.00243752 0.0341300
6177	0 1	0.0916413 1.08325	0.00243064 0.0341424
6178	0 1	0.0961918 1.11684	0.00245252 0.0341410
6179	0 1	0.117698 1.13590	0.00244631 0.0341463
6180	0 1	0.100840 1.13218	0.00243063 0.0340509
6181	0 1	0.103362 1.11409	0.00243270 0.0340643
6182	0 1	0.103718 1.11157	0.00243954 0.0340777
6183	0 1	0.0998753 1.10391	0.00240417 0.0340683
6184	0 1	0.0885618 1.08642	0.00239635 0.0340555
6185	0 1	0.0994621 1.10571	0.00238350 0.0340129
6186	0 1	0.100535 1.10122	0.00239516 0.0340364
6187	0 1	0.101257 1.09394	0.00237672 0.0339487
